town_id,total_population,male_population,female_population,age_0_14,age_15_60,age_60_plus,households,migration_rate
1,469194,114946,196459,32162,77045,45061,54505,-0.5
2,105581,202818,23603,97312,146318,4996,62298,4.87
3,197438,135813,75133,18220,231205,9340,80591,-4.21
4,305512,140780,199117,89326,8176,46834,68633,-0.91
5,217610,169763,157271,73991,10050,36356,68912,0.08
6,347802,76893,125717,12100,51750,42084,48192,4.14
7,64006,215586,166185,51312,282119,48412,87367,4.61
8,427910,72977,120500,26299,60573,34717,28067,8.51
9,298260,222891,53533,84394,173723,7728,35316,-3.28
10,159861,38248,121243,89125,61012,42736,28984,-1.43
11,164372,138391,216129,10254,231162,40028,85638,3.88
12,346316,189318,17280,32291,18556,18683,36363,-0.67
13,74961,104406,21826,72715,17315,42314,97635,0.97
14,394872,10132,56658,27320,128261,34398,61891,7.09
15,305725,23247,147434,28347,6989,37599,35628,-2.21
16,260466,193541,148625,84627,91108,35275,29655,7.82
17,112099,25346,194055,58930,54116,49302,40674,3.14
18,191627,192186,199991,48115,50360,33111,17476,0.96
19,261183,220346,52937,81504,44978,6639,40128,4.29
20,342425,181430,80675,75855,91564,34852,41289,9.34
21,217844,75263,245172,56166,106947,31406,45254,0.12
22,450288,21494,77991,70953,67959,1390,54251,6.66
23,270022,100409,225898,29565,288216,11581,47128,1.45
24,458194,225375,153644,41934,25985,11827,35580,-4.77
25,115475,161347,115909,92392,75604,23333,13760,0.39
26,222539,198071,25640,86481,14837,7317,59523,8.48
27,182768,229511,123530,55908,90916,2861,43155,8.37
28,313950,69672,82852,81133,72848,43774,40876,-3.9
29,150569,217189,234553,65956,223151,17966,27213,-4.95
30,367947,164386,232029,82016,74658,8773,31418,8.93
31,444633,95292,43924,5752,215325,30405,29972,2.31
32,201946,201461,94599,65576,292063,14372,35739,7.98
33,183258,176712,83683,26911,278514,5263,72982,5.46
34,217877,83795,72587,12497,35159,26782,77689,2.38
35,343758,57953,38163,88394,51462,19853,33247,2.25
36,290177,176219,154629,24650,238495,42792,78116,-3.46
37,491007,218267,94467,78713,163710,42700,61182,4.44
38,364390,15935,222458,83434,170909,30133,41001,-3.01
39,478477,41488,149493,29466,232569,12258,19076,-1.78
40,16633,146264,191615,83136,246356,36420,50266,-2.84
41,432506,164006,205894,64460,100856,19939,58186,3.93
42,67075,130637,43256,82250,69468,12716,78600,-0.39
43,83285,171824,122553,77979,19517,1469,7787,7.95
44,117588,176138,116664,97795,250660,593,68047,0.38
45,27331,177362,213917,35649,187492,39457,9303,9.91
46,183597,175635,194178,90699,242887,36705,26141,-4.46
47,211070,89998,137910,30906,51521,48571,36422,2.54
48,220607,35612,63071,79537,223572,37286,82280,3.83
49,198489,175572,37902,55459,199775,27296,89785,-1.22
50,246125,209700,99750,81224,294882,15480,93724,-3.63
51,36209,238855,144530,21828,189975,27059,64577,9.0
52,308778,138338,219818,4839,165442,36079,88374,-1.88
53,461531,131983,26028,67667,285543,17276,9553,0.55
54,223440,155825,227709,30980,285210,41265,71600,2.46
55,436648,83869,60005,85976,89490,32372,2801,4.9
56,498081,34774,17837,10724,214327,24765,88121,4.07
57,200251,41246,177746,73192,280173,42702,83227,4.84
58,49589,246447,234220,36159,277898,15410,6593,3.55
59,493640,203465,188416,41154,89926,47085,13809,-2.67
60,191357,29953,210967,61942,112494,14264,78931,-2.33
61,30128,14785,243494,53883,176074,32362,69126,9.11
62,178579,136731,82243,97685,204201,45204,77437,7.77
63,454813,23374,151569,11030,104278,8209,57318,3.67
64,18750,27019,203637,8308,84388,6434,93718,9.84
65,392742,132132,87517,25497,208429,47448,52769,3.92
66,420494,109514,223559,82838,12680,11199,68419,9.05
67,83484,49697,132712,11296,159669,49229,8494,9.26
68,305592,240606,4788,56577,295845,1863,3832,2.8
69,41269,30298,210797,48686,106637,9858,9751,1.54
70,209943,114871,7964,26863,172306,34322,92229,-1.34
71,458841,129411,43395,28232,296348,35418,64425,-2.36
72,58450,158318,170306,70785,61247,21081,13629,8.34
73,337050,187867,199917,72667,98593,8750,52281,0.79
74,160006,113503,69363,10328,60654,7521,1654,3.6
75,316115,72188,247356,94768,97263,14457,53018,6.47
76,484614,112835,98699,78517,194049,37374,30556,8.86
77,198450,45058,106653,76884,30177,7071,18660,-3.69
78,467631,98137,21652,28405,50261,40040,60877,-3.0
79,332247,129504,180062,20290,27260,13919,47978,-2.99
80,80349,217097,41876,35784,17376,13501,57339,6.37
81,438462,189885,226223,4739,180035,9476,73977,-1.58
82,200583,96317,30302,71279,70974,39658,5790,-3.07
83,351726,105563,127906,98694,218630,25511,30273,8.87
84,18491,165053,133594,88288,9816,42748,70670,7.81
85,76586,147365,145060,54559,131778,22894,60948,2.91
86,429936,78863,140993,38787,89794,18673,63614,-0.81
87,286291,186164,11172,68090,166319,18454,61623,1.93
88,441674,178805,51383,74318,14659,37114,29031,-3.54
89,271501,161456,233927,81694,247171,19200,71182,-4.16
90,363228,236104,140191,88706,76248,7050,94960,4.44
91,265320,22525,121381,23279,33666,16404,7043,1.02
92,420671,70107,33528,40109,118523,17472,75112,9.61
93,480501,194541,102385,49907,156156,45510,20444,7.32
94,10433,52352,204102,14842,217573,47188,23940,7.77
95,380585,61546,240615,20011,63664,8687,9244,5.72
96,430770,90735,47586,86401,297370,27920,68927,8.94
97,50658,195425,237361,95024,121892,8589,93487,0.46
98,57418,70354,116647,77600,222286,12372,75590,2.54
99,45395,213628,186823,48058,112906,36890,61983,-0.37
100,478970,172980,20996,7888,206713,18172,19082,-1.01
101,476508,3133,85135,55036,30615,19249,3041,-1.68
102,142420,70894,124077,38872,12259,9544,42442,-1.38
103,327716,82160,68993,58855,160690,34320,69768,-1.83
104,205524,244285,140787,13417,141133,7345,2975,-2.79
105,18272,27294,68293,93512,97315,33970,11747,4.77
106,202238,14417,108833,54636,126025,21988,42612,-1.16
107,182570,3198,71755,28332,286838,1508,8108,2.3
108,141472,225781,129798,89106,223809,29157,69147,5.83
109,424053,121571,4464,88056,196799,30799,61303,4.23
110,302006,199766,105214,19653,216494,988,5673,4.48
111,101264,235432,113757,38688,119349,41751,84459,1.47
112,193946,178911,166351,70379,5597,5399,20523,7.29
113,255856,12182,41469,57930,76295,40310,65538,-3.25
114,95468,127146,119994,54304,212554,16804,64943,5.95
115,321515,128599,32113,60021,262500,14228,21288,7.95
116,211804,198502,156037,80810,200989,37097,30852,-2.99
117,212449,54671,126665,40278,240215,34987,41486,7.74
118,381586,188807,137063,43324,63968,15114,38119,-4.03
119,355332,47275,56748,79693,224112,17508,85297,-0.21
120,343188,158474,176440,97008,115962,30145,37748,4.88
121,107426,14124,149149,98191,175184,40541,34898,-3.76
122,494274,45083,223838,39820,99168,4209,97836,2.24
123,52253,67990,205136,14746,285456,35263,48846,-4.0
124,108472,181880,40025,76621,156190,8894,86041,7.6
125,280131,20657,87241,40616,142133,21824,46153,7.87
126,263680,238697,179638,45138,137725,39823,29734,1.81
127,466066,181823,200624,33291,221552,13211,48383,7.34
128,126858,52333,7501,13804,113949,37073,37502,5.57
129,193587,12029,162550,32949,44223,49464,68072,4.1
130,292378,24910,222935,85352,106606,33408,93609,8.01
131,425922,91320,111331,38445,178870,6250,20609,-3.75
132,475230,108295,171594,73516,166583,13180,34612,7.59
133,362729,135084,121003,27131,207818,32168,53369,6.67
134,47838,125982,233794,1635,297340,11371,85516,-3.57
135,14344,99762,147372,64516,293188,20638,30606,2.91
136,306306,206896,220108,88312,2151,38088,89532,3.0
137,417320,94564,52086,96646,159584,29561,79674,4.14
138,265089,157110,106391,62689,34913,39575,54407,5.46
139,444874,194846,63052,75963,112123,1254,65808,8.05
140,371820,139712,191237,51334,144926,24106,43079,-4.73
141,470046,220544,156345,79878,17124,34978,34978,9.28
142,152465,126481,117419,14951,41674,8059,80288,3.15
143,345712,240103,73092,25639,22838,17610,83233,2.92
144,433311,132224,35299,3663,146636,12405,53827,-2.58
145,208436,197894,248628,30374,237678,21287,36529,3.82
146,92821,183702,117737,55084,23993,37904,79188,9.53
147,485360,56793,103327,19862,98521,9991,55298,2.55
148,468320,219660,88390,62375,151992,43656,77721,3.84
149,9199,155887,71187,82312,133601,43442,62403,8.68
150,307895,172228,26485,14729,205580,5807,26469,5.51
151,134234,186221,35085,8945,160984,42803,13315,9.36
152,105818,54741,39048,4208,87989,32576,62313,-1.04
153,398555,165354,5285,5614,54342,17464,43718,1.94
154,135972,11357,220109,30267,197396,35217,44971,3.41
155,399967,98328,175412,96783,145895,38617,48488,7.59
156,159493,24358,49366,48543,42554,42570,49778,3.19
157,419530,227737,137975,52363,110887,42695,21243,-3.23
158,396768,170285,12444,21598,131608,9292,14284,5.52
159,422226,188572,163356,96434,46506,12450,71923,1.16
160,91502,198715,117690,24503,242075,27654,57554,5.67
161,491947,238381,246291,32723,7543,31871,19333,5.15
162,380211,82885,23140,42784,253540,46231,70874,-4.73
163,357756,140224,233513,30791,271095,5237,48360,7.1
164,320845,219965,13226,43424,144022,10201,4709,2.75
165,235519,149594,119533,84864,212027,2756,54141,1.37
166,276437,154404,230808,30468,247007,20239,77130,-0.12
167,424392,92320,240241,91420,210582,18512,7656,4.76
168,153264,207459,130202,82640,140337,39868,10237,-0.98
169,431529,10672,39604,28022,52150,11325,36217,4.12
170,409138,24802,192131,28889,130161,40430,50353,5.49
171,13757,83964,175243,65089,90951,46965,6319,8.8
172,410767,199212,15717,50114,85903,14544,97450,1.36
173,153648,202353,197851,79832,277652,11654,23870,-4.69
174,131166,229544,113781,17006,256441,32917,26682,1.97
175,339243,225809,90420,24257,163424,20904,90290,-1.93
176,135035,114651,105635,35983,73442,9687,31837,9.37
177,240326,179156,247213,96271,153052,47980,6264,5.2
178,9379,100238,224185,14356,6386,1704,25179,-2.6
179,349275,94874,27268,4373,17877,14091,19126,6.57
180,321117,90336,184276,98735,74253,37197,53677,-0.35
181,51928,71195,2876,37559,253927,8124,30521,7.64
182,479828,172655,68972,26668,159057,2280,61818,6.27
183,427312,50145,19548,42608,13526,36369,71004,0.8
184,81981,206664,212202,41686,124604,18117,83618,9.86
185,178652,228759,75010,28559,203002,11297,48965,-4.38
186,307277,128633,116917,77022,259466,3580,64084,-1.55
187,306218,109402,96717,87461,131772,19019,20004,7.78
188,53863,28256,243281,60719,250476,21680,93356,-4.48
189,23828,66415,223217,44225,162500,17419,31560,5.43
190,218220,39941,107409,76061,180251,24700,78876,-0.94
191,299685,220598,64599,41095,277920,26626,27083,4.83
192,200424,179944,186784,20480,161237,22010,97759,9.73
193,57522,216981,23736,57214,164403,19554,54478,4.33
194,100367,144564,193488,16261,93256,25443,70683,7.81
195,335690,193674,134420,24178,112684,40689,76593,2.71
196,190645,183500,51065,87850,129054,30332,31426,-1.5
197,14393,69349,177908,64482,241979,1435,59567,7.21
198,78749,213872,227220,34329,219487,20398,46999,7.22
199,95351,38404,145143,25414,29028,41912,90641,9.17
200,110215,128423,239342,59703,232229,13632,25351,-3.43
201,42321,28431,19842,84147,214337,5063,35162,-1.78
202,180526,140582,194790,57210,128579,27143,30242,-0.73
203,242234,162893,216345,18641,131601,16510,38849,7.1
204,398197,28332,110939,28345,102054,37392,96747,-0.97
205,466993,156949,225433,15292,193581,12676,81338,4.82
206,64124,123092,148502,1229,171916,24724,10597,-2.84
207,52855,76210,69621,13333,66328,7948,51765,-3.99
208,301855,66108,241216,24536,119252,22169,18065,1.11
209,274827,74221,75064,74357,281758,30837,13217,5.8
210,317997,193948,162705,23698,292309,5422,52094,-0.39
211,376501,195228,23112,74046,152918,10223,60256,-4.48
212,193811,77151,7752,6162,30842,42401,74372,3.47
213,42083,208804,31831,78350,90412,27468,98599,-3.03
214,37610,38414,25375,73433,61002,31478,84647,-2.5
215,77054,49801,54818,26986,167157,24223,54795,2.1
216,439901,171147,75845,77414,67395,3371,6349,-1.59
217,442514,22365,212652,14721,177043,36172,93488,-0.69
218,342002,230258,17605,95012,198653,8709,65186,4.07
219,130235,93256,140064,71828,222604,42461,36718,2.48
220,108763,141058,53950,99690,292583,37763,36196,6.63
221,112387,80775,49339,67353,60663,26842,41635,1.31
222,162577,30992,152029,53941,263928,45614,84420,4.75
223,269531,47703,76173,56348,173860,10462,86315,-4.32
224,301166,8805,137511,64542,195189,23148,96160,0.61
225,67884,176477,151479,66485,70757,30360,84525,2.57
226,315020,167908,96552,11179,53813,49139,45704,2.85
227,422021,222990,46881,97507,131904,24415,91803,3.9
228,283139,152454,105874,81982,256024,9254,51928,4.83
229,56082,157258,190238,14050,157981,25528,20070,2.78
230,184280,2686,143019,50902,287949,37189,60116,-4.02
231,269708,10889,214113,63049,98103,48643,39742,-3.25
232,262214,229462,23153,33369,123679,48165,89938,7.55
233,293037,176421,35099,2505,231601,36907,45864,5.08
234,353499,125567,174843,59452,33654,25854,64229,8.18
235,434663,39070,235681,93404,125182,12103,96465,-3.05
236,348775,172508,3708,47138,129955,34630,57982,1.33
237,488133,226336,231228,92504,125622,3271,66268,7.21
238,187263,62411,124778,56600,292724,27068,29519,2.77
239,407650,44061,124546,53295,179945,12324,21553,1.57
240,180863,159300,8490,83975,135942,49039,15752,-4.05
241,168834,124667,87707,88262,204378,37409,98619,3.96
242,261653,49091,84372,25410,195585,45883,69282,4.58
243,253912,22858,84980,43304,246279,48023,6783,2.2
244,474071,44450,22186,83880,204764,39894,71464,-2.07
245,344223,42002,77220,41574,284540,47022,33767,2.66
246,468718,196093,248125,7799,87339,6281,59902,-2.98
247,381998,33822,205334,79370,79538,27482,11035,-4.04
248,261339,142718,49722,25351,99733,9918,64280,2.57
249,316605,84150,9776,96074,192507,521,91378,-1.53
250,29902,83914,126764,99505,227263,40675,27517,-2.81
251,35518,204634,141858,86516,63404,43043,58345,2.15
252,152573,174525,168989,34281,267766,28361,70685,-4.32
253,11179,186160,41333,22538,36546,5206,39670,-1.41
254,195052,244055,50948,28698,18228,46969,81524,2.65
255,322210,62265,127894,68564,294064,11508,98619,9.32
256,53194,205535,139814,26287,111196,21893,44652,4.55
257,450627,177427,115382,67994,95842,30174,85957,8.67
258,333571,14382,21669,51876,282061,42545,34961,2.53
259,368904,228511,159223,47191,117155,30743,37747,-0.49
260,476081,36908,114950,1891,177200,19508,74149,-4.65
261,240104,81193,47465,27182,278593,48979,71572,0.34
262,410991,81596,212283,47115,87438,25319,51801,5.93
263,237952,64377,119520,41237,93180,49861,24996,8.73
264,59104,184379,27160,70232,283708,29969,76827,-2.85
265,25530,31026,83924,35630,264092,17948,13015,-3.84
266,482146,137680,135163,81187,201022,4287,58345,9.87
267,47527,175215,63744,89771,266680,39678,51124,-0.2
268,237632,238808,101933,14057,71689,49353,46937,-2.38
269,115337,32504,73659,88894,230648,38792,36250,5.97
270,147066,143814,192187,61983,209340,11855,87955,4.0
271,176465,115947,240771,18634,163704,14595,71177,2.02
272,115688,191830,234157,94425,234486,47510,6111,-1.09
273,13755,152680,86331,2537,129577,28454,94012,-1.22
274,42421,135544,171438,98380,127999,38867,15841,2.73
275,392620,118247,203479,86653,255147,26223,88761,-1.82
276,172633,57866,224977,66893,78132,6972,90455,0.7
277,166898,153514,66343,48124,166616,11416,75237,-2.32
278,240207,210077,196172,97102,69663,39773,21068,7.49
279,353601,170628,77969,36897,61226,5869,53991,2.66
280,207648,51965,89540,56451,53908,40721,11347,1.02
281,243248,119383,248410,2071,77397,19986,89067,-3.58
282,403489,147455,35925,25411,166335,48348,12701,0.68
283,461051,135902,7154,93793,292375,1230,21008,5.85
284,57984,132740,225131,23691,136200,30896,86842,2.17
285,326225,141549,233866,92699,77417,28501,8008,-2.05
286,235174,34240,50477,67773,211869,39218,71237,9.83
287,174831,48953,207941,68145,287689,49141,29940,9.01
288,113088,214941,22521,70965,67971,32383,99287,1.61
289,143314,123248,171745,14295,246433,40118,37345,0.66
290,390438,165213,157977,20163,168788,34823,45614,4.43
291,279741,195859,8840,56055,109336,41828,45446,1.98
292,298689,109079,161397,82974,249027,42915,61941,1.08
293,363813,226533,242292,51272,236248,39731,18892,4.22
294,490031,175095,125764,40225,150863,45682,8846,2.29
295,69631,131766,165105,7338,61635,13728,52571,1.04
296,431647,238244,243343,76422,15668,10015,68558,-1.17
297,254059,244517,72194,7032,48238,8226,67349,1.32
298,383708,103610,193687,30012,63182,35282,49698,-2.36
299,175671,238481,86308,9124,47809,10203,20984,8.41
300,461687,190299,173610,60728,69844,45782,27043,9.95
301,53387,32758,148517,31721,264569,19463,32953,-3.68
302,109155,196482,179238,98349,214356,19634,62705,5.69
303,244927,227474,211867,64387,132741,727,68124,9.77
304,98862,43845,74736,6507,115608,12626,72969,-3.27
305,8755,224622,53731,76163,184458,40372,49998,0.83
306,206776,39381,68593,44505,12162,29980,59602,3.44
307,22688,154051,184422,27764,23441,33722,60014,1.49
308,409531,76751,39300,73623,213290,4024,1010,-2.83
309,305241,44065,76070,67946,193639,24433,7542,2.45
310,57937,239041,22771,41749,31001,49059,63402,6.7
311,431683,88330,133516,6462,81548,29305,55113,3.8
312,45341,108059,155212,40915,140449,47548,73533,-2.97
313,26066,181138,24962,50386,97262,26696,32581,7.72
314,475341,38602,230285,50381,161534,46038,97909,-3.42
315,189693,230165,242474,79075,237745,15410,97692,3.16
316,487511,229476,89668,75959,192469,13710,61003,8.96
317,289918,223630,191067,95871,71165,24850,11619,7.59
318,154900,222952,150360,37261,10784,43018,51883,1.54
319,12774,198559,76913,67501,74814,26973,17237,1.49
320,250422,20945,26238,76637,24700,38237,62895,-3.21
321,179700,220310,188494,80915,69793,33633,30490,-2.85
322,100820,5878,228590,44549,235318,27083,22924,-0.0
323,326247,196250,108320,99852,251098,24870,48537,8.36
324,157328,177783,200843,34467,12208,28680,73129,-4.86
325,80964,234185,34008,61496,83066,32221,60030,1.9
326,26574,185822,247316,74570,189865,48177,29652,6.1
327,186663,28272,209339,9244,195434,29708,66917,1.1
328,40471,91479,175246,98973,53962,10476,61038,-0.38
329,41632,203734,156950,35118,51514,6295,30195,-3.69
330,185381,204251,27965,6840,139399,23833,66304,-0.21
331,78989,7732,136305,24493,262011,34114,5552,6.85
332,470614,187253,217454,30490,141945,38944,6005,-1.95
333,32036,69789,58072,6916,123863,38357,87237,-0.42
334,475661,123186,93571,59331,78485,19018,71548,3.8
335,257606,163833,231926,14397,288376,3765,14238,2.63
336,417095,55634,176527,31471,130683,43079,61135,2.76
337,251965,13139,130830,23073,17276,11852,78738,-2.04
338,116967,74994,178707,85570,274176,48031,65563,7.19
339,31675,151641,66704,71047,199078,21697,60341,-4.24
340,484728,84079,248846,70687,53732,43828,37054,-1.44
341,111570,212486,15800,36133,270119,14656,35256,2.57
342,168390,164461,212108,83505,133825,47763,37005,5.59
343,185865,35613,132314,42027,245119,29269,25500,7.97
344,148115,33797,241451,13737,14944,12704,49575,-1.78
345,440853,29393,248494,37682,187681,15237,95885,4.63
346,481851,34658,48892,29731,284719,44585,30333,-2.57
347,210614,183964,242053,78230,158869,49103,84561,3.8
348,97606,93700,242245,10404,49293,36041,82682,7.7
349,108481,117380,80145,98321,129280,9312,17093,-1.06
350,272221,119319,70925,33744,185842,15526,92560,4.6
351,96725,207746,233033,8054,155810,2422,72713,4.86
352,333162,11184,239884,20677,2989,10516,22453,-3.94
353,66312,184099,224191,7297,161996,30665,29170,2.14
354,106950,11249,162255,97607,49044,34466,75582,-2.67
355,447504,109808,196221,46945,235034,35990,37459,-4.9
356,497053,189806,167572,9770,288940,35813,42859,3.57
357,118852,64108,165715,58022,40981,28229,40896,-2.7
358,495879,36745,227342,93058,71719,27405,61563,3.79
359,358960,125416,176525,22077,53309,18720,92170,3.59
360,266855,185381,225665,59583,54640,39536,18772,7.62
361,262694,245748,129147,6263,46855,48857,87955,5.01
362,438456,57503,201112,41653,254526,38850,21916,-0.24
363,89486,20201,227779,73978,274551,18033,61530,-3.36
364,183558,9794,218733,76839,277522,44449,30443,-4.86
365,272693,173869,29072,79913,226461,48190,96284,-4.76
366,130952,49347,58700,20135,104129,40117,49171,1.53
367,24299,131170,178387,98347,15132,34332,32640,-1.71
368,334007,54491,159462,8671,30424,3057,41745,4.86
369,350056,189364,49384,16811,216390,17705,29187,1.49
370,396771,84993,198612,43444,196192,46586,90919,-4.94
371,447345,13625,94321,65881,150797,47733,7394,6.61
372,284362,244942,225090,29955,119709,9503,93894,4.16
373,342719,181361,85220,54930,29397,30408,34696,-1.0
374,301239,82622,37241,41102,177987,42818,7499,3.34
375,285842,172528,124084,25546,108324,39011,87580,-1.15
376,259981,96958,66992,69259,70353,20742,95197,-1.38
377,15881,110496,4419,27123,18314,37158,20747,-4.44
378,182092,118327,204441,90016,161519,6002,88812,-0.45
379,87791,168599,165920,8324,22527,40467,6548,-1.52
380,35551,69187,84373,10067,113557,11485,67280,2.34
381,87687,101707,105692,16715,161373,8505,71964,7.79
382,310044,222202,105836,18851,283299,15457,59409,7.35
383,79170,235960,192812,60550,102692,22862,44351,7.47
384,453208,163958,181831,94198,89164,11478,91189,-3.49
385,261360,63901,191892,49466,18032,10000,61222,7.55
386,172898,235869,225139,45775,69576,42233,50114,-2.11
387,179685,211766,207638,85595,119433,11555,76978,3.07
388,50856,233346,199864,3492,93282,22562,41068,-4.03
389,499575,184442,166534,63054,14974,46378,33343,7.09
390,47426,40782,70384,73342,118497,17710,59055,-0.07
391,213686,55062,199066,71839,124118,8340,43775,6.65
392,362520,60181,43887,82621,180492,10994,43963,5.34
393,76854,159347,62836,26630,73847,4196,8769,0.36
394,435674,40869,28774,76100,209797,20005,44233,3.36
395,91879,196642,117233,96495,256053,42268,13882,9.93
396,456841,76924,62345,50214,151387,9369,78558,-4.62
397,58117,34247,184895,60023,29423,30891,94333,7.69
398,211740,41249,8613,95870,159061,32509,35576,-2.64
399,456896,7775,230776,41754,270390,26856,49399,-3.96
400,84830,63714,7776,48012,235607,34173,63405,2.63
401,160057,105824,147138,52065,237469,26720,95392,8.42
402,402226,240291,164682,66577,211754,20684,45686,-2.13
403,21655,12184,6262,2853,113910,35354,76152,4.85
404,396407,71248,139118,12090,245165,10871,26303,2.99
405,257343,71753,165084,81911,152170,40923,13832,3.01
406,376019,29878,11649,39582,153375,12282,59382,8.78
407,149902,195614,239716,49084,231133,3561,48727,3.86
408,462765,22951,172005,40878,41713,30694,5473,6.31
409,297119,66199,51231,96339,39271,28243,64291,7.29
410,27327,222525,28236,90380,269848,3208,95926,4.65
411,86260,133838,147445,39199,69297,47668,35242,2.74
412,250881,78625,82194,96302,179313,41161,88577,8.35
413,116270,166917,173701,96904,197895,31735,90704,-0.98
414,352655,80652,162954,39704,64592,23229,20299,9.33
415,401754,44864,195399,89712,170840,36158,42587,9.87
416,170926,148075,30247,83189,236555,34960,14479,-3.31
417,51927,246587,90084,30977,66446,10973,91450,-3.08
418,132567,201292,14511,78056,265590,5308,75768,1.45
419,201826,215755,180529,17174,218144,8964,75237,-2.03
420,145634,42512,107682,71085,3154,2946,51919,-1.87
421,425763,121090,106891,32396,157164,2516,47280,3.58
422,477222,248618,11348,2142,64190,16006,77513,9.39
423,192648,54988,222631,92541,26713,40905,12060,-4.51
424,465493,147600,176268,75508,35906,14201,2314,-3.06
425,226398,47829,48451,23764,3217,49740,26567,-1.19
426,471090,226748,4407,36064,70636,44407,43958,5.39
427,178858,106809,249329,30432,43634,19380,2326,4.52
428,168626,235506,158539,67264,72173,13981,70019,-4.01
429,468496,127635,68135,74697,43015,37263,35861,6.92
430,105086,111596,28832,79845,236568,48963,44391,-2.7
431,76675,93646,17312,85590,173169,7044,66222,2.37
432,57043,24129,165336,15413,11708,24980,33429,9.4
433,49899,74679,71884,70165,201256,46172,32945,-2.86
434,136236,205536,76944,57451,199320,31758,16725,9.45
435,33605,116154,248133,32293,44383,11121,70996,6.69
436,222903,141793,32237,43568,181199,3284,73929,-0.64
437,389125,87101,119628,10693,269206,18856,13746,-2.68
438,490116,18047,243568,8498,213274,23919,89061,9.65
439,6005,198092,23038,98272,18768,35381,76119,4.39
440,172279,220743,85420,91981,186305,29061,59034,-4.14
441,253775,103243,213140,48059,270327,45069,72393,4.03
442,161720,170838,155961,64726,182343,7502,13191,1.88
443,403054,184030,16466,19874,135330,41833,92764,3.04
444,207767,49559,199416,9943,144719,11213,62442,-2.2
445,96973,94298,247031,69395,297518,31068,18795,-2.25
446,219989,151105,152521,71509,249389,42067,6296,7.92
447,216801,24056,137822,65255,206041,14361,12191,2.49
448,385844,179091,116331,19266,108436,49887,75931,6.91
449,132181,218596,248356,57509,219816,46329,50897,-0.46
450,107373,232311,6125,76480,225306,11979,51423,2.23
451,205665,93961,90198,87582,179078,12812,6729,-3.31
452,375692,222564,235507,21762,138531,46321,28737,-3.1
453,97232,83576,215738,10237,95370,31477,97109,4.63
454,196235,134117,82111,2053,171662,4972,49793,-1.22
455,116094,69849,219436,38347,176178,34490,15644,1.81
456,203971,187939,119450,38518,163106,684,31066,9.92
457,16380,191679,41312,70286,106354,1547,73779,1.21
458,50412,82302,193868,17047,25612,3850,41545,8.92
459,28349,185060,5856,71788,8423,24461,74813,4.26
460,388636,197005,14765,19724,3915,26144,22421,-0.24
461,227568,51512,161448,87109,155267,4552,64685,9.24
462,97286,189082,134721,75031,210085,8418,88120,-0.8
463,258013,104375,116421,39172,6040,46202,22061,5.98
464,174031,18787,111082,86936,93727,5972,7729,-4.06
465,123660,161776,219320,99336,267140,4374,46792,7.36
466,79580,75963,151103,22657,152824,38665,57212,0.69
467,109921,203049,139715,92766,189804,25100,36780,4.14
468,14577,247872,36311,54908,251487,41150,97110,5.61
469,476898,58122,229789,99458,81968,10154,97941,7.85
470,65859,142703,115103,94513,206702,20995,73952,9.18
471,342603,124222,188073,55227,141879,17344,14275,8.76
472,105405,196361,205885,10734,185500,39083,69460,5.49
473,258562,108565,104331,57321,232580,39776,69898,-2.43
474,58480,147935,147351,58440,296442,3252,78636,5.39
475,206082,207804,92843,37648,182739,35030,50349,0.45
476,145714,227860,223965,5158,43547,48614,40751,4.32
477,227722,82050,91652,53157,28364,7941,74536,8.52
478,321119,199279,228327,87085,28184,48477,14698,3.83
479,85555,69728,13828,42958,250207,36671,44795,8.45
480,299287,154363,219339,46854,289089,9614,96500,0.01
481,28146,242264,109391,5555,291090,6723,22357,9.68
482,271444,96041,84287,3307,164828,31591,97389,2.09
483,105216,153755,182608,4742,73564,9849,80436,2.47
484,147730,137112,168556,24029,54006,6497,35567,0.53
485,495789,242723,20698,47306,246733,27175,90065,5.64
486,399415,75968,30511,59190,172445,12415,58633,-4.12
487,41979,111471,68983,26694,198397,27245,89137,5.37
488,6330,66135,116192,91299,273190,9944,62605,-1.87
489,193249,202995,222861,99260,172323,29476,67094,-0.2
490,420280,38049,244349,23492,196554,4093,7502,-0.75
491,238351,128933,240711,79792,167916,3890,30569,-0.47
492,238155,139355,144159,6656,236074,47224,52169,-2.79
493,283753,24073,249384,50186,7826,1012,86589,8.23
494,162744,157090,55202,84293,147316,36748,1232,2.75
495,99291,35054,115486,24806,42083,25475,46124,-3.88
496,41921,220460,132633,60257,216328,796,16254,1.07
497,380687,205947,31583,55269,133352,1859,21391,-0.68
498,367120,32702,197951,84657,268477,29650,55330,0.99
499,46057,139891,72539,61577,297677,10147,58148,1.52
500,206427,48064,111982,36885,89350,39293,89428,7.35
501,313128,74849,115344,92660,61362,38044,23561,4.71
502,275793,7423,111933,11297,142481,46873,91807,6.88
503,160354,57590,186026,33388,205765,44309,60803,3.33
504,279194,218739,157232,15956,248034,24177,85257,0.41
505,431423,116942,231597,74498,74551,37386,97467,-1.71
506,440582,121142,48373,33632,83002,26263,51548,4.6
507,32392,192094,97568,5206,254545,8585,42126,9.82
508,310000,22833,100647,17259,72795,21927,15410,0.55
509,432856,11450,191184,69753,176749,35575,20131,5.04
510,225843,26968,94077,63609,200375,48384,12443,6.23
511,79166,200487,237244,62089,196740,4695,70791,-4.27
512,427311,57740,51785,72433,166411,41679,46430,-2.58
513,196206,213712,236377,80014,113766,25096,9024,0.28
514,454676,54207,128609,3849,109309,36351,85734,-0.41
515,234917,81113,44227,30093,105095,7568,96416,0.99
516,314971,14812,69238,22293,41820,41749,38866,-1.27
517,383081,134441,194319,84570,263185,2569,1044,1.68
518,349322,10550,92817,85424,142235,20299,74279,0.8
519,296077,159309,238916,7541,90693,48084,66612,-1.25
520,397931,188133,234373,31637,296126,25414,91277,5.57
521,307649,81074,246930,9258,270969,31911,76383,0.26
522,260995,8531,25912,97034,208013,736,28282,-1.63
523,367587,163869,56029,69663,40223,15247,85902,8.03
524,40766,102457,200411,66163,249464,45894,83394,9.89
525,489320,231756,44221,21360,177630,1576,7756,1.61
526,112686,207409,51387,65275,113572,1754,23879,7.12
527,246513,108185,90853,87777,256579,41707,88007,9.84
528,51354,171772,178383,60886,123930,30675,27969,-2.08
529,58209,60445,142280,96931,203461,9000,70117,8.63
530,432750,115794,238458,20510,240601,47567,37249,4.48
531,297551,245027,156707,89351,241238,7772,28892,-2.68
532,65792,204435,39616,37890,74600,43242,87436,5.39
533,486248,50915,117572,66427,220479,36057,88192,2.08
534,313599,141275,211269,42021,138462,40367,68710,-4.81
535,485669,96778,123833,36655,194513,39203,46881,-3.89
536,113832,205304,151478,97660,138954,30992,64189,3.62
537,116163,134066,167605,24194,227526,46475,2618,-1.35
538,390300,149805,94908,59303,247127,24682,7030,4.78
539,62033,238004,89570,4160,180815,8344,42964,9.09
540,303864,8683,17368,80831,50103,22844,25629,-0.8
541,162515,103751,158000,28107,285259,7342,47281,4.16
542,395798,242889,211446,95282,286703,32617,33588,6.24
543,479446,16390,113849,94171,100557,28046,35783,-2.62
544,129975,170711,125362,3772,78299,23484,74943,5.24
545,143076,223422,136820,15242,23607,49329,59123,7.71
546,189342,59266,131727,83264,51476,23481,23884,-4.17
547,106835,174611,118235,55588,197775,41056,46692,8.87
548,453165,152785,89114,46798,166594,32884,1958,-4.97
549,332643,172797,130558,49212,92616,19665,91206,-1.2
550,65468,212448,10722,60266,270225,34207,7774,5.36
551,390299,48190,213689,9898,298690,48150,66823,-3.6
552,49731,47393,58721,96331,154596,23019,25908,4.4
553,83079,209801,40892,48887,66604,5946,63993,-0.3
554,152434,45446,201229,48910,263434,1540,68589,2.7
555,430925,181718,184075,93972,185366,42680,74419,8.38
556,43797,228036,155338,50378,270614,34789,37845,3.17
557,401879,53711,106522,15480,183067,37312,52156,-2.05
558,491096,48153,160070,85731,70923,19906,44688,-3.82
559,47854,53596,156720,80318,145634,41218,63490,2.14
560,427239,235280,36368,94092,56962,37509,56080,2.0
561,277948,222921,69418,49687,233340,40347,4461,-4.07
562,230758,193040,86770,11911,108249,29868,67198,6.19
563,329862,206649,140794,62165,61235,38033,54566,1.38
564,161242,154344,129780,45592,23636,19518,16959,-3.97
565,304809,153684,89101,50614,188059,33610,42668,9.86
566,425704,5412,219786,57447,232549,34354,34407,5.56
567,92073,191146,110572,92095,133850,29012,95841,5.61
568,185122,131420,205940,30367,161300,14493,32408,8.91
569,248882,41700,64117,81842,201613,27456,23508,-3.82
570,422396,91522,122939,34685,34254,42529,13010,-1.98
571,194945,233023,154741,9486,164060,38601,4939,2.25
572,14621,185509,144752,40554,106127,47933,95400,7.29
573,176373,176424,50817,61200,253644,4367,11522,9.48
574,141047,222758,27967,9732,184661,7135,39780,0.65
575,161675,120815,114661,55348,243563,8880,91968,1.85
576,237024,49112,30961,88783,164104,22425,77712,-3.6
577,231272,193323,197072,18623,6739,48129,93436,5.21
578,391379,206002,50966,27146,118545,46767,23073,-4.22
579,8624,136144,82314,4824,265724,10518,63007,3.61
580,283178,52172,124850,73474,169903,4419,97851,3.62
581,164777,29518,110894,48245,251502,32815,76615,2.84
582,417545,14896,132434,87753,255147,25226,71147,6.49
583,222741,231565,248937,37117,152614,44069,68887,1.91
584,70008,49897,8481,48067,76450,40835,89018,-2.21
585,302624,201426,131841,34267,96851,46268,26920,5.98
586,457288,142449,16059,65470,181398,9390,5444,1.47
587,149279,32612,145218,79559,9660,2595,1742,7.07
588,124694,167141,59899,49505,205659,41097,33843,7.02
589,428004,20922,148311,41938,275240,13654,53479,9.02
590,378739,47558,111767,96006,74439,45122,63945,0.84
591,147803,245131,62657,98044,58435,15293,4026,6.73
592,317368,111761,72359,15499,164076,40506,4832,-3.35
593,28070,248068,34863,32875,86954,29767,22249,4.52
594,426964,223477,51857,57181,64579,45297,59074,-4.05
595,355029,32333,11015,80484,170121,29123,67937,2.96
596,438531,96189,221745,1134,216671,39683,31449,7.93
597,176624,63028,10869,22470,20765,37003,78973,7.82
598,193133,148381,69114,90109,146237,37334,53022,0.56
599,187281,213514,205754,97975,58702,44635,59151,0.09
600,73022,140679,172653,62942,90338,10717,95913,0.16
601,235512,234364,130876,3264,150583,37754,36603,-3.55
602,111614,89558,46685,88397,129140,43726,5633,4.07
603,246991,208502,142642,48922,257680,38660,13522,-1.01
604,53946,82486,8896,6246,190341,16288,64015,4.69
605,113977,159763,35004,77566,76792,21590,35200,-0.83
606,250412,117769,36504,9850,251722,17545,12108,-4.52
607,381827,236747,196629,75940,37204,22481,59547,4.03
608,143142,14034,96239,35294,152041,8495,89113,-4.21
609,13964,41267,162363,68121,99580,890,31925,7.85
610,23354,41595,185016,77737,20205,44204,17563,-4.92
611,471142,220602,72115,76712,95659,45996,29781,7.18
612,456744,132558,50544,79937,220745,25669,54625,6.08
613,281298,120499,38808,82650,286745,43583,25426,0.3
614,130020,160483,179937,43683,112390,18072,87845,-2.79
615,320568,75347,37577,14861,267351,42978,8658,-1.53
616,364463,44717,241452,58639,122237,10953,98137,-3.31
617,388512,81079,74435,25947,158689,17271,42417,-3.72
618,177180,30648,119456,55391,55259,5048,4452,9.43
619,421402,138968,57989,22608,226975,31672,29739,-0.72
620,185695,224989,108012,46045,14537,47572,67012,4.01
621,28868,28515,246610,93363,53445,9100,11571,-0.24
622,307260,227974,56682,15740,45116,2021,45943,9.62
623,76191,38734,193902,83673,98235,33678,29245,-4.21
624,213434,139432,146068,82045,203631,37572,62004,-4.1
625,168416,183563,204343,39424,78255,32193,14916,3.55
626,399342,63691,35337,13893,187201,15952,21374,1.6
627,235008,172920,247750,22988,177914,31585,9175,-0.81
628,257535,80956,198427,58138,164269,27019,4970,7.79
629,162374,241896,48917,25213,241413,12030,3373,-4.03
630,418534,71542,18995,13627,154508,10899,90239,-3.48
631,464528,177603,98790,68818,265123,47100,19040,4.23
632,179673,160527,136831,57643,255799,17942,21140,5.64
633,109184,145666,204444,76257,115162,46749,52005,-4.81
634,32035,240520,207763,17493,8677,34577,15550,5.84
635,403964,115299,92547,18434,201885,36705,56830,0.83
636,225215,49393,44084,17331,193109,5713,14330,1.99
637,94319,112650,153082,25861,206163,12365,42309,9.85
638,367466,81954,195476,44099,232047,27736,73112,-0.52
639,462737,102343,76408,90477,102834,11811,56930,-2.07
640,184619,154549,201438,17870,202504,37728,61936,-4.12
641,111110,169605,176269,41124,228318,41534,9276,5.83
642,201481,207081,88586,2452,218679,24240,37599,-0.25
643,304204,101106,93366,42176,50642,17161,56052,5.54
644,247436,4964,240964,93399,261924,2487,5485,-1.1
645,56072,134615,104126,70608,244620,31731,93485,-3.18
646,207501,192853,63070,3035,93335,17132,33086,9.78
647,258862,173941,191504,22703,201295,17944,48910,3.83
648,141216,216052,139624,82877,207655,11863,36301,3.4
649,140203,18508,136801,12498,65095,32241,55415,8.35
650,438171,95632,62001,19965,77318,29423,13187,-4.95
651,187347,50043,141630,18702,83265,15563,37315,-2.06
652,270494,33039,201542,92579,99481,9683,2696,3.63
653,167299,117657,21055,1502,211791,16596,4248,-3.41
654,420865,109847,71628,43687,200490,14944,63760,7.92
655,341852,14640,93688,44290,223238,26388,42583,2.25
656,169713,196310,213589,12203,261944,36944,86278,8.65
657,423366,243655,142315,27954,175110,44231,98813,7.94
658,406481,143109,160667,7686,217761,38838,36584,8.95
659,309104,83879,156217,14988,242931,33577,8043,3.08
660,66049,184041,176986,55379,27029,23830,53712,-2.47
661,141127,114782,43091,44111,215511,9306,91008,-3.43
662,208928,121109,40972,66059,216249,4198,36239,6.69
663,479500,138982,100058,40517,168273,19326,97191,2.78
664,142553,120280,92794,63134,258670,604,40031,-3.18
665,379101,132442,6604,68527,110793,24343,5994,5.55
666,83910,247764,197581,90524,107333,23409,18967,4.41
667,163894,209467,63851,82912,67333,12989,97637,9.88
668,183444,64073,235849,68913,259797,40661,17936,-2.8
669,136037,150664,90325,90062,245428,1621,7748,-4.4
670,177061,131402,26419,40017,70272,39943,1778,-3.8
671,109213,24495,209912,97792,128368,12887,21754,-2.74
672,264194,46229,178879,77660,98829,29388,45737,-4.12
673,208611,30455,102149,57123,3891,47188,21928,-3.02
674,358212,204592,152396,63304,240173,35272,99315,1.27
675,313725,197911,155530,55409,32814,36658,28139,3.06
676,491432,87384,61568,96652,17228,19023,40509,8.42
677,107794,207253,128871,48154,221408,48683,63937,-1.08
678,159942,150229,42708,53469,297530,47615,19490,2.68
679,87821,191639,38024,29851,44605,35198,21332,6.03
680,145983,187374,180386,68302,117748,17548,13684,1.33
681,243568,154319,146797,48658,17363,26925,96661,9.56
682,121706,66553,173416,79809,180316,42348,83788,-3.0
683,376184,60232,63228,1807,61723,42107,78331,2.81
684,485738,49420,64262,76290,152921,37053,28622,3.73
685,177174,216710,134953,77490,240301,44399,86927,-1.37
686,28409,142720,184981,20238,214448,26954,30121,2.32
687,81198,225301,181962,65531,136078,16655,63558,9.76
688,469360,204165,249547,14049,222919,27777,31120,5.15
689,468116,37633,91540,85784,170550,27004,36429,2.22
690,427114,80569,117939,15833,283343,12771,35569,0.76
691,134277,218676,193289,7826,30902,10692,11027,-2.52
692,248843,205063,17624,59380,6678,29495,71579,3.67
693,462469,136853,29218,22719,261264,6353,76220,6.24
694,219668,199478,69143,23251,153947,13483,61063,-0.31
695,116388,142243,211789,39739,39995,763,8875,7.45
696,482301,23308,33811,11749,179594,10413,65946,1.33
697,200898,145678,75292,38566,275079,9019,40739,2.87
698,330012,61302,74484,89378,25517,1404,26367,5.59
699,329270,23073,137396,93824,283505,9979,13238,4.0
700,118067,63374,153082,78312,139318,27900,86590,-3.56
701,330199,103412,46237,21036,299968,12266,75258,6.53
702,46156,196800,26509,21585,139617,47018,79011,-2.58
703,370881,249071,18495,56305,105704,18279,23975,-2.75
704,215522,114622,56838,86749,168714,21918,6802,-4.49
705,50367,67879,120253,48398,184535,18655,52037,9.79
706,24938,31970,161776,16858,218735,21062,10480,1.38
707,26120,21683,39209,30050,6237,48459,46013,-4.36
708,159781,113719,212966,90510,180864,39008,85135,-2.84
709,186489,238415,12647,72835,235569,44152,78028,4.74
710,309039,52027,87424,85871,161282,6535,18820,6.41
711,80766,186590,201528,47181,4604,28009,13726,-2.05
712,493161,83474,76025,75199,299903,31774,29620,2.03
713,311663,193430,24638,34135,142113,32082,47138,9.55
714,192794,45697,145784,71873,70491,15432,2677,4.51
715,464118,168943,163197,70177,61627,10802,35570,3.35
716,148767,18143,116644,28741,60841,37713,12261,8.38
717,307788,46368,197175,26784,82808,22616,11645,-4.71
718,427868,34131,88897,15461,163968,9943,78892,-4.83
719,222406,167637,88432,95411,245281,17644,84852,1.66
720,361222,121065,154149,34126,70725,21765,90571,9.04
721,391421,174731,182459,59298,162263,5214,87269,-4.92
722,323218,143034,64812,12417,221710,6239,83451,9.52
723,350199,204033,19368,9826,45169,32381,44087,-2.87
724,410179,242076,153482,59196,218534,5835,88819,-3.83
725,11726,129385,221705,53349,67678,43808,19037,-2.9
726,410915,53829,73169,56524,136906,43292,68815,7.53
727,260484,91049,95113,85652,156973,10693,2142,-4.32
728,279137,36327,237598,45665,217777,6375,54430,-1.4
729,417845,69629,118405,69410,284017,43281,92624,0.9
730,115339,50594,163286,26913,289745,23632,10637,5.74
731,485907,244081,81197,92469,105130,24595,86420,4.13
732,104839,171537,15756,38240,285188,8105,74285,-2.45
733,319648,135151,187028,97379,248380,33328,99433,7.69
734,486016,79580,30581,18660,217010,31189,95378,-2.31
735,266495,134668,6072,65465,39213,24358,2736,-1.83
736,100038,144211,24577,1906,245945,4335,70607,-0.61
737,348153,145012,68127,86125,43149,34710,10249,0.43
738,278474,75265,73513,53966,245643,44378,55096,-4.52
739,259867,100507,244530,22952,223356,26590,55715,6.03
740,134118,186484,84881,27553,243187,34211,17090,5.57
741,495844,231244,243743,66999,101025,36684,11740,3.66
742,43162,157893,245379,57947,290908,44262,29013,5.94
743,473675,175096,49932,92767,211783,19904,17582,4.69
744,243188,212540,216680,74655,177858,4317,48953,-3.45
745,436653,166885,244917,97380,176694,11879,7431,7.3
746,451374,120924,160348,98022,31013,3005,16720,-4.59
747,449784,38189,229165,80426,271115,29323,85388,-1.96
748,390479,248648,33112,27901,19856,23767,15799,3.32
749,281764,150760,80178,24755,135550,47063,1801,4.43
750,137274,220478,189686,30700,244947,36298,56230,-3.32
751,191790,38808,210604,5128,228639,6408,51385,-1.92
752,439117,158757,240503,74215,118822,12225,19136,2.35
753,97035,179188,53359,9147,288751,34916,50193,-0.8
754,314102,167168,151853,55058,163830,35060,45383,-3.39
755,255611,123815,52027,56006,287346,46977,87054,0.51
756,92349,233511,14053,91779,277323,7639,47630,-4.25
757,357227,152086,50280,11928,162383,20815,23992,4.59
758,195369,244994,128216,55077,136872,11940,92672,7.18
759,94582,107086,55459,13592,281867,48461,42012,5.82
760,185365,203943,207087,10527,114105,23180,84718,3.68
761,465613,120475,176694,16096,145141,22977,10452,8.97
762,492195,181982,104430,52970,121570,36930,63789,7.67
763,465131,102560,187849,25465,268088,39776,49430,4.16
764,341924,40527,69893,53838,143295,46959,98850,8.58
765,426602,45415,165565,50604,276975,7212,55661,-0.3
766,168122,200749,244235,92711,245398,1841,80672,-0.4
767,433206,166722,12531,16218,102912,46769,15349,-4.7
768,313598,181665,145407,37481,80819,9540,96434,4.02
769,376969,44642,155831,51387,257646,42228,20202,-0.51
770,433851,218758,72376,48936,10548,45137,61614,7.5
771,191610,39227,67825,96154,161086,7467,84290,4.19
772,384225,182480,65792,66783,274794,11238,40884,6.26
773,465491,229512,176835,2317,146154,37722,85496,-4.28
774,128859,171339,69593,72950,194522,29269,63239,1.25
775,312402,160134,101351,6935,170880,13872,76385,5.99
776,345968,107906,36855,43883,144212,19383,63182,-2.35
777,179583,190768,176329,32733,32122,28644,69171,-3.89
778,350554,44907,204257,67414,253539,9679,36155,7.53
779,311677,206927,186769,47309,26719,25915,65561,-0.97
780,154326,37780,230921,4751,92809,37467,17917,4.52
781,317473,221630,151461,7804,290591,22240,63087,-1.5
782,13410,194605,205581,53085,218131,5182,79468,-1.45
783,77870,19448,155256,61329,110103,29750,14251,4.46
784,276739,248869,164504,64034,259501,16073,90125,-3.62
785,378195,205531,112259,20519,231187,2741,92961,-4.88
786,332545,26206,116067,15805,44839,48437,7889,7.88
787,264601,162612,58511,35237,51773,42515,15546,4.7
788,163503,196325,60255,33181,43680,29947,37164,7.9
789,42311,30918,130113,86356,138643,18855,48933,7.66
790,249434,181297,114032,90866,286697,47253,78562,-0.9
791,204676,218822,17256,18889,15896,5107,63687,-0.55
792,21087,70922,69601,17339,171118,32583,38184,8.23
793,43953,3602,49516,71851,112924,33051,64303,5.65
794,292121,191355,44236,27211,163563,8350,88424,1.06
795,65223,236997,202072,14759,190345,7126,4247,9.54
796,256816,135333,29253,57921,227703,32373,7840,0.69
797,339016,150399,141608,21529,118093,23791,20266,4.83
798,457053,175873,26558,67105,129020,18137,68016,-4.34
799,22667,193564,71078,70812,160803,14478,87529,8.19
800,300371,211790,181179,1090,285229,17122,64209,-2.29
801,56455,229314,55727,34327,182447,42506,87967,0.2
802,456197,31083,204039,78607,90495,8312,36801,1.59
803,480942,42905,41018,67681,177922,28273,1084,-2.8
804,38021,114916,169062,38149,119954,43306,12002,1.04
805,236682,219464,24095,92678,43662,5834,47431,7.8
806,238593,118721,75640,5108,106843,25303,22353,-0.99
807,498990,146174,2563,18879,179574,16689,25636,-4.88
808,357967,174039,53793,11806,44383,44612,53192,-2.94
809,386131,241881,135240,2581,216213,19064,35849,6.55
810,202567,243129,173477,95505,48199,1314,13598,5.19
811,125362,12182,199375,88993,208888,16098,62019,5.71
812,452432,195659,21839,25876,274155,5157,10737,8.28
813,498868,57774,24024,86071,133864,2014,77853,8.64
814,487449,107958,178626,46261,74666,33140,74992,-1.91
815,358047,127055,226261,26179,34584,26688,32212,4.75
816,145443,126239,23445,7793,219750,2360,9700,-4.82
817,323448,28446,154262,83976,186017,27161,48366,-3.05
818,377036,27195,4166,59890,267948,24325,96280,6.24
819,257348,100145,214717,95525,227729,33025,17472,1.63
820,477642,147816,106531,69581,246874,11719,52517,2.45
821,442566,117184,206259,94451,60306,6195,40753,1.09
822,189321,140362,20064,8442,68785,4819,27605,2.48
823,417320,87840,117462,73665,56873,10366,59943,4.97
824,63091,156471,112994,11111,46866,13854,4507,1.93
825,496205,239849,83522,90569,28804,5015,31902,-4.02
826,77001,188860,67106,58841,7777,14549,5023,2.02
827,342283,246493,56688,77315,104625,7214,26535,2.29
828,392739,58048,221802,13389,95472,32163,6998,7.72
829,386992,33846,29243,10421,66394,29486,16015,7.25
830,79671,102472,152994,38008,191012,32436,54878,4.48
831,139521,226275,184070,32360,148963,13466,51024,2.06
832,12352,67308,21620,1892,293625,49250,57872,-1.96
833,476396,71983,84138,5139,143420,12921,27688,9.34
834,209625,214357,52560,27935,213471,44655,63150,0.99
835,359838,112984,68629,44411,51207,35227,3003,0.85
836,360761,104750,211917,85004,253380,39678,42525,1.86
837,109924,30488,44579,36879,200574,46642,17845,2.38
838,142024,245875,67986,6168,166317,30884,83546,0.14
839,53739,166349,62137,59798,213402,45460,81058,-4.5
840,47195,57758,161580,50585,146539,12804,18240,1.92
841,402025,213992,28088,96428,252968,1036,82231,-0.45
842,211152,204956,47971,52804,143141,32303,60757,7.94
843,216001,32960,75932,49864,236626,15153,86290,6.91
844,233807,89485,220818,14926,209250,31945,80911,0.28
845,440743,220739,64001,79313,248806,26969,12344,-4.1
846,148059,103587,153735,25860,175325,9432,36063,-4.09
847,375380,63459,111580,77655,119660,37625,76467,-0.57
848,391277,176067,76665,67678,169086,25521,41331,2.9
849,479158,135545,113933,79183,163826,13074,11844,-4.9
850,188001,73610,97629,87760,219541,11700,88498,5.77
851,275702,197783,126045,4895,188286,11932,81901,8.73
852,122843,175601,93007,44845,110556,17562,93219,-4.94
853,190413,4970,245400,32416,117292,40751,46267,8.81
854,272039,171925,57160,1668,115166,21875,22709,5.58
855,54067,9679,67754,50012,213640,31705,1419,-0.45
856,346140,174774,155564,43234,137082,15988,87490,3.08
857,192909,92860,115782,41404,158756,27196,3813,8.91
858,58170,54039,133579,54767,176309,22961,91150,5.79
859,351391,115692,196988,11975,271951,17121,57111,1.07
860,33434,242688,91928,58404,205375,25503,80095,-1.21
861,206465,88510,7663,64455,273637,18930,3436,-1.3
862,103710,218959,221016,28573,169390,27121,56586,5.83
863,366307,223846,62259,52056,117946,27305,33430,7.93
864,493163,17274,143614,26777,72887,5478,28939,-3.46
865,489885,72151,213461,81304,74603,9858,4360,9.47
866,220602,88297,113833,77068,138333,32075,40062,1.15
867,45033,105349,64595,79225,106294,44436,24304,8.77
868,184112,113133,7387,3883,183703,46384,6286,1.64
869,402232,152027,82190,91432,248858,25416,77806,6.44
870,435245,25425,29764,22681,43003,28458,21193,-3.46
871,469838,164304,107804,38493,249268,33911,57736,0.06
872,238059,234559,204195,87090,274468,19959,61931,3.99
873,218175,189328,130949,38144,4399,49014,56155,7.38
874,415277,135707,45459,93890,153944,15587,77921,-3.88
875,178715,197101,81822,8429,159670,5017,18961,2.41
876,376473,146390,189200,82582,62738,34191,55151,5.61
877,474020,99350,127784,40552,9473,21159,42522,2.43
878,213230,241693,159470,70305,273559,30725,16061,-2.03
879,215706,87076,243338,87242,132034,36880,62417,9.96
880,371824,166123,149076,87220,187011,45448,85935,1.77
881,472252,78283,120902,92779,39109,26376,45455,6.45
882,248934,62510,176772,60606,262174,29148,46168,8.75
883,10436,160797,32580,53777,158046,3831,60603,8.72
884,15719,45809,154873,50353,93640,24431,33081,2.29
885,134009,31397,73579,18360,62987,16472,25395,-1.6
886,402993,175656,35303,30131,173277,22110,61936,3.51
887,453741,67937,41963,1393,279149,25908,22446,4.24
888,236702,163199,227897,16279,266807,37231,94773,-1.11
889,467411,112829,195338,49280,247455,15352,78722,3.9
890,202459,97620,248444,90896,258799,33139,23542,7.66
891,294016,149070,207451,81651,202521,33913,79903,1.67
892,178541,28930,174242,37068,80951,3401,80186,-4.89
893,57475,14498,167887,82624,153330,1226,37409,3.71
894,94402,188758,41267,29712,75902,21242,47879,3.14
895,362884,116789,78597,98968,154082,48385,32613,4.46
896,439708,212910,41056,6391,98646,32331,48878,-1.63
897,92797,71200,242201,83276,145652,4938,34173,-3.96
898,211787,147243,121310,66082,197979,10254,84841,9.17
899,350243,52844,23942,28766,227254,40729,97582,6.16
900,94556,109659,13417,50047,272271,49268,64388,8.87
901,73842,6355,190107,79475,71559,11579,83805,5.78
902,39692,119105,223676,20266,99965,6564,87665,-0.28
903,36794,87178,169323,61019,126956,37701,18859,8.58
904,368248,100333,53354,46752,204164,49001,37100,8.21
905,127161,98441,245205,54378,235519,33667,33241,4.83
906,165751,186372,141762,73730,280272,24672,98141,0.5
907,191536,209645,116855,14543,132799,34164,91890,-2.8
908,452964,6899,19519,3738,98301,9052,30204,8.89
909,189709,111069,207566,13727,66222,24103,95044,-3.28
910,279841,3391,185282,41899,124054,903,51616,-4.0
911,417653,151584,15995,5011,228070,40695,68428,6.45
912,75147,104895,171402,67780,289630,28288,44048,9.0
913,207264,227053,207269,16465,212045,44876,52267,-2.3
914,215243,41696,155565,24441,120633,21561,25337,7.96
915,236413,213899,58766,59640,132067,7193,87847,6.83
916,368093,193353,212576,88057,137504,38591,50244,-2.89
917,132370,85814,234817,54382,288938,16752,79826,-3.48
918,8779,211570,152239,13148,108657,17911,61881,-2.72
919,261389,25763,179152,31279,289142,18649,19119,5.33
920,66848,32285,171364,7591,276449,42534,19664,-2.76
921,159548,140771,237482,75797,299497,24668,31687,2.6
922,454793,136283,121335,44136,5613,30206,12185,1.59
923,406604,191642,186998,74555,211318,32667,27374,-2.85
924,73614,62235,118054,65156,104456,31703,91393,-2.6
925,120865,151698,137261,73093,82269,30217,66232,-4.24
926,363235,231294,35125,91453,126431,36664,1033,-0.17
927,169533,58264,147152,69294,213110,48762,33770,7.26
928,58580,137704,11580,65024,271958,34267,65561,-4.65
929,305618,104177,21880,93251,127854,25163,27102,-0.61
930,253833,240912,168561,40637,160437,24815,20037,4.71
931,256654,235996,89386,11414,45419,39998,26626,3.19
932,157764,116529,11443,90141,281978,15271,90256,-2.96
933,450929,152683,90664,61199,211741,13187,33407,5.95
934,331505,32085,47678,6798,270248,8489,46669,-4.86
935,427671,18620,227129,65363,10864,1815,72856,6.21
936,118641,50504,118330,54422,144473,4448,61401,5.22
937,341623,18798,107584,26220,102577,37678,59086,4.81
938,487138,209425,140882,74167,88058,6705,22682,-2.23
939,259329,177580,124185,21444,48897,21747,2907,8.23
940,75830,120074,222223,42267,280317,48015,20903,0.54
941,190123,73362,50563,83312,162943,45004,3813,5.36
942,300609,81784,22675,5015,267623,39547,95052,2.82
943,38126,36824,148944,64213,125699,15088,34735,3.34
944,130285,106494,109232,31497,211829,48051,32892,8.38
945,145637,217278,82711,50761,255161,5998,20856,-3.89
946,106572,83453,169134,23126,195090,41858,69513,-0.07
947,81033,67619,237529,7170,42393,14972,95408,0.45
948,458619,182009,65388,9117,227816,48897,43514,9.92
949,380590,163379,195073,23574,69180,49210,9786,-1.55
950,400326,67877,74659,79078,95924,11682,60742,-4.3
951,202796,145618,3744,24439,115130,23975,35038,-2.9
952,470812,247512,45129,31533,119755,12288,32437,-2.02
953,382178,155964,126167,89618,189641,15934,47936,8.87
954,90210,37972,175604,3875,196436,3346,84881,8.76
955,49514,217494,114316,61778,19479,3639,24962,4.42
956,49814,222691,39335,48401,71046,4969,37246,2.14
957,114770,179745,170543,65158,185850,17052,32618,4.82
958,443610,83797,81097,54007,262828,36062,20972,-4.72
959,138830,74655,95834,74198,201889,11055,31406,0.94
960,204301,224018,234550,55748,82743,28477,42298,-1.92
961,77892,156442,21862,40240,202895,27474,22174,5.18
962,219989,215994,222614,9751,110554,3248,76022,-2.1
963,424665,132686,130942,55189,164560,1045,7957,-0.77
964,21660,181324,75834,90126,99170,33615,8075,-3.87
965,26097,123360,127677,84911,236180,31749,81511,0.79
966,438267,222770,142447,93166,205603,25043,56721,-4.01
967,165865,92599,203440,70976,244671,8105,43864,-4.85
968,354062,23397,129391,93904,147925,15144,34904,0.64
969,333963,152498,232209,58064,21937,26643,73865,2.29
970,233651,13849,179928,39550,165254,31663,13968,-3.87
971,324050,85898,239091,57942,205263,17471,85409,8.09
972,153175,93656,206550,84045,299232,24872,86866,-2.96
973,171078,224762,13947,89827,163109,8871,77853,3.86
974,336856,116352,194560,86695,140409,23835,2721,-0.4
975,267791,56119,3742,43270,168390,7895,91539,7.8
976,213552,138380,127910,26822,240272,11101,51661,8.07
977,394202,212918,141436,79782,265670,44869,78671,4.3
978,244283,90374,176237,29102,64046,39253,4391,-1.82
979,210737,200423,140495,43751,102371,24798,98651,0.98
980,484082,2525,47745,67311,5166,37117,32271,-2.16
981,138318,171148,180225,83400,242018,43621,51268,-2.41
982,468386,81466,243869,11874,250699,47075,58691,5.61
983,300862,64959,40443,19788,14008,41062,44033,7.48
984,338912,242453,14840,75017,264024,45046,36796,-2.05
985,348563,141641,12786,91382,79020,49011,56094,8.52
986,242951,207063,209296,71565,234886,49783,19840,9.04
987,435680,173500,71388,92943,263102,32393,19154,-1.3
988,5583,152595,30237,3851,90078,26378,10229,-3.77
989,297509,5423,175907,64062,283654,44705,51561,-0.74
990,407754,225793,230471,42028,261235,25874,72094,6.71
991,16671,186743,104415,87182,37618,37274,28929,1.0
992,375473,106173,92626,10092,4643,8317,71631,7.15
993,169947,101526,235609,74908,97688,8719,96957,5.96
994,308152,177377,230878,2696,279362,46443,20915,-3.71
995,470180,85117,91671,20566,18161,2567,33223,3.7
996,47858,197325,84302,47383,134234,2056,87067,-2.12
997,14326,170374,55293,14209,241533,34415,17151,6.77
998,39020,67615,233164,9582,208451,20590,23705,9.03
999,99725,138978,156848,57676,272209,13788,49485,1.41
1000,453562,211267,25358,22871,166356,15711,92037,9.58
1001,189899,141531,201782,26654,180662,11394,91024,-2.19
1002,211800,232410,125996,20978,187742,41466,19928,0.96
1003,488921,136201,134714,88144,171318,46853,86982,-3.62
1004,125209,229784,67577,67191,165477,29736,93977,3.32
1005,123348,180890,21392,79898,183907,18792,37787,-3.51
1006,274519,195206,27780,88148,166629,46439,11057,-4.26
1007,280686,85949,235225,84882,107851,44420,15830,-0.24
1008,345770,35797,151141,67229,146731,21549,11699,3.1
1009,366230,238376,121517,60582,85605,15301,28813,6.62
1010,492216,245803,26233,12330,256077,37419,29970,-2.72
1011,89828,237138,97552,70775,228164,48986,98269,-4.15
1012,230779,25921,150197,2656,169999,43263,22788,-3.14
1013,301000,88970,83708,34410,279547,46844,34598,4.61
1014,182514,88917,92840,85342,21502,36901,53128,8.98
1015,408431,216487,147008,6278,39724,23695,75194,1.52
1016,296993,226951,108907,18814,58226,18848,13907,-4.46
1017,471908,150065,113940,47136,22861,47032,53875,0.76
1018,391439,195982,124884,57503,272563,11069,39554,5.65
1019,178691,38225,83061,73617,182066,40431,55030,5.01
1020,37113,248913,142711,42190,207847,23596,29293,6.82
1021,58754,141500,91276,90292,118288,2213,67370,2.36
1022,421048,248471,217995,27690,60174,43248,45578,4.57
1023,456596,42264,58937,20437,214744,2232,47475,4.01
1024,322935,247812,164111,4767,19799,19284,39830,7.79
1025,262558,92914,53084,17191,163671,38018,73121,1.78
1026,150493,177425,52098,6825,221618,26771,4785,-3.74
1027,183436,93971,131237,19112,96419,36907,8079,8.16
1028,246549,120756,23495,24422,166581,36656,76085,-0.13
1029,189565,158983,7363,82802,122070,40865,10325,3.61
1030,65727,156776,143713,64503,126353,13238,86049,4.27
1031,114298,28085,44472,59753,102989,13685,64149,7.35
1032,238656,27857,71203,52503,262027,22705,97354,3.46
1033,289398,95760,179334,81800,90267,47266,3337,-0.31
1034,203841,62902,190439,74316,39643,24017,2965,0.12
1035,167855,79467,133083,46508,148831,518,10769,-2.99
1036,445767,22300,191565,90642,192297,11570,28549,-0.1
1037,247365,81687,201155,64595,190981,34728,46157,-4.41
1038,158556,166459,238931,4742,88116,25334,2883,9.31
1039,108218,108008,104064,61020,183865,16135,75543,1.04
1040,299951,91671,143576,90036,15270,16135,86757,-3.88
1041,299012,106950,197986,38239,152836,45962,1966,-3.55
1042,104244,63492,233732,78237,193362,37262,24413,1.83
1043,366143,101798,77040,99460,52629,32326,34375,1.44
1044,364891,20673,152782,89084,216668,45660,29578,1.83
1045,246491,20293,144997,40367,182858,2824,85979,3.7
1046,343104,159623,104013,58679,283563,10667,92342,6.37
1047,70508,139218,84562,69003,142674,42245,64356,-3.79
1048,105522,190175,13554,91528,190000,13738,54367,5.05
1049,297657,117196,139491,34927,260617,22472,39579,-3.65
1050,205941,169068,144720,55479,17973,30315,44073,2.74
1051,18973,182829,162489,83769,270484,37747,83991,4.3
1052,397829,3608,53272,48126,284034,13482,18192,-2.55
1053,437090,113864,96987,38363,60789,12610,78933,4.11
1054,239109,183663,39979,88391,75333,5561,36826,3.86
1055,26760,57372,89916,79739,19580,2124,70866,-3.44
1056,63864,67461,194494,80363,187230,32905,5266,4.93
1057,359694,192761,237987,54793,299519,27938,43412,0.08
1058,127495,239977,122748,3417,292284,10168,92556,1.27
1059,304738,83874,232448,29151,71572,35633,66817,-3.37
1060,288976,110875,194917,73435,65477,536,1533,-0.98
1061,345254,173417,121067,21996,122535,8908,50837,5.85
1062,455520,79954,190233,62473,141961,35390,31892,3.43
1063,68139,9448,226598,82620,129795,1720,64682,1.71
1064,110554,99797,148414,2199,155112,34953,48626,-1.38
1065,307869,87283,171421,36629,56314,22179,45340,8.94
1066,22219,22672,128815,53070,228927,16943,99961,2.48
1067,426678,20108,131532,69611,269560,28750,18103,-0.17
1068,280931,235611,176986,11170,282642,32508,6232,-3.24
1069,12792,166784,127470,76531,224536,36245,9813,-1.74
1070,323112,31516,17123,19149,167416,7413,4910,5.5
1071,465848,32092,51291,30259,219517,36492,46853,8.28
1072,427829,126227,63003,68784,61383,27987,61974,5.34
1073,401262,160013,249969,5625,181238,45876,57237,-0.25
1074,276986,127115,229290,83744,267355,40242,84285,9.85
1075,416888,211616,112490,34133,272462,40848,85300,3.95
1076,389050,212873,17162,19178,194746,10506,12841,1.22
1077,80751,144461,84122,14774,190856,5777,24409,2.86
1078,32856,171694,228165,7208,100083,10160,41861,2.41
1079,225959,229957,167243,79547,237540,46820,29941,0.25
1080,16517,19168,108827,87127,218209,22061,83866,9.23
1081,276496,241891,149844,63988,7841,21488,19785,7.23
1082,322179,65096,50624,53488,176032,15038,22261,-4.95
1083,363838,215674,13701,12325,11186,28363,87014,6.29
1084,494094,61776,67250,53493,48585,36403,52830,-0.52
1085,229230,89301,133232,76967,262173,42492,14750,-2.13
1086,277601,98448,31595,21725,188191,1116,26277,9.24
1087,467013,91983,88187,77085,134100,12562,73538,4.61
1088,263530,68699,140290,76269,44368,24307,92334,-2.82
1089,343972,234779,249209,32668,171930,40076,52479,9.22
1090,38681,160963,173971,18380,299773,41748,93866,-4.43
1091,481679,236395,98415,24357,121049,30435,90287,-0.58
1092,344500,217146,121263,82829,104525,16810,90060,3.06
1093,427438,131986,112505,45022,47594,1246,41775,0.25
1094,98765,64687,83019,49556,210117,12177,15900,4.4
1095,130762,165986,18168,92166,146257,30496,75776,8.24
1096,357623,79424,111820,12252,145464,25202,78848,-2.67
1097,302751,163352,157701,66986,124623,39933,77056,-3.52
1098,432706,81134,211470,41326,283843,31497,87113,-1.23
1099,331992,55626,136819,21705,289731,41528,9647,-4.42
1100,186707,49180,153302,34181,90811,38781,29900,4.04
1101,439458,70707,168229,81619,122640,44043,90499,2.56
1102,316384,208898,132986,26196,91461,38754,3613,0.87
1103,317587,13689,224674,76837,212423,40615,49688,8.48
1104,277564,56781,186069,2623,10974,6004,61600,-4.83
1105,466391,68287,163810,91295,275725,13383,58700,-4.94
1106,486689,115152,58528,18174,236578,9024,68367,-3.04
1107,302395,216215,126183,79399,17474,6167,27746,6.08
1108,487011,67691,165837,62473,212905,17468,19772,0.96
1109,221317,31120,35727,43532,245484,9803,10956,4.65
1110,486801,18438,7818,7322,37450,36894,48000,0.12
1111,159161,37589,158188,14759,111217,22651,94663,8.95
1112,8813,44018,173150,52791,171618,11159,45506,-1.26
1113,26948,80900,34969,51313,12063,39283,19236,-3.23
1114,336557,14340,171740,50626,4119,41374,75450,5.4
1115,100552,51461,111677,54357,216010,13241,40969,-0.02
1116,223676,197734,149287,61912,159501,24112,26136,6.93
1117,445051,171550,150566,53044,157895,16395,43047,-3.02
1118,251660,79824,87591,23994,86452,7974,27067,-4.84
1119,50948,63511,30444,72517,26123,47147,39839,-4.49
1120,175459,127530,124891,6841,26849,3204,94129,8.3
1121,317811,5737,56504,27777,179238,11008,73154,1.37
1122,129279,140063,207318,29932,291096,26216,53700,2.45
1123,317428,124231,86836,9015,107711,29059,28289,1.39
1124,37584,124711,6647,56080,245057,30921,65978,-1.22
1125,468136,193696,79137,30416,18055,17881,48242,-0.37
1126,365116,51880,214192,96059,85514,41192,23440,6.29
1127,169639,145864,123759,45778,214975,9432,21954,-4.07
1128,199703,27506,112606,6715,56745,32255,83445,6.28
1129,268407,164805,29186,21480,235557,26672,10675,-2.03
1130,392244,228545,178842,50007,223832,21996,4027,-0.82
1131,205650,85144,15310,78597,225932,37985,16990,2.25
1132,285019,107701,204206,35203,145082,33791,98490,-3.35
1133,34192,226851,18138,73863,265440,5447,56620,-0.22
1134,338865,59528,47892,10111,207821,36346,97254,5.48
1135,453099,60282,11706,9755,60208,31529,35530,3.81
1136,243149,3257,57786,35563,22601,16307,59092,7.4
1137,113116,111815,144157,29615,278341,17821,95678,-1.99
1138,85501,91863,187357,28082,190962,21539,27821,-1.3
1139,227702,48118,152801,74327,105547,21615,25521,-4.49
1140,239358,138205,244887,66697,275556,48488,71436,6.35
1141,297407,202763,182242,18339,149877,9477,83998,-3.13
1142,78891,146129,198479,66695,215205,11056,37860,2.54
1143,138943,237955,207819,31440,221442,11143,67814,-4.23
1144,21114,187831,192499,72258,256416,2310,6013,-1.47
1145,65117,34635,160664,94643,271401,44191,28391,2.49
1146,94518,131576,195139,19944,269247,4504,49234,-3.72
1147,74806,233420,9913,54875,44082,27408,71324,-1.32
1148,376515,194186,120232,26594,176910,49043,38712,2.42
1149,399075,66311,206607,76498,283949,8170,8227,-3.79
1150,474962,231902,72409,28208,62374,23583,70678,-0.15
1151,273989,62090,238235,25936,204570,26726,29762,-1.08
1152,60972,89024,14330,92911,159444,28959,76936,8.79
1153,372691,176264,177176,26470,5329,3793,7153,9.05
1154,112967,144020,197632,99526,296230,40193,32398,4.72
1155,104348,154086,94574,48308,8179,31907,25906,-4.75
1156,143267,26428,152970,36772,189878,26767,87134,2.76
1157,458925,208657,76095,21587,7358,32372,83665,2.43
1158,228505,72473,27898,71927,149504,48134,51086,-0.03
1159,260878,41273,167080,33107,154583,9379,49508,7.8
1160,149985,142583,79886,16530,145976,22302,94685,5.74
1161,286740,85482,45875,40889,200340,11242,1252,3.34
1162,184203,101712,100055,61873,56669,28183,84897,-0.84
1163,279458,117976,158928,38143,176200,30329,56980,-2.3
1164,395130,112566,50336,90887,79624,24528,36735,-3.31
1165,14585,98197,65527,96438,51178,11530,85316,6.99
1166,433164,105518,34433,95537,99363,31123,6355,1.93
1167,7934,167487,179475,47304,184272,24850,97189,6.17
1168,120015,238404,201910,2138,33581,4335,22038,1.3
1169,132087,87263,39720,99976,102421,31242,91153,-3.33
1170,306520,15659,161415,21894,212119,32276,48606,1.62
1171,398011,200866,199836,89773,81036,25224,3113,8.84
1172,415229,234171,199010,55473,46469,15559,26843,2.61
1173,15718,125232,131709,72463,239239,49894,48792,-4.33
1174,172613,3495,181202,35387,241657,3909,32423,-3.57
1175,263470,171862,135902,7374,213857,44491,15310,1.35
1176,446237,61329,169554,65227,108188,13018,63376,5.56
1177,49327,142299,28661,25468,289783,47291,2420,-4.87
1178,455809,74056,60546,23297,20378,2248,39588,5.25
1179,120816,157177,127783,13808,31749,34056,38892,5.62
1180,301917,32090,81292,87523,246756,43858,15180,2.99
1181,298532,22531,88724,58040,271050,806,7022,-0.34
1182,351373,5637,208813,62091,184837,9963,33162,-4.0
1183,416757,218329,119574,57841,45229,9133,75904,-4.54
1184,88193,35502,30024,50363,7171,37412,21826,7.53
1185,453279,223780,70437,79465,80731,1177,3929,-2.37
1186,344386,32820,223319,98316,267889,44810,47730,-2.27
1187,391813,18081,158429,1767,2820,30432,44507,8.67
1188,106872,79519,3371,37515,129170,37351,53521,2.64
1189,124148,188414,169968,41122,275473,31423,34848,9.27
1190,335557,107376,193477,59587,247525,38144,14892,-3.54
1191,363083,32868,47914,62430,112448,35959,60621,2.33
1192,252336,138197,95705,15581,194848,13902,72024,6.0
1193,298638,42892,123102,41868,180108,25890,84151,0.33
1194,183391,175823,244660,86468,14554,11191,81839,-3.44
1195,285106,235761,110674,68754,218294,45635,55085,8.76
1196,336422,239594,9789,54857,85344,31070,36963,-3.61
1197,185367,196800,125240,84187,217552,22741,23470,8.34
1198,238740,16234,192597,29234,236359,46732,63646,7.58
1199,62007,132066,24433,71136,167946,35399,43548,8.47
1200,37648,182757,244098,61658,117542,4236,58139,7.71
1201,209961,184433,24242,85946,118362,25396,58416,4.31
1202,435359,103145,165618,98049,161990,19156,68361,3.22
1203,117505,86962,198775,73193,213728,16485,95039,4.01
1204,428163,128236,90856,7510,2507,34252,42015,7.0
1205,306102,163716,241295,92472,273502,13124,77515,9.74
1206,88300,197048,243677,14315,30020,11782,58410,9.11
1207,281294,40736,62207,73999,59956,40413,56203,7.58
1208,79154,226546,208205,47313,297470,19671,84196,6.33
1209,310527,118823,174326,31338,139881,19185,7226,-3.25
1210,348609,243598,118146,81519,174102,16243,61976,-2.95
1211,213606,248385,146282,54879,102626,43138,44898,5.0
1212,248301,191197,128653,5122,210384,3326,71439,-1.06
1213,460795,208547,188266,92365,282053,12162,61758,0.22
1214,125150,167017,107668,34462,273497,4890,87750,0.97
1215,300770,156447,50544,29834,248392,26275,27215,7.37
1216,290833,71255,128422,87789,66040,30398,37142,4.68
1217,415211,23201,167555,83590,89967,15496,13786,2.18
1218,312986,108433,117445,68418,4533,49986,88705,9.21
1219,113341,100818,82115,20206,265381,37965,9455,-0.53
1220,223914,47985,14475,97981,188081,26822,64238,7.36
1221,136496,238420,72315,1967,178684,8276,51731,9.76
1222,195072,118424,185174,52717,137443,36771,20371,2.35
1223,490159,52898,239097,36035,75549,8615,66368,-1.08
1224,59418,149642,151894,14492,117412,44218,89075,0.53
1225,342504,95580,112244,36957,20447,2476,13261,4.7
1226,70826,193149,39879,56625,157400,32850,97583,9.67
1227,493452,70359,227660,88288,63375,2034,34273,1.23
1228,190160,5294,148583,15306,108078,27482,53523,-1.54
1229,262018,82368,198697,6373,113098,19192,65425,-4.88
1230,301544,103038,72694,50825,231929,47165,80641,3.59
1231,285341,165735,24587,79613,205923,29734,33675,7.59
1232,311307,68490,156151,60129,201030,36520,21452,9.58
1233,243774,5074,185654,36467,233605,27879,84490,-0.66
1234,56222,223606,130525,51453,102440,41809,36064,9.83
1235,437235,200491,220324,57001,99393,11290,68177,2.67
1236,182436,242586,105619,14617,244709,48983,24981,8.31
1237,43850,16950,174535,38504,255063,42204,2613,-1.84
1238,202442,63668,231773,28763,194580,30149,98059,4.43
1239,400881,142269,50159,87324,77487,32413,27142,1.62
1240,447854,164337,211877,70602,141429,22528,62835,1.8
1241,265480,196705,109374,61573,160970,36048,22363,-0.74
1242,391032,213057,66600,27904,44734,39074,65797,-2.86
1243,170893,201785,137673,86592,14588,39784,40515,-0.69
1244,290286,72423,201770,89747,280470,7768,45839,-3.31
1245,367850,207854,242233,97409,158583,23003,80147,-0.36
1246,225585,83613,72488,9203,170050,15617,33458,3.63
1247,93677,222713,144737,70586,25449,46936,99345,-2.58
1248,225710,239268,19380,25876,270697,1651,15163,2.86
1249,146713,173777,241503,58921,298488,34245,1997,3.84
1250,6802,58119,23814,50924,233943,37248,94180,1.99
1251,127245,238118,240080,21833,210731,15606,83722,1.99
1252,476096,197831,91018,15307,119506,45066,95919,5.25
1253,343909,13249,52891,8164,296051,14614,25522,3.37
1254,163558,197071,52202,6936,181881,33574,94112,-2.32
1255,148397,143629,214578,40019,249083,24214,69057,-0.72
1256,378141,33275,112971,22664,65850,37055,6867,-4.5
1257,154502,17896,133583,4499,69790,20830,22636,1.07
1258,19813,68127,123558,58521,193211,17128,38840,-4.33
1259,437079,147006,156929,27972,173951,27674,29718,5.87
1260,118280,72055,185233,43691,70490,38873,50492,9.63
1261,208908,10755,33455,10168,84235,22493,45236,-1.12
1262,248871,30923,146850,88273,164044,24462,18676,1.9
1263,194987,221816,134466,14416,107578,16613,31597,2.05
1264,28498,42530,144603,55421,225318,37740,50568,4.72
1265,216687,160715,151335,60864,178602,46686,73367,3.64
1266,72326,52391,129821,72301,108000,43992,62622,4.17
1267,85401,64489,20935,44756,205981,33300,22294,9.11
1268,343677,219528,71292,7407,54966,45168,25090,6.54
1269,74256,246269,4743,21316,242292,16121,56614,-2.8
1270,470057,214695,246531,45500,56981,16634,83882,6.87
1271,220733,113065,10985,15982,10859,12065,17992,6.02
1272,101732,8892,243007,65146,211413,33363,69371,7.78
1273,28526,237065,86937,34647,82703,5905,46494,3.52
1274,399421,230242,42659,50498,154532,39268,1279,-0.65
1275,40887,180146,160543,92654,120624,38616,4269,6.1
1276,346889,146793,67128,16113,227941,33751,76847,4.43
1277,55853,111142,165693,33390,164789,9269,58698,3.61
1278,482864,175955,228117,97823,225126,6571,37421,-3.4
1279,153433,212178,177867,70291,201459,30199,69486,-4.15
1280,304507,212774,209905,63228,25482,40021,83393,-3.98
1281,190446,44848,54003,86408,25768,31536,19242,-1.92
1282,431305,43243,71555,75473,51768,34564,3843,-1.1
1283,241339,222557,44588,84235,271168,10901,95885,4.44
1284,225550,136280,189732,96728,50973,35235,44217,1.96
1285,168853,159255,150619,33640,30911,7315,66112,-3.83
1286,307133,195630,243599,75214,142726,30837,92685,1.81
1287,482170,29283,167704,60617,279665,8764,77507,2.13
1288,251882,15416,118181,60240,115163,12525,99882,0.76
1289,131710,187975,72706,61108,79200,35884,71327,3.49
1290,289868,111755,128218,63133,236769,37718,90687,5.22
1291,218164,127735,51278,27135,132561,41864,9565,-2.88
1292,377760,108551,152110,1537,122979,14196,89505,-3.9
1293,393139,59227,22564,40135,195122,14078,56486,8.37
1294,437323,37797,78326,45380,188558,9464,91550,-1.83
1295,367416,154033,85868,88885,85028,46972,49618,9.21
1296,152968,70363,9094,58470,161175,23238,98339,3.73
1297,397349,120956,42568,58026,235865,4144,73641,8.97
1298,415950,40391,5829,4331,242568,10690,91752,8.7
1299,21818,212883,144847,68045,49006,9540,22138,1.96
1300,137541,242359,182425,76010,245276,26645,24085,0.26
1301,160468,134502,217703,50205,25239,16195,84914,-1.44
1302,390880,146205,191233,17484,179308,34087,96903,5.79
1303,276442,124930,146921,29885,48496,10271,32728,5.84
1304,150023,228927,120590,71224,129156,9512,65979,1.91
1305,469230,28087,213174,93534,271331,38763,32807,0.99
1306,233446,200120,248407,68271,73294,47461,53347,-0.5
1307,460388,38466,222168,31026,274504,9524,85795,1.66
1308,211178,25265,113495,23549,116711,26334,60920,5.51
1309,251235,30076,165183,69581,31718,23837,71699,-1.62
1310,168727,196612,96966,54526,94719,30231,82149,1.62
1311,426464,63785,50373,12829,273512,20843,19822,-4.04
1312,351777,126697,153337,70145,114722,44398,35236,0.01
1313,310211,68075,55762,45313,144967,4630,29558,-1.83
1314,394499,12385,118285,98430,50728,32399,90101,-1.95
1315,426819,236576,244512,9451,221252,16778,11244,4.86
1316,316842,188419,82344,90557,134040,36631,84686,9.11
1317,355780,84333,134030,91995,228195,34172,41154,5.22
1318,439346,135512,189459,95680,126062,45077,33045,-1.51
1319,140451,94295,209014,17451,263486,21442,60540,-4.04
1320,360640,121027,166841,16421,75383,20002,63736,-1.25
1321,485737,12387,122689,42740,62201,31127,97152,6.36
1322,82504,49625,245841,15053,151321,14015,34837,-4.52
1323,36413,180104,55945,47637,273084,34850,34041,7.9
1324,72196,215134,233868,1105,234779,6956,64001,-2.26
1325,294877,133562,172970,91629,159053,17676,51285,6.4
1326,438457,172134,84230,77500,109429,25145,8424,6.16
1327,250066,138124,108261,33431,246907,13025,49052,-4.21
1328,289301,244768,189284,36605,45574,32662,22875,6.05
1329,472039,9727,239306,92194,9861,14521,66198,-0.88
1330,64224,47409,169535,82891,166013,19385,38691,-3.32
1331,275574,225746,248636,39957,180723,20207,13830,6.0
1332,394283,60036,111543,46035,99165,10036,69440,7.1
1333,387795,155796,246482,59419,140121,17297,80305,0.16
1334,226291,172431,119069,52576,74263,20022,32816,7.05
1335,29997,175507,138761,76701,84432,562,40195,-2.9
1336,250480,56661,29621,71657,278109,2114,71990,7.86
1337,173820,225229,45797,35199,139245,19743,54345,7.61
1338,259448,111771,157091,68035,258964,20283,73866,1.23
1339,153618,126846,169480,35055,273364,10194,3460,8.57
1340,337647,239244,179216,14211,167109,29320,55724,5.57
1341,110901,23922,183283,14055,88946,7858,46596,-0.54
1342,248226,167165,14308,73253,144377,687,19281,-4.08
1343,94864,29316,98456,28327,165797,45376,67630,2.7
1344,350748,91437,232956,63936,52026,2013,41395,0.13
1345,438367,63029,176349,46439,247804,11743,62759,-2.45
1346,106670,13124,117759,79172,98402,4030,42866,0.57
1347,350376,49637,140691,44207,217675,30404,50283,4.38
1348,427616,214352,217019,99197,229418,4008,41101,1.97
1349,399758,54776,107177,95352,40557,34161,20099,6.24
1350,374360,99618,24240,50899,157475,10762,52557,-0.0
1351,114508,48861,234827,46841,253326,3410,24325,1.75
1352,344779,181541,51609,4291,129245,6798,6546,-4.42
1353,38526,237225,167116,79805,26380,23799,86097,3.41
1354,297179,199323,153138,58581,228062,25180,26362,0.6
1355,378408,31994,87720,79878,287949,35867,15282,-2.53
1356,149494,228102,197796,36420,118755,30665,85431,-2.73
1357,106907,5136,58274,55761,277441,8532,86325,2.05
1358,270435,109240,143618,62111,290223,8374,73995,2.28
1359,202131,203203,238489,31151,193698,37426,91107,-2.58
1360,15465,148766,227123,82012,276266,45225,65634,-4.06
1361,282205,235584,95978,99411,86887,39155,36661,3.9
1362,76287,188342,20271,21658,93349,12497,21697,9.05
1363,458233,83935,2653,10945,94142,36107,50467,2.1
1364,29712,244269,220908,13172,214608,32224,31140,-1.7
1365,364170,106245,236670,13069,20987,45841,24765,-0.36
1366,373987,133039,190008,42723,158067,34890,58193,-0.4
1367,308649,128700,188535,13663,181414,14486,3043,5.11
1368,413164,103952,242648,22918,55139,25199,4427,8.15
1369,301579,78714,110629,27690,273163,14750,86247,5.95
1370,323741,134768,146284,59591,282700,31678,42371,-2.62
1371,97666,88044,49238,11161,130835,17419,95745,-3.39
1372,157915,148574,238683,66499,36258,10034,66454,0.67
1373,480968,94330,38925,99039,152596,35272,38931,6.44
1374,205435,9484,223953,57781,267913,8289,42312,1.27
1375,41503,9355,80847,68476,140883,1996,34633,-3.28
1376,402459,126739,82107,6595,265706,14655,3078,6.65
1377,417267,225467,139307,19361,9141,2958,90369,5.39
1378,132791,57391,107999,19697,167012,19738,95408,3.22
1379,45012,27608,152202,94675,75013,39202,98424,0.2
1380,477957,24729,234636,1609,287124,46728,43317,1.18
1381,164353,244007,49998,58930,8556,33533,38213,6.42
1382,135474,176358,20885,46735,280146,33729,7562,0.2
1383,17453,51281,41459,84524,290274,49774,51664,4.17
1384,200178,107450,134385,61108,275754,38143,23043,4.74
1385,285610,220908,181994,78680,106194,20265,53216,2.23
1386,237756,109449,192208,32523,89172,8107,84697,-3.96
1387,223174,107533,188427,41653,270709,1467,96386,1.24
1388,493374,155999,98757,55436,88954,17843,78189,-1.02
1389,303602,26603,5736,38568,63591,1240,44898,4.7
1390,160833,75745,132540,29427,3864,5027,58700,1.01
1391,361262,47752,28343,92786,8581,19126,66142,5.0
1392,452185,70065,93180,15241,168419,31738,36103,5.9
1393,425740,59090,235612,5249,185291,39578,66229,4.59
1394,28998,106458,109387,35810,33178,5225,71606,6.76
1395,179888,27808,170505,90452,109589,37257,12378,6.34
1396,497386,113347,62307,13494,119506,49483,32079,8.06
1397,31265,136128,127044,41888,93470,42463,74157,7.23
1398,284269,66792,112399,19769,3833,34813,56480,-0.08
1399,9588,53412,169886,79254,47301,815,18855,8.58
1400,327326,190416,15036,85494,138949,46463,69631,3.68
1401,486390,8906,102647,99410,286627,30772,23735,-3.0
1402,93503,143117,7090,34498,187120,42418,75360,-4.0
1403,451414,135698,175761,63586,185490,4397,44358,-3.26
1404,475652,77132,201300,95857,38479,19068,86129,6.6
1405,396264,135856,199518,76252,106631,4188,79120,8.48
1406,128104,29271,136459,26181,271489,1746,53297,5.48
1407,200672,107530,181771,29014,108686,2422,72540,9.86
1408,53078,213833,121475,56654,90163,16387,48967,9.88
1409,346957,63916,180066,99711,230635,8405,52891,1.77
1410,18787,107387,133348,57585,189237,24274,66520,6.85
1411,472257,19556,179295,79513,43221,29867,37893,8.65
1412,278380,100414,209898,80463,221869,49090,61722,-2.43
1413,481865,236023,11490,26253,160719,27563,74625,9.02
1414,338043,51441,29519,53488,158837,45891,57684,3.34
1415,461662,127757,157164,57526,241752,24980,9033,9.01
1416,438982,154792,186136,65069,93267,49503,67171,1.41
1417,327529,47349,173922,53274,240460,39154,27818,8.97
1418,13383,57933,164383,27707,148165,36023,76183,-4.68
1419,178360,242843,62300,16423,17267,20227,48819,8.76
1420,422963,119546,210214,89345,129499,46608,93935,-1.8
1421,433147,177209,48363,5753,46099,17792,95631,4.03
1422,456394,105022,239567,70233,223035,12249,54089,-4.29
1423,235464,171639,43767,78964,156406,35034,17813,0.97
1424,409759,245277,39364,2263,43138,27364,79118,8.16
1425,47984,158058,18780,3871,102068,30701,14914,5.3
1426,161861,54363,190656,3972,70072,13399,41783,4.16
1427,109468,96051,94468,71738,251519,10787,59915,6.22
1428,258027,210089,171006,30406,269361,11852,17375,5.33
1429,456184,50060,205745,60997,266923,40793,13915,-3.72
1430,106759,242123,28243,73003,276802,31149,65717,7.66
1431,255548,68480,194679,60503,167284,40630,59324,6.94
1432,378829,62827,40551,59908,238727,49759,44877,-1.75
1433,46484,130060,227711,54714,260374,41127,19260,8.31
1434,416671,153602,116218,28616,207099,24596,78289,-0.21
1435,111198,103766,9895,80872,216174,32862,27606,6.44
1436,483276,19477,240691,9014,68639,13714,26318,2.91
1437,457026,74254,197545,56342,86092,48912,3600,6.48
1438,347497,191374,67414,71208,241973,42703,83523,7.58
1439,75504,168068,239144,90306,128750,24840,62338,-3.2
1440,444472,93921,185157,80547,74737,4381,93779,6.67
1441,62336,109842,201310,2753,193056,9122,73189,-0.58
1442,195049,37424,124550,93989,96636,41037,1171,-0.35
1443,219805,147841,35681,49174,253969,3015,82542,4.16
1444,488781,41914,164799,39973,297279,16254,80535,0.85
1445,197517,216319,237161,62357,88605,23290,49454,8.61
1446,86574,22480,235605,75942,185410,16623,73689,-4.43
1447,328914,221075,224751,50059,220511,48147,16028,7.4
1448,56917,109449,145575,94855,209250,5930,22491,5.04
1449,35247,79237,121551,64449,88771,13911,70568,-3.97
1450,95699,134785,9362,3645,267375,7901,74983,-2.09
1451,396505,180035,27352,59584,78953,25359,32605,-2.31
1452,54581,134052,218434,80542,255867,41739,90927,1.18
1453,397851,228092,31234,59943,116469,44854,15850,-0.21
1454,139712,198002,65723,44519,277279,40829,95836,-2.58
1455,381501,178435,10803,96367,246615,38801,38699,5.26
1456,105046,219675,200607,86060,236203,7325,90074,6.69
1457,490588,55416,195972,7597,137937,10474,5374,2.66
1458,101611,147488,41535,36209,243983,12300,84413,-3.99
1459,349548,238879,88849,5500,214398,20325,60620,7.42
1460,118223,54653,112629,98212,12322,36800,10393,9.51
1461,307570,137738,111882,91925,231737,37868,99037,5.72
1462,333498,72865,31840,46017,116282,12111,26238,6.45
1463,486609,65607,161897,36673,20812,1254,73111,0.76
1464,134527,78650,193055,50979,110802,17389,14807,1.46
1465,367594,2861,116563,96681,4660,41571,45978,7.09
1466,91184,216035,146650,25223,99590,36545,33741,-0.71
1467,389946,158713,14614,81369,294783,13872,91529,7.04
1468,71560,140547,56537,21281,31146,30830,34497,3.55
1469,42064,3252,143326,60177,6965,18222,15944,8.25
1470,71490,64955,21626,64142,19731,3939,53829,-3.02
1471,107174,213395,98835,34646,54760,35195,13197,8.22
1472,248313,232155,216020,80847,52917,9979,57116,-0.76
1473,141260,145963,128556,75366,26327,17017,80411,6.21
1474,123243,80831,239738,40283,89452,20643,26328,4.81
1475,59427,244498,247470,6766,35845,21246,51495,-1.35
1476,304155,218303,197470,95634,123386,14903,89852,8.66
1477,32702,181090,167920,77865,252798,23175,97357,3.82
1478,483066,30813,167158,53028,117130,22012,70617,-4.2
1479,449293,23471,27414,43721,72590,36358,49482,1.06
1480,237955,199313,50891,30335,175222,10422,63120,6.65
1481,235887,116239,239123,74534,13652,49689,67652,6.33
1482,485961,117925,148635,38155,239621,23373,11351,8.89
1483,57689,210152,45983,84244,294845,8920,98765,7.65
1484,222775,181273,118167,99467,101264,38071,27767,-3.55
1485,445479,202858,237090,98816,52882,30322,19519,3.02
1486,8211,40755,168213,58350,171899,25930,54120,1.98
1487,167678,37177,150867,75906,69056,19926,70493,1.3
1488,124054,148486,160828,51705,116746,8178,85540,8.47
1489,355573,143348,169393,12515,129603,3002,79254,-1.69
1490,320883,80127,231472,89682,159061,4683,71194,5.2
1491,321749,84693,3782,4017,134313,3342,23504,-3.85
1492,151287,195481,110282,95565,265861,24743,48306,8.48
1493,48418,26512,197929,88937,267614,35854,76815,8.17
1494,491482,82902,23119,74026,70503,16639,85632,7.19
1495,332877,229525,12184,90141,140282,39989,79979,1.42
1496,364947,172705,53823,94451,168537,21232,48101,-1.3
1497,374779,47995,68903,77499,215893,27266,63598,4.16
1498,157700,216588,188841,86548,83027,44970,31263,-1.49
1499,228876,114713,152313,49989,25404,41898,54229,4.9
1500,288735,108038,204034,82270,39747,6429,40174,1.18
1501,41484,155154,33898,74166,47031,49196,13148,-2.56
1502,279343,8424,67022,97336,147644,23915,83125,7.52
1503,355654,36981,93533,88413,157560,28990,77551,-2.31
1504,243462,31809,76028,16635,38934,23774,80784,-2.54
1505,334494,236109,202970,34329,166349,29970,35818,4.03
1506,236355,150351,110598,5802,111193,44782,10258,5.32
1507,377848,70692,191667,48179,204751,29314,73025,1.36
1508,339849,146085,206767,10479,290193,1037,76131,6.6
1509,96172,189444,167250,6658,292928,30302,15733,-0.77
1510,397485,154862,173412,47283,11182,4261,51011,1.41
1511,441280,103095,118843,5064,196691,38140,22304,-2.59
1512,95413,122435,210204,9973,33383,47432,4967,-0.82
1513,168514,125974,121310,67853,53706,28896,69493,-0.05
1514,261755,64187,50889,22814,255686,11427,68196,1.13
1515,284952,34393,180094,83769,150387,21940,60843,3.31
1516,77214,171192,117808,79952,86233,23524,3920,3.08
1517,367996,106298,26012,79163,92144,49574,26467,4.36
1518,204316,66299,69182,17934,250529,41817,76150,1.68
1519,160913,38956,16215,22260,52568,4761,77570,3.63
1520,161218,15743,171646,10449,221363,30133,25927,-1.86
1521,112872,233631,53032,23774,16482,8068,34977,-3.55
1522,238038,37898,200455,52313,244519,37708,56285,-0.96
1523,158950,35475,6543,4825,193366,43784,60809,-3.72
1524,113103,64523,87715,8554,269299,42651,78746,3.77
1525,50038,152964,249464,80856,184771,2027,88810,-1.39
1526,371225,151313,138389,75571,35373,36822,39975,2.09
1527,187637,34271,229192,50089,274260,34811,99314,4.47
1528,42884,170193,206307,61489,46070,18552,35895,-2.48
1529,388890,121185,69163,11893,71384,32859,9482,-2.18
1530,370417,158827,245751,70598,155072,23245,47895,-3.05
1531,382941,247865,175163,85764,263000,3274,64731,8.52
1532,263701,92854,49149,5716,179862,22144,71534,8.56
1533,172369,191736,128848,68585,226297,19190,52607,8.69
1534,234659,60914,92167,68195,167585,9694,73344,-0.96
1535,60143,43252,125910,93741,172006,25860,92366,3.26
1536,298348,27925,128763,94497,7868,37951,16948,0.75
1537,8962,210035,101723,25164,149782,38492,74017,1.96
1538,321090,204392,174548,56100,63645,48624,35519,3.92
1539,7561,16144,240170,44617,294590,31450,59029,-2.13
1540,9835,162477,170242,72433,251830,45662,19844,-0.96
1541,337692,42620,40063,88254,68014,3950,36275,7.32
1542,133939,50220,208322,38119,55212,38171,98509,0.09
1543,373455,107060,172878,94726,104408,29712,70999,-4.09
1544,401810,117687,175825,72977,167116,20665,48716,8.09
1545,240167,155846,80780,35326,196711,19320,85365,2.22
1546,82072,183889,164369,85507,177005,30963,60723,-3.18
1547,191623,67410,14535,4902,74984,29612,60486,8.48
1548,456616,41101,74570,50536,155525,36673,97164,5.15
1549,28588,130801,102144,26094,53364,7260,19376,9.65
1550,453838,91344,8605,22635,275905,10392,48011,1.91
1551,366414,187448,246268,15877,68609,2108,82067,0.21
1552,426115,125881,25783,31065,74430,23282,54472,4.66
1553,313155,6110,99361,68650,68971,1515,28980,2.04
1554,421935,135194,40958,31254,66861,7942,2258,8.77
1555,335044,164145,84048,92783,220785,17350,92028,2.27
1556,423555,53032,60786,59549,199548,25187,70342,8.56
1557,168066,213815,39441,53576,137463,9160,29904,-2.59
1558,124081,72685,172482,40969,26053,26061,24561,-0.95
1559,458868,191321,126214,28066,156441,23466,19249,6.64
1560,33214,22549,244258,82861,93169,2821,64677,3.08
1561,365268,86435,172374,93250,90860,29645,73888,3.63
1562,466868,195462,186237,71431,151571,1765,56502,7.25
1563,262232,83881,84462,40154,237022,23522,7900,2.47
1564,79516,69400,198885,64212,274540,13644,26015,6.09
1565,396833,117706,197997,50127,291126,45957,85413,5.91
1566,81403,79493,38818,43066,28996,40752,91121,8.58
1567,315522,219564,67480,72178,275112,36029,28891,1.26
1568,149803,88452,221938,39550,92354,27426,25882,-0.6
1569,312218,189610,217441,33955,197052,16683,49971,2.5
1570,251573,150736,74348,18440,248208,1643,95213,7.44
1571,8225,9756,54237,65696,67964,43182,58475,-3.97
1572,219413,78643,198343,63367,171272,49770,91867,-3.56
1573,292816,160699,6352,20208,198055,33676,73018,0.82
1574,426710,21453,3595,90651,146329,42923,80061,-4.23
1575,496089,62540,44402,71683,112625,15247,17256,-0.24
1576,24275,190849,144520,18917,58934,17449,57646,7.55
1577,150081,100829,46832,97705,249216,1978,72265,4.55
1578,495897,15942,156452,18242,124164,13090,33037,6.04
1579,265752,48276,213493,33384,63044,30045,60851,3.94
1580,238866,72411,186223,9108,219049,4620,26844,5.49
1581,192842,34752,127754,36448,60322,10557,97038,-1.66
1582,92703,122573,115417,79207,59783,40872,24133,0.84
1583,479376,198735,64221,89342,134016,31648,28112,8.58
1584,145616,175535,70248,56764,177163,11090,48793,-1.7
1585,336867,239386,71083,80421,24957,47120,68305,-4.56
1586,28975,248949,49896,39160,22187,45540,52460,0.73
1587,291730,248120,132464,95245,247801,41081,10044,9.95
1588,19927,61217,71948,82907,5422,9041,34296,7.05
1589,254781,99096,219378,54502,29098,29576,41196,-0.64
1590,85269,49659,63000,50051,36153,27589,49595,0.35
1591,481231,124416,214882,62487,150444,42529,4132,8.31
1592,183906,137477,19905,29623,210772,2083,64592,5.15
1593,434430,120994,34428,28090,13735,21088,99061,2.11
1594,168909,11282,222188,81402,133518,13912,82248,2.35
1595,454320,125031,117135,17113,125128,20415,40228,2.3
1596,300062,112360,180234,60241,267291,26342,99438,8.37
1597,163765,243852,88853,9488,12452,33076,14160,-1.12
1598,340824,95923,66329,27288,120676,3540,81346,7.25
1599,474224,202112,148514,72966,65734,34631,79654,7.54
1600,221562,102622,143764,65134,249480,28680,98099,2.84
1601,163870,53878,240187,34454,48765,13488,95871,4.83
1602,65257,30675,205362,9672,136787,38572,84955,-4.49
1603,493897,170731,100960,1257,248061,49857,2584,3.08
1604,233547,109049,178067,22478,228075,14050,64008,1.26
1605,247417,41767,26296,9297,142981,14142,78859,5.19
1606,471583,166314,232550,77974,5114,9287,54600,9.89
1607,331596,166591,127034,12039,175616,17942,36859,4.45
1608,133895,49694,233684,53793,293604,32098,92790,5.03
1609,357823,116748,246904,11140,8968,1600,60379,4.03
1610,384870,136455,17837,43422,168881,49901,80965,-1.3
1611,344897,235176,40780,54234,15758,24468,46304,-0.19
1612,233901,46417,8160,60730,197616,49381,78014,5.38
1613,300267,233051,81852,35430,261325,29332,84408,6.71
1614,323212,92657,58799,94605,296760,579,9738,6.0
1615,254122,25605,85911,18941,230228,22442,19633,5.85
1616,148593,69085,18393,5961,79742,16573,16158,6.56
1617,115597,187607,196056,94671,282783,49997,84977,7.94
1618,194769,91347,30581,27325,241099,20979,86331,3.01
1619,228550,58337,172656,42590,101539,29348,68874,5.73
1620,56975,135037,221803,17606,273863,32946,31800,5.59
1621,466597,152267,16968,32688,100166,21028,2814,-3.41
1622,173293,93698,28296,84957,53651,47048,23374,6.26
1623,229922,174939,106371,82376,253408,49271,81786,-1.56
1624,305686,211874,173129,3201,188850,39038,58746,6.54
1625,24967,118347,169419,2761,250629,12102,91985,-2.34
1626,488420,228420,75652,80661,13455,21461,87162,5.49
1627,484784,210897,186589,79593,80922,45353,50154,-3.56
1628,294249,107513,169244,14347,180124,13810,31782,4.98
1629,393322,93505,122373,67621,98762,44501,35469,-0.15
1630,327032,79960,76787,1686,174199,14788,98929,-1.79
1631,202510,158571,126823,94073,122315,10514,21147,-4.49
1632,111364,117223,7771,42677,38985,18987,15100,4.29
1633,64215,36485,77486,57523,24892,39594,20141,3.38
1634,293352,41299,45905,10776,228326,13728,64695,4.77
1635,52302,138793,41215,3909,154468,27697,51660,0.88
1636,303531,62879,188329,6206,207038,47603,93106,3.07
1637,376813,38812,109070,75862,295660,31896,52440,-0.38
1638,182502,125728,238060,16323,98053,33906,94105,4.07
1639,197899,153787,180124,67648,79087,33392,99399,3.93
1640,24849,144624,10639,62730,22448,31930,80544,5.15
1641,346877,220854,171935,47369,297494,40582,26527,2.31
1642,403070,135129,104721,99617,12594,28461,22012,1.19
1643,321223,208955,75920,50302,249299,43229,78154,4.43
1644,162759,232513,115729,90492,108478,37629,81988,-4.84
1645,491536,65526,154857,47008,299121,21364,20085,4.52
1646,124222,82767,147324,59744,52320,12118,22882,7.57
1647,286949,89808,177931,66065,121436,34672,92448,5.2
1648,126283,194509,154189,88002,161234,1669,86941,9.98
1649,355162,15977,9459,66126,33799,22709,78297,7.33
1650,136467,214588,13515,84488,216455,27572,15677,1.46
1651,173223,94069,85042,9406,251726,33135,72121,2.66
1652,95627,205043,151923,90227,175567,47385,67375,-1.22
1653,492782,48607,234679,52984,30058,9841,38699,6.22
1654,221135,19165,24808,87404,244025,25274,73263,-0.82
1655,266642,121245,160271,18610,113244,25932,89087,3.78
1656,62583,185087,242171,86206,180049,9733,9283,0.23
1657,477288,171603,83503,76962,261393,45896,64247,4.01
1658,176512,149748,147453,37507,92250,42044,39789,3.09
1659,81270,151470,14767,74683,84310,45388,22004,-3.16
1660,72859,169877,140604,40286,92449,32926,78751,2.96
1661,12588,108113,199665,29348,278038,7044,33409,0.52
1662,477905,37581,9699,16022,79248,5099,23594,-1.08
1663,136734,174449,208150,39695,91280,38772,79706,0.03
1664,177542,180731,229651,26202,183158,28852,84129,-1.5
1665,491413,5337,152260,99724,71410,17785,78511,5.8
1666,98764,79739,229408,68042,183228,1338,68596,6.34
1667,262044,216224,153644,29819,233595,37404,27770,5.91
1668,447754,26915,163566,20937,63333,19514,44471,0.87
1669,89301,97845,159676,71885,35290,46859,97778,4.09
1670,462935,149810,228627,61011,277618,14402,29738,-3.7
1671,481261,105153,76691,63318,245017,39094,40037,6.4
1672,92385,29019,202005,55161,259657,24604,83352,1.46
1673,231176,94035,9518,5169,89518,17807,40628,7.56
1674,474345,57449,59612,71849,241019,45174,1164,1.11
1675,482661,62172,186089,33498,201350,39073,99507,7.54
1676,140488,103443,162310,3794,197494,36385,1373,2.58
1677,471456,39877,214996,82623,285052,36077,14976,4.58
1678,492121,242902,157619,51547,208800,38494,94954,-1.89
1679,402944,203458,37051,9570,195707,17552,68041,-3.81
1680,449847,113215,44932,78938,262935,39565,86591,4.01
1681,144134,175647,63362,47825,274611,41335,63732,2.68
1682,14607,176472,247649,6768,230606,30008,3328,-2.4
1683,420093,234495,93066,63936,251506,6357,15969,5.83
1684,452745,17662,26726,32917,236473,25820,27653,-2.18
1685,367363,174477,206545,84963,25414,30315,94733,-1.9
1686,266542,103553,109332,26960,12073,26322,50407,-4.75
1687,402508,103685,162637,26475,131529,24410,68509,-0.8
1688,230396,59036,177141,19615,254764,41703,89532,0.16
1689,403258,111970,118223,73949,68473,31499,92184,6.83
1690,461028,170935,175602,31273,119937,12940,91601,7.89
1691,180523,236543,27114,71301,271242,37543,43511,1.79
1692,197993,55888,60540,63157,50191,10016,25256,9.15
1693,148801,6388,169110,89606,298691,20563,93682,7.79
1694,340587,36367,38934,71156,227668,11588,90970,8.52
1695,360680,40286,169976,36312,197012,33100,87945,-3.7
1696,266224,87493,228883,58245,120044,1217,5185,-4.42
1697,195612,79926,108643,61085,125505,23121,84765,0.76
1698,490663,74908,35059,94339,62136,11651,91106,3.95
1699,30061,57637,4232,63680,164178,39937,26342,-3.24
1700,5135,132605,216527,46260,29050,16964,46798,9.59
1701,469426,104772,200003,71995,230828,49787,17499,4.31
1702,48666,94636,135633,50372,32076,41287,97960,9.02
1703,421755,95998,136291,52044,13265,24954,63658,5.36
1704,183514,12081,189249,92859,95683,40857,69715,-3.0
1705,28666,47130,66348,80565,226048,41132,3528,2.75
1706,47680,190424,217932,9828,263873,16977,72946,8.68
1707,261214,70444,100800,93078,54201,5479,52011,1.82
1708,333509,19047,60977,36143,138840,46079,55804,7.85
1709,48339,228698,192569,15369,13694,32279,22922,4.97
1710,145288,167885,85563,90600,269420,16529,5859,3.06
1711,172896,181520,226120,91471,117155,39350,81886,7.36
1712,487626,237231,52988,80308,176548,45316,45163,1.09
1713,262419,9457,36872,81777,181515,25567,32567,3.93
1714,317415,179570,83855,92529,49310,31910,12627,0.5
1715,331710,124388,169728,85042,31442,37763,39950,3.77
1716,429095,51602,137000,47682,20699,11903,70072,6.11
1717,66298,51551,45084,90655,234774,41235,18254,6.85
1718,425880,233638,44062,74523,40611,6493,10808,3.62
1719,180056,65623,119674,42721,55731,37131,44655,4.92
1720,143882,13671,238234,66711,103733,27300,27491,1.3
1721,367329,156794,22995,1573,21746,22606,82807,5.35
1722,138917,119232,13784,2366,175837,39248,99353,3.99
1723,174022,97061,235040,21455,71091,42726,31913,4.04
1724,490784,206215,193776,19527,119140,40007,13160,2.83
1725,17138,55217,33011,32228,235500,45869,21429,5.14
1726,22835,208858,233794,38956,239989,21175,54817,-4.01
1727,54180,57819,210260,61170,84053,47962,33169,-2.52
1728,350009,7506,186462,73194,237234,3043,45417,-4.5
1729,245630,54098,122120,71328,231871,26600,52553,3.79
1730,121888,243354,104673,99363,113485,34841,29968,-1.56
1731,480169,141293,14852,84253,139233,43172,40755,8.6
1732,422141,56280,117884,15624,79695,8372,62225,-1.2
1733,414471,199234,153138,78141,93651,34852,86778,4.27
1734,37291,23410,125679,33397,298333,38154,55095,5.76
1735,55148,101683,94351,45733,104490,40361,99465,7.3
1736,163024,238391,50440,58614,33893,40035,56082,5.71
1737,75786,93149,62484,8150,13252,38918,41930,-0.68
1738,145590,88543,99768,82631,178883,43278,34200,9.34
1739,42758,86593,110530,86795,141530,32747,17114,9.07
1740,13324,35485,66202,40415,283490,33580,78149,-0.0
1741,258325,224971,156693,8213,120567,5758,50754,0.7
1742,251604,150387,69493,58407,116059,9434,23139,8.51
1743,271857,66126,108484,21944,151245,12112,50196,0.4
1744,125270,50703,53590,20435,227123,11635,68972,0.01
1745,287919,177408,243402,70258,267450,45834,98464,-4.39
1746,267121,231948,197218,99422,244008,47112,57621,-3.59
1747,73467,127192,164636,26562,215535,43108,17913,3.0
1748,355910,16279,195185,9537,229076,48365,29616,-0.87
1749,361733,199332,132891,84355,147205,1951,85364,-1.46
1750,453732,30292,55814,37172,22201,24876,53246,-1.15
1751,222959,118311,184654,49341,212505,32927,36678,-1.72
1752,421699,206638,25613,31375,61299,39089,91499,-3.51
1753,408226,117235,31039,68308,179423,41900,30300,-3.9
1754,410051,230006,148303,23900,197668,48303,28634,-3.37
1755,221567,27374,137708,49049,219112,11114,65215,-0.57
1756,57233,236779,56184,96346,139819,27198,49195,0.38
1757,65327,51679,94761,46544,224462,18410,7739,-0.21
1758,67622,156570,118362,30536,212477,23925,20402,-0.48
1759,426774,246386,3569,35325,218826,19490,29248,-2.33
1760,271586,245288,230323,51442,256942,38093,13328,1.76
1761,361881,145967,58508,41910,146755,37719,10646,0.13
1762,229178,154899,120922,15369,293084,26566,69916,-0.91
1763,415716,41474,190162,52353,7901,13094,78309,8.35
1764,471562,175415,90666,75773,113107,23197,52465,-1.74
1765,294578,202323,17991,43110,215799,22018,30334,3.93
1766,198606,111739,241630,41304,55971,20606,14721,5.84
1767,415724,16097,209266,43124,277398,24337,65974,-2.48
1768,243734,164616,75776,84897,20390,19209,8473,7.79
1769,129442,91410,84076,90853,137744,18769,58100,0.84
1770,217875,6702,246888,88049,249606,26751,79892,2.26
1771,397266,121696,212076,89085,40324,3285,79203,-1.44
1772,45917,196957,227357,52556,132202,22703,51747,9.08
1773,489542,228664,188087,30326,45428,2800,73918,0.52
1774,101360,172438,84479,13483,269174,27742,5218,-4.39
1775,272880,24099,179574,97924,176646,16086,71714,-3.77
1776,52584,213400,172112,33755,66041,41307,14047,9.39
1777,131920,206815,227483,23883,292842,25002,68135,-2.73
1778,410020,15390,92942,64715,287407,45659,29790,2.7
1779,20758,169244,200554,81018,125596,6239,51180,5.13
1780,441312,101139,113475,46495,86897,39059,8969,0.59
1781,40798,202919,162579,3182,36954,12582,96294,2.64
1782,242943,14867,170604,18343,214501,26043,37361,-4.66
1783,453408,6479,231647,76416,10759,15680,32772,4.45
1784,391903,136597,58808,54726,127584,37963,40415,-4.75
1785,391951,152353,235150,41605,209710,8704,41984,2.93
1786,206190,141446,167038,59471,137706,21298,35682,-3.66
1787,151043,31607,60020,86162,126932,42766,90372,3.44
1788,317558,90484,7814,9835,167558,9144,46015,1.42
1789,148702,238169,50379,63054,250031,44095,53290,4.4
1790,462166,249673,54042,26578,59251,26008,73923,4.86
1791,45330,241393,5381,96814,80276,16422,23238,-1.95
1792,409198,99321,20328,82009,231699,9313,22692,2.25
1793,479282,189388,207472,85568,17914,27431,99201,-0.3
1794,186836,170302,100806,75697,162516,37174,62491,8.77
1795,219039,226963,31339,37686,170084,22040,72659,-4.6
1796,231532,198675,169903,82494,133402,28594,22114,2.91
1797,169896,194363,78535,29003,221961,25958,98553,2.7
1798,129586,118490,74248,81880,285459,4801,90820,1.97
1799,75185,137976,11311,48188,250676,27280,24677,-1.7
1800,266124,50838,149531,52350,257459,5796,71764,-4.44
1801,327693,116627,122596,26443,257108,5675,26570,7.44
1802,334717,201452,86045,99148,263022,17624,21267,-3.35
1803,261018,241643,176321,45374,61668,40738,71575,7.5
1804,205142,124087,85225,10313,235810,35690,65891,2.42
1805,153798,13373,148785,67102,282053,41406,55884,-3.72
1806,9886,125468,126013,17574,47069,6570,54132,-0.52
1807,430048,13929,58188,11868,59394,33230,76140,5.65
1808,104553,215060,49625,85833,276001,13523,40789,-4.78
1809,365335,157860,138737,9162,222946,22243,55620,6.91
1810,266664,135669,217778,65180,246753,45633,28509,4.29
1811,300475,240760,149859,60579,201481,1124,59886,-2.77
1812,261777,45197,192293,47825,282497,18918,38183,-0.58
1813,133732,124728,69049,69420,292333,8794,50371,-4.83
1814,13339,232625,70182,80267,162753,16957,29265,5.68
1815,284679,121030,31700,97209,54507,47889,56116,-4.32
1816,273621,240249,25778,27150,244589,21583,35931,6.88
1817,229177,124634,150042,53393,124595,27804,76121,-4.82
1818,261647,110415,188196,82822,210483,26278,40142,8.17
1819,427696,85741,40045,36043,88028,12591,36780,5.66
1820,255244,95331,80257,69005,68786,3264,33550,0.67
1821,154295,165532,239394,3399,113557,37635,86453,5.42
1822,247046,166136,199806,25202,274674,27727,90280,-1.17
1823,81376,143994,109010,81191,184228,37725,14669,-4.02
1824,353255,104797,36329,19022,222800,3389,34252,-4.96
1825,32746,180039,166438,68799,58298,3770,9232,-1.67
1826,48958,19574,50993,69367,254024,3467,54321,7.24
1827,269466,195335,145291,52829,225487,35688,70529,-1.77
1828,251805,178618,30339,53632,111024,27198,88494,8.3
1829,143884,166495,211338,59741,69073,49068,73050,-3.79
1830,32176,209763,44617,22122,261232,6475,49482,1.62
1831,426438,51883,159419,35662,174267,29198,49185,1.32
1832,461537,162037,231413,28855,54842,2118,29985,2.62
1833,153504,247158,63329,85778,233777,29827,65119,5.73
1834,269935,234092,7189,99181,206972,19818,99268,3.97
1835,127641,65806,52237,26049,272352,38968,98113,-0.81
1836,97889,194848,90505,28285,202851,39176,35160,0.41
1837,44433,182353,202309,40370,144563,21631,4101,5.82
1838,226472,185557,20622,33691,72979,13774,71695,3.02
1839,449182,208543,141766,55638,115063,10388,83852,7.45
1840,410368,93518,119846,14916,89822,46200,33733,-4.35
1841,29709,78692,70386,14482,195761,45642,17631,7.37
1842,405952,25041,227082,17067,260278,43138,85778,5.46
1843,213079,186058,245265,11119,235053,32555,99601,3.05
1844,32847,118709,36023,65690,63283,43346,46405,-0.68
1845,343426,205413,139369,77482,145440,29183,12673,3.36
1846,446903,203251,91842,77680,270392,22911,91292,-4.99
1847,412741,23950,87191,79736,106375,32475,66914,2.03
1848,309835,184925,134781,21062,186094,37060,44117,6.95
1849,90529,167729,149121,40763,241434,40245,44138,1.1
1850,299386,107153,180009,64216,52604,40857,54696,4.18
1851,388103,28555,149720,26152,258125,43373,43671,-0.83
1852,142097,199846,153626,19382,74544,38570,96401,-1.45
1853,126298,25426,15317,42622,267463,30436,57982,8.12
1854,23026,158997,241292,16262,46338,43222,75921,-4.02
1855,104606,88766,166654,77448,144558,48025,67314,2.93
1856,244880,52886,230685,40080,239020,45080,71608,2.63
1857,60500,150443,99878,60297,73778,31121,89414,7.94
1858,55642,145460,122618,27585,136370,6287,96339,-4.27
1859,355540,113096,46776,40330,128260,33304,62870,-4.29
1860,422036,203875,185808,67709,42239,7398,3999,1.61
1861,75557,237358,201727,2882,119816,5339,35064,0.87
1862,156844,31362,32322,31272,68971,8364,57270,-2.06
1863,200301,2569,205895,92591,91018,2565,67868,4.95
1864,242700,147721,26647,40622,43990,33389,47241,8.11
1865,388461,103842,248119,40241,158281,7606,30817,9.38
1866,253350,107208,243377,94510,131578,13032,86576,-1.46
1867,283400,89826,185689,59977,29258,43127,90200,-0.61
1868,426601,140310,137796,67107,82266,46108,51234,0.13
1869,97020,98099,3175,56296,222270,28575,58485,-0.55
1870,417052,158792,130308,46947,281797,14543,50718,3.11
1871,307817,111630,67261,88851,230876,41602,39193,6.73
1872,251305,158625,221833,84183,92887,47096,69131,4.42
1873,167973,57276,244729,31986,231902,44178,90362,6.48
1874,420871,147100,169163,25706,6864,10109,33291,-2.87
1875,39161,40183,95534,47066,94810,20579,49138,8.63
1876,458843,157089,80349,63894,22131,34913,50413,-3.84
1877,320588,89628,128422,23186,272839,47059,53888,1.64
1878,372106,90789,133418,50231,234381,42384,44399,7.31
1879,125848,96801,204334,84838,18284,44797,55464,1.7
1880,339482,38466,84765,1519,256712,7956,35575,5.55
1881,195260,13169,66459,56019,45116,42915,38853,-1.64
1882,315952,157037,88934,42547,272494,34272,73460,4.74
1883,18516,126306,129707,78005,123355,43557,8048,-4.59
1884,450099,210052,161485,51581,200292,12244,50949,2.23
1885,33220,205073,211787,16196,52593,6971,20433,0.26
1886,236047,18043,149333,37831,158645,8665,13586,6.91
1887,478167,131659,8066,71513,26013,11039,99339,1.91
1888,91786,37841,47836,72873,84889,7890,42886,-0.15
1889,359836,18985,137591,74376,217263,42462,49844,-3.99
1890,483768,59966,112475,95721,43479,1826,61026,8.7
1891,479301,36202,10527,38584,35373,8922,92044,6.72
1892,387038,46887,82071,72117,41584,33765,94549,-4.17
1893,418311,129500,160647,64499,289584,15301,35577,0.16
1894,152648,48044,157068,34698,29912,38841,42019,1.26
1895,7153,206659,28140,15590,123105,47738,78091,0.72
1896,312164,128430,81849,44595,135115,44130,93233,-3.84
1897,273170,114752,245431,92782,139146,14454,82357,-0.92
1898,264040,186375,93232,9420,296316,6053,52040,-3.71
1899,379966,217994,149446,90739,196949,21349,76958,-0.84
1900,233119,99372,108160,22270,128756,10771,21468,6.54
1901,119090,191982,19973,19745,193703,47581,5783,3.77
1902,308016,48161,23548,94123,278328,37063,15775,2.82
1903,195222,224250,125881,96806,140929,44682,3830,0.09
1904,7570,114901,114726,37062,194163,17024,66554,9.39
1905,237575,184430,14815,56428,27516,33304,97811,-2.89
1906,53552,15825,19954,59242,155832,13471,1466,-4.3
1907,56597,67176,14388,45865,216784,44663,19274,6.94
1908,321303,122539,239913,20406,143151,46479,60683,-3.79
1909,490732,209339,146914,4776,19533,15734,77724,-3.8
1910,188764,69709,47722,32390,126501,21800,43018,-0.11
1911,81618,189471,233836,13572,100697,49391,86877,1.63
1912,256891,127797,184160,87743,174070,37119,85758,0.92
1913,386136,163679,42361,22938,268436,11442,4408,9.13
1914,127168,99402,99938,95575,109054,30887,69090,5.79
1915,113490,177184,150313,56095,147470,15267,15431,4.24
1916,12211,223498,74919,43953,89061,47193,74246,-2.83
1917,127279,3518,31952,83157,274072,2720,94277,-3.1
1918,45881,14127,237320,52115,129174,25261,86438,-2.14
1919,147576,142949,71429,35609,57665,45845,86890,6.11
1920,446889,226074,132336,74106,178793,29218,56259,-0.77
1921,406503,89856,49992,94104,7487,18274,65556,0.15
1922,377820,246089,164474,25429,47876,9229,5691,3.92
1923,433665,24703,130667,54459,214540,43480,72312,-3.38
1924,484911,140012,121771,67084,224052,9724,12699,-3.56
1925,309177,144613,197711,15180,39664,14044,68318,2.6
1926,48566,160043,138195,62305,282566,37527,10721,2.23
1927,43902,5847,246932,9790,68541,47389,82100,4.78
1928,117355,229457,23005,49100,205779,45957,89330,-2.65
1929,76872,247873,143479,10486,71341,18356,47305,8.67
1930,31077,170000,48030,40491,201022,23212,37355,7.15
1931,118591,191256,28401,71830,19517,32536,79977,-4.84
1932,247331,199863,204351,58720,147727,31717,15173,2.91
1933,196782,32431,184330,87679,87752,10819,42762,6.53
1934,163846,85008,184220,15035,258231,41396,48947,9.18
1935,336607,55174,48966,97270,47588,26551,48981,4.08
1936,491108,112966,47341,24991,166552,44803,69802,-3.7
1937,47529,237302,190016,13105,263048,3562,80714,-0.7
1938,321241,16507,24349,91088,143567,3539,90269,7.36
1939,298249,19978,46085,18204,142428,28978,95310,6.37
1940,150842,136906,62698,59859,236454,569,22770,-1.9
1941,99333,224920,93150,9152,165456,37497,89374,3.18
1942,330074,38037,159193,6304,248787,35670,66612,7.97
1943,176388,35251,95466,26044,21909,20221,47068,1.66
1944,461729,181422,26603,2184,18564,22655,66814,-0.38
1945,20172,25245,161033,75208,275095,31427,66244,8.71
1946,215731,141229,53556,97130,245851,34123,23599,7.68
1947,216982,117110,166935,40725,59237,19778,29525,-0.19
1948,488679,68655,10099,14113,147325,5750,99582,-0.95
1949,300630,137243,233406,13303,26479,32091,19728,4.0
1950,152827,74556,71325,44441,155856,21629,98222,-4.79
1951,481144,53392,237604,35305,241485,2164,65397,-0.75
1952,103607,8507,31935,31761,57088,38407,52557,9.87
1953,226434,189065,129177,16141,41337,24473,4427,4.52
1954,474660,200095,218731,48384,90145,17898,5235,-1.42
1955,249891,121582,112696,48897,207165,6719,64713,7.27
1956,480242,87389,155254,10045,138890,26837,20783,-1.46
1957,86361,171744,226511,6632,177214,35949,32871,-2.9
1958,192476,41884,91326,35902,40512,47321,70086,8.36
1959,463205,244596,244410,86106,169200,24433,32976,7.17
1960,115177,5214,106062,90991,2645,40732,39829,7.79
1961,50972,62805,199823,13611,214289,17471,74105,5.91
1962,225414,105358,72043,68094,66143,33983,69247,4.94
1963,498601,244124,204607,98848,207981,19112,35036,7.93
1964,42384,116093,130977,13885,10032,44502,3497,-3.13
1965,24469,90516,53617,75652,280180,35359,85838,1.91
1966,415347,129902,117954,80951,196087,44942,26405,5.07
1967,21507,125140,48690,12057,205790,5999,32279,-4.49
1968,308290,191452,154063,6550,222933,18987,71707,0.72
1969,66752,25365,235477,78869,264961,10810,76112,5.56
1970,134045,242224,59117,14723,24805,39607,86933,3.39
1971,486264,135285,127447,68659,268307,23053,16804,9.62
1972,278000,110095,203284,88092,220398,3134,24866,-3.67
1973,141074,43075,12684,18553,167917,24544,94752,9.38
1974,399261,144314,118402,38332,274190,11475,58616,1.45
1975,251259,9422,141041,11523,291444,11573,19393,-0.56
1976,413955,21401,96638,48384,108526,23386,79043,5.63
1977,184446,39987,241836,27798,28720,39510,27570,4.33
1978,465278,128763,56990,96118,6115,20237,72946,1.68
1979,258868,117662,194841,18152,227313,17822,77991,-1.58
1980,486670,96581,71685,95346,43809,27772,60765,8.16
1981,474297,41796,200067,75286,102098,32257,30054,-0.45
1982,154901,16412,33908,55375,63822,20198,19979,8.45
1983,65558,204353,100121,30919,137179,33816,44443,-3.93
1984,318396,51714,39347,2941,166932,41384,21932,6.2
1985,259747,120309,182010,32650,34089,7581,17009,9.58
1986,179808,170287,24079,51195,61971,18282,24272,-1.62
1987,351846,236393,138371,98436,104002,26507,77876,7.37
1988,116402,136713,235805,57141,172727,13712,18113,7.89
1989,358528,185554,167192,50481,236263,15423,13515,-1.09
1990,386362,178693,11443,91427,209069,15525,98602,6.58
1991,286574,51060,179675,15376,248688,9921,65513,-2.81
1992,123858,48075,71123,97697,233393,45276,69588,-4.38
1993,404017,220276,41021,99045,253240,43210,95520,5.04
1994,123260,184151,30301,56975,36849,29046,74488,0.13
1995,155313,64893,20604,76760,245241,20629,1829,-1.75
1996,270515,211229,35951,92497,12175,2311,99296,-1.01
1997,365375,143399,120029,35951,185868,23515,91607,5.31
1998,83069,46692,193759,45790,87870,27641,9841,-2.17
1999,17354,177310,112832,90173,151105,6379,67717,6.09
2000,210368,48703,170527,53221,62681,43836,96031,0.73
2001,148759,173900,85670,73816,38356,2378,36332,5.85
2002,271065,85584,197493,22172,64258,33400,58398,0.66
2003,105086,46266,72653,9440,223494,21971,34723,0.13
2004,362207,24762,38053,47307,180712,46178,41644,0.67
2005,69513,55436,198221,63398,193562,45539,41692,5.07
2006,153593,92195,52048,71903,155385,8426,34185,8.65
2007,100067,28574,154506,46501,98027,39336,92897,8.99
2008,75105,84738,41402,14209,34124,49933,66763,2.61
2009,71557,199829,112401,10541,273280,41752,14181,3.6
2010,331449,195038,191992,92728,297339,33476,92015,7.79
2011,319989,201960,241324,9202,33792,42370,67564,4.63
2012,86526,82072,63556,79998,242926,542,44217,6.22
2013,279599,75022,56757,58708,151803,34754,14568,-4.78
2014,134065,9089,10146,62142,179221,1060,80673,-2.54
2015,291038,37498,84003,36854,49824,40855,9047,0.38
2016,35429,65717,33064,46914,277016,49825,69682,6.54
2017,131269,12720,91592,20342,6927,1532,33445,1.19
2018,198388,222124,192551,17941,138096,42787,77228,1.62
2019,413192,206561,124500,39545,177664,12759,49202,8.47
2020,58331,70388,224669,18689,82200,44941,29005,5.74
2021,96664,209407,203597,14893,112787,814,33045,-4.25
2022,111016,234512,151165,31587,82436,49829,72174,6.98
2023,146791,230253,108318,63548,41237,36933,24787,-3.95
2024,101290,206600,214408,41501,278797,17552,69311,5.94
2025,252905,168093,120671,20561,4900,39763,97393,0.34
2026,441035,73408,60045,95825,171769,7182,27546,5.5
2027,132534,238967,19266,3381,145842,24091,7363,-3.81
2028,214554,85275,100821,76704,182096,27188,54024,-0.97
2029,474712,46495,68995,7196,279943,9561,42748,-3.09
2030,304542,59465,31627,64645,24345,9989,58746,1.06
2031,167575,249824,88907,40053,71300,37336,31558,2.62
2032,268795,183462,70361,29074,87484,41653,97680,3.59
2033,94952,43059,211795,90211,176303,20921,59608,3.47
2034,105286,87550,187535,87867,281528,45354,32863,2.36
2035,286045,139372,222386,85260,161454,38261,89606,-0.08
2036,317223,96980,153217,90948,141412,1040,95872,3.15
2037,396894,115384,134015,56903,269571,23348,38864,-1.05
2038,43547,33513,79243,84872,160296,12119,80419,-0.38
2039,162987,196263,35646,91270,221914,5681,66976,-0.92
2040,166411,149200,75173,24746,179048,35849,13861,3.0
2041,46721,226431,153971,79015,285728,3834,67959,-4.99
2042,235661,210493,70403,14873,131599,22719,3186,1.22
2043,255585,93749,214054,47472,13182,22640,43696,1.1
2044,130536,138678,77303,16815,205865,3110,25037,0.58
2045,377646,220762,176303,55479,59104,2743,84962,-0.11
2046,61246,176848,129125,71941,11234,4448,81228,5.74
2047,215234,218258,174467,25444,294756,26535,99405,6.43
2048,442864,13446,183567,23669,261347,31292,75988,6.27
2049,310529,61753,119329,24756,197274,10600,8578,1.16
2050,219890,136096,186789,93716,17688,46432,15253,-4.01
2051,290358,188398,101632,58516,108083,24021,16631,-0.83
2052,61355,73709,34335,44559,238034,8762,97742,2.56
2053,445420,211091,119696,50694,68507,35894,54423,7.09
2054,367886,194245,17928,22522,74420,22491,77175,8.86
2055,353662,236120,109025,88020,10309,14494,45258,-2.15
2056,43961,145158,143495,38956,140482,15968,77981,-3.52
2057,166639,24252,205184,56154,114214,29296,68469,8.03
2058,301296,216160,130898,56708,165146,1142,50529,-0.82
2059,401018,178101,247250,83545,172746,32997,42003,-1.43
2060,194311,205227,92650,13788,216489,16542,4027,-4.69
2061,63826,53437,168214,67589,56010,25548,98676,2.39
2062,19855,191598,60457,30320,175038,5665,72250,8.19
2063,17412,179307,45403,89088,29818,27427,43561,5.49
2064,268128,52583,66577,40492,210916,26668,59607,-2.3
2065,240107,50952,100876,39171,198461,22342,19249,-1.25
2066,355675,244926,239030,62091,116283,39422,56965,4.65
2067,57101,60169,224055,94675,72403,22769,49954,8.06
2068,34732,148417,74231,11860,207123,30997,63161,1.42
2069,39581,175307,148848,42409,137186,7097,66634,-3.22
2070,434628,167815,156100,4401,167530,11235,77827,3.27
2071,382214,180683,245213,15481,292427,36728,28064,3.32
2072,293862,51689,103531,64582,296437,35784,32799,-1.98
2073,371992,28056,93060,12664,217949,10115,25295,9.92
2074,36929,123482,62091,27069,34378,41046,40787,6.89
2075,497736,39925,12605,28544,4657,12238,99737,-4.71
2076,85418,193692,246594,26646,245100,27077,96138,-4.45
2077,207739,205551,227776,50864,226560,37409,11966,4.9
2078,57311,56336,23099,89203,191077,34221,43983,10.0
2079,248130,135143,200737,10753,254189,40631,16381,-3.21
2080,149645,133119,23589,49972,47929,3424,74315,-1.12
2081,336842,179140,247786,30581,34375,18954,76827,9.22
2082,157726,207700,138613,29226,43875,19528,67588,0.79
2083,388587,109043,183725,73567,177276,7026,99818,5.27
2084,314620,48749,246046,13488,281196,12987,13021,0.24
2085,172782,90233,8126,59044,4300,24441,67390,1.86
2086,474158,172190,204506,95824,228609,9195,39256,2.24
2087,455595,89847,76873,67421,218090,14254,69092,9.57
2088,256440,89070,180518,23780,218249,19755,79745,2.49
2089,389929,86255,52729,48443,37347,23720,47778,3.97
2090,96429,177777,18589,46230,236005,2686,84331,1.11
2091,409972,58477,190755,76795,299570,4220,94927,-1.89
2092,133816,95121,243481,28670,36157,18325,86567,3.21
2093,407661,22620,120284,23909,4360,33331,14771,6.11
2094,160868,176633,237498,6699,196796,10521,9497,4.08
2095,242067,179396,61473,67618,94827,11185,44690,-1.4
2096,170726,155754,180190,40734,55580,10914,63514,4.87
2097,109401,132263,205846,76470,279303,38791,55358,3.65
2098,178393,116582,104794,82028,44191,5088,25804,-3.04
2099,261156,70889,155988,31413,53723,2212,72349,-4.73
2100,340601,101251,245758,53063,242647,32022,24793,-0.52
2101,257442,197075,122796,25591,4094,1479,18303,3.22
2102,6256,3036,38605,40268,259600,32385,46271,6.24
2103,118201,155663,120250,5285,252458,31113,94489,-0.79
2104,183984,62583,230913,71199,234139,5186,76304,5.8
2105,13647,130621,109213,54230,164104,7123,66835,8.96
2106,155847,67651,209135,62530,97978,21518,20193,-0.92
2107,17594,81880,133244,32063,72416,41494,9051,8.58
2108,38378,234187,47173,31132,142008,3545,31894,8.87
2109,205644,136141,166637,39124,32481,17627,73653,4.67
2110,330430,85230,15059,75846,243739,38718,48539,8.99
2111,320468,151342,220446,98628,166060,47811,96980,-0.64
2112,72650,141019,185151,84651,46286,32179,21545,-3.9
2113,482428,186719,179624,27031,84524,16763,80171,-2.29
2114,76667,146629,211462,3764,90407,8627,62873,-0.08
2115,197564,143264,10785,9785,291357,41157,49376,9.7
2116,86782,118474,193504,77956,177495,1627,95090,4.61
2117,11464,141410,181109,13390,279950,32730,76956,-4.5
2118,373578,176076,203615,49659,56262,15134,35415,-1.17
2119,80792,194864,249375,34922,228587,41159,36694,2.03
2120,143424,54627,178960,89575,295336,35939,51568,7.45
2121,437663,92492,79113,74675,200798,36205,35188,-3.19
2122,452967,54266,212096,27178,218339,37565,65863,2.98
2123,79593,153451,161166,14479,108361,6586,43804,-0.34
2124,450780,44002,75745,27836,253310,12316,65515,7.27
2125,198282,137295,33054,68194,198106,36369,75524,6.4
2126,79481,174170,29563,46033,11045,23422,20726,2.31
2127,25864,125511,215785,25563,168828,3648,61377,2.65
2128,26617,88479,149522,77613,8453,20538,8007,9.57
2129,122743,11654,85553,70992,243655,47740,13424,0.02
2130,445127,175900,172314,84290,292490,46870,53674,1.05
2131,440496,90068,158775,36492,246015,18971,80344,8.53
2132,469101,74506,182089,8793,52287,10543,59815,3.85
2133,152914,72617,136208,37753,25945,14117,89508,9.1
2134,29850,59412,212841,18174,41478,34972,86424,2.09
2135,457595,3305,105767,9009,117340,36861,59630,6.05
2136,255388,100278,182986,26614,227141,22909,17142,6.99
2137,313889,154087,209018,47514,24369,11334,64255,-1.11
2138,380917,217507,211308,86761,209470,25274,36667,7.16
2139,246011,164393,128357,46376,207028,38963,73276,2.03
2140,321583,57056,198478,14772,237808,34942,80381,-4.39
2141,128701,40550,60174,74016,32146,3466,18781,9.83
2142,61567,62137,26319,14200,114091,10452,69707,8.78
2143,210573,221055,154364,82376,141244,23748,8445,0.62
2144,215388,132379,117899,32251,293011,2323,1579,3.3
2145,409778,74937,129296,35705,293386,49393,32970,-1.8
2146,269300,83729,169037,38618,101055,4532,63283,7.71
2147,353845,210456,123806,1976,118107,24551,91260,3.8
2148,373701,49585,155110,58307,293918,28755,41077,8.35
2149,68485,48373,124349,70694,174489,35343,99156,5.28
2150,417229,235421,176366,46060,32094,18540,46202,-4.13
2151,245243,228843,216539,23913,131987,46389,2246,3.18
2152,434624,65462,90073,26398,104794,44315,68046,8.18
2153,379431,32883,106756,46284,28591,38317,26789,-3.85
2154,465219,156214,156737,74601,79625,17889,52309,-2.17
2155,484381,237341,142123,9729,218629,25691,10766,7.02
2156,288981,88945,241202,71202,54327,26396,34601,8.65
2157,236425,209246,241759,59571,205080,48060,35326,-2.11
2158,95577,85841,82388,83626,207321,9884,86287,4.56
2159,374622,81001,158481,36279,140693,16816,8331,-0.25
2160,358799,36771,85692,34175,226052,47631,7309,-2.7
2161,491705,18687,116437,7405,123919,31867,35237,9.28
2162,260455,19797,240359,95306,140472,1331,32982,-1.98
2163,359714,217207,194775,18125,19837,35608,30940,5.88
2164,497923,30558,247486,24579,244521,28724,45735,1.56
2165,182991,118823,145820,25560,118654,1315,19443,9.93
2166,409930,50373,188048,88985,58191,25112,19095,4.28
2167,390863,9827,209729,43786,65315,2280,38011,4.85
2168,43830,116167,141332,47655,3165,18324,77278,0.06
2169,171817,70171,94643,71525,176734,14342,7334,3.97
2170,7041,16947,219890,40190,273067,36572,47215,6.83
2171,407367,161534,179622,22653,198690,19799,48149,0.62
2172,9751,110990,49718,38130,246749,8662,12246,-3.2
2173,356350,47646,106243,21678,39074,24514,37566,1.23
2174,115820,14307,139831,62827,128455,29479,37674,3.68
2175,354196,91985,245384,24704,35446,25693,82199,2.23
2176,142978,124406,181852,83822,61168,15460,12841,7.83
2177,363834,114188,88408,61780,24038,23359,60027,7.43
2178,79132,119387,235975,6733,155218,4120,68707,-4.15
2179,182785,126486,114293,81007,85081,19980,99241,4.81
2180,469095,228601,213767,52258,45183,38827,43268,8.86
2181,347728,21519,203551,83862,131278,36593,60267,-3.6
2182,376120,219079,242473,48535,285408,48884,51955,-0.43
2183,277704,113877,179898,71077,64569,47979,32286,-4.76
2184,389913,194645,97651,93467,195377,41493,99776,7.5
2185,212454,37939,179973,14329,291137,39073,69266,1.48
2186,259728,70007,167200,3828,235452,8207,60544,2.26
2187,115809,104530,59234,41293,218823,3712,94642,-2.79
2188,184133,34518,10225,29916,298257,26059,99100,-1.36
2189,378525,38410,76761,40426,45268,48006,65429,2.99
2190,473538,65766,38448,25103,32080,1073,80218,-1.14
2191,156844,119665,43712,38019,100158,11120,59387,0.97
2192,71698,103558,176209,29232,130302,21100,75691,6.28
2193,442008,129729,146890,89033,24058,26222,27237,6.56
2194,362118,188689,111757,40542,204388,36379,35820,-3.01
2195,86883,55080,182700,65368,50512,44640,65778,0.89
2196,225408,66769,115291,94366,26850,10786,64273,7.09
2197,162946,171946,59519,25758,253266,31977,53480,-3.22
2198,494189,43684,91997,46957,29313,39642,91109,7.93
2199,259002,24886,49167,17994,258275,48235,36107,-4.62
2200,275652,169243,111873,74879,178533,27713,11565,5.42
2201,68132,218654,126853,50161,286027,25667,40836,7.03
2202,315690,75770,69895,54773,105428,47151,27003,3.51
2203,50931,26119,67361,54153,131496,3444,68881,4.21
2204,382199,169180,46070,8973,70681,34415,1789,-0.67
2205,62325,65924,129230,70481,188172,2011,32810,3.45
2206,303829,7016,88134,98134,103026,40804,94789,8.04
2207,379167,51379,55832,84117,16014,13471,11343,0.98
2208,197292,98668,97893,92638,292428,5340,96194,-1.06
2209,324799,214881,96447,21193,12132,23999,40192,-1.62
2210,216957,33655,135639,67359,286665,4368,67854,9.4
2211,179033,130945,217440,58413,151910,40612,93266,2.44
2212,363575,226540,248505,3688,13477,7300,93802,9.19
2213,297866,186330,8020,34355,186331,6355,62263,6.97
2214,438220,82979,164465,30379,38217,44908,67616,8.28
2215,140131,27026,141469,6445,264541,43994,4868,-0.94
2216,484236,169889,216691,29874,170757,24870,9651,2.87
2217,233459,194098,163164,71286,277974,21506,35414,5.15
2218,240220,236578,122743,10231,280484,41515,36425,9.68
2219,425437,61269,86767,21562,267901,1349,99511,-4.58
2220,337872,111996,177369,38064,82586,42051,88671,-1.2
2221,102063,106731,218132,45110,120450,6500,11283,7.42
2222,403728,227089,244547,14987,80541,37369,7843,1.23
2223,418114,185603,78351,39972,144675,46329,62592,-3.65
2224,187657,194552,187825,1760,59780,31610,82566,-4.18
2225,426037,100637,76107,30691,246314,18358,78246,0.43
2226,332420,212049,247925,3298,154005,29973,27957,1.76
2227,232939,90355,240936,29949,40209,12767,44858,-0.56
2228,144532,162047,80012,95361,271237,30789,5542,2.93
2229,188683,209281,148394,5892,13726,2242,8433,0.73
2230,178545,233727,121030,93315,124271,29519,65071,0.23
2231,80636,59033,40083,30505,231671,2562,87873,6.39
2232,191745,36111,182100,19066,17706,46939,29699,3.01
2233,81805,204900,98794,15042,26904,17491,1525,8.93
2234,33844,125340,178953,99895,220100,48864,71883,-3.88
2235,305221,58650,46299,20502,101862,1385,92430,5.14
2236,196028,61137,128979,86355,139906,43188,61097,-4.21
2237,7810,7833,79129,89321,152301,29666,75310,5.34
2238,114208,55792,55267,89464,7509,13070,67006,-2.6
2239,477968,170495,240215,57758,277722,23118,73594,8.29
2240,347868,122830,5110,71236,260038,40295,81104,-4.52
2241,212430,224574,4668,50933,45102,24424,77054,7.88
2242,236836,77354,163714,45994,244038,46870,53305,3.04
2243,115634,50456,44376,89355,191160,44996,50866,-2.33
2244,36963,204732,127085,76710,220605,18450,40036,3.09
2245,190806,105343,109933,89863,125969,37286,5251,3.43
2246,61929,148515,97830,48114,58435,13942,53793,5.26
2247,207166,125050,179942,6351,159140,24307,6424,6.31
2248,491399,137538,203349,18440,195082,14086,95320,-0.77
2249,274986,221886,80219,28685,116941,22205,7126,8.1
2250,220973,124563,146857,44759,202080,26557,5284,0.16
2251,25540,59050,190465,44839,264920,13461,73956,4.25
2252,145831,86141,22005,74772,133495,25962,38398,8.23
2253,124427,76664,206029,20809,65280,39930,20167,-3.27
2254,19331,29347,47637,76449,136149,15670,50308,-0.33
2255,119259,105344,100507,57776,70726,28780,37141,1.77
2256,61413,95624,78535,15554,246169,25892,81033,-4.69
2257,17667,134580,37321,78359,11546,5357,51796,2.49
2258,443054,179772,11353,11180,213507,3431,20166,7.53
2259,82702,49077,90434,18754,286209,34084,39141,-1.13
2260,171620,141045,9061,56536,83620,22084,20441,-4.2
2261,261428,155307,112182,64239,94964,33709,20646,9.37
2262,289403,166582,74990,99496,25015,48088,79893,6.14
2263,221610,172007,119386,55714,69247,16979,17767,-3.94
2264,103745,57584,167955,74350,139932,26282,17394,-4.07
2265,442086,108801,225443,98279,99755,44361,34865,8.07
2266,341590,56514,181266,90603,77249,15084,71383,-4.4
2267,272812,151787,152721,19282,289949,20396,28393,0.7
2268,170099,174817,66082,41266,243207,38144,42796,-1.63
2269,247562,171194,101604,44908,128588,46405,72880,-4.39
2270,274934,38433,41083,32490,234111,27232,15958,8.9
2271,347322,219753,22399,80915,181960,38452,75043,8.75
2272,389204,198330,120496,43052,53385,21872,31837,8.49
2273,162165,102787,31615,21075,261473,47935,61498,8.75
2274,212612,15958,34169,4409,105815,36523,49099,-1.04
2275,290316,233067,221650,10437,27317,8629,5468,-2.5
2276,395212,41332,107692,39161,181920,39738,90302,2.55
2277,134817,249651,149918,84090,252828,44017,20629,-2.99
2278,75759,233392,204820,92527,153861,36614,13262,9.42
2279,49152,156276,88183,1754,154797,10439,63551,3.64
2280,157859,150514,14831,42623,14774,49912,95359,9.58
2281,402363,111575,61150,37705,156715,25340,18159,9.01
2282,71456,161507,249899,66584,125276,49517,16753,4.53
2283,121687,3306,175346,80841,13729,36126,81098,-0.67
2284,305580,49080,153114,57352,17721,36647,65372,1.29
2285,98130,190369,102936,96766,28624,42962,57214,8.06
2286,441426,103536,61088,42663,275583,12326,50983,-1.79
2287,156059,176992,38005,68026,15931,25096,20503,0.74
2288,340423,185862,165489,88645,19443,31211,80800,6.61
2289,219158,168542,164914,97953,101093,18194,9765,8.06
2290,188546,244616,46895,9973,42610,3467,60257,1.1
2291,366865,9494,5190,17671,266932,20634,47822,2.46
2292,266555,101226,186730,23252,265671,12804,3063,1.37
2293,399732,86398,221109,1206,150397,44719,43987,1.43
2294,374401,203373,75011,61221,206870,46032,22501,8.05
2295,31580,195401,143500,96405,125195,35325,52390,-3.96
2296,254584,200117,41710,93205,231912,44796,73596,4.62
2297,411233,103704,88171,9735,8842,7233,58302,6.54
2298,101430,5076,148682,24126,133119,4523,57988,4.49
2299,419657,35867,103249,4982,194544,7665,97935,-3.87
2300,282475,227631,45522,97841,192167,18967,89504,9.73
2301,115585,243554,89505,6039,219330,12169,62762,6.85
2302,72126,127808,139490,53381,126368,12032,35548,2.78
2303,286773,144248,46695,73984,187217,17730,58174,0.8
2304,259570,249242,71362,47610,28900,46305,39493,4.5
2305,328110,10287,135651,35240,79884,12261,78144,8.34
2306,484523,23200,248002,46662,47529,15348,85069,6.25
2307,339642,38792,168278,15916,15926,25133,61013,3.57
2308,276993,246840,49446,66516,2367,26107,47643,4.55
2309,366342,109667,206257,5316,250152,15231,48187,0.77
2310,201216,183870,6584,15704,88041,36909,67083,6.84
2311,428345,47942,4146,98098,242282,11805,48300,9.35
2312,190582,67054,88439,88593,141472,37491,67904,7.8
2313,153650,106541,128700,52304,61420,38584,62114,-3.72
2314,426445,100681,241129,44122,275625,25898,23112,0.97
2315,449586,24739,129632,3910,168017,43431,8325,1.79
2316,240481,176366,91301,77733,109122,6927,92726,5.41
2317,320326,7352,56201,56342,177209,26389,81166,4.95
2318,490573,12909,208532,81447,223705,24000,79892,8.87
2319,243884,219843,245967,94016,259501,18310,70618,1.97
2320,194525,80143,191152,89424,196784,30107,85505,-4.41
2321,451282,98063,162310,54856,249916,6782,5136,1.7
2322,28646,223625,104500,33219,38566,12747,95117,-1.05
2323,492016,9556,95933,61394,143924,27120,44706,6.69
2324,20495,143068,49195,31776,14953,40858,38950,5.23
2325,427482,187105,156141,12942,251351,5257,87984,4.19
2326,53251,85684,126262,75829,189050,36675,33099,-0.88
2327,431521,20490,199476,41904,264801,24165,82260,-4.67
2328,321046,135503,28229,99484,129175,16478,65650,-2.09
2329,58971,114448,239633,65022,148099,49137,42115,-1.3
2330,43641,155753,99546,32978,267454,39088,86141,-2.54
2331,301660,78312,25776,10516,125372,3623,5980,-1.56
2332,183076,69521,216334,5245,14239,6950,82950,7.61
2333,161950,184065,220192,36699,210461,42489,4347,-3.49
2334,486281,223966,228537,47944,177015,32622,65530,5.32
2335,90114,54244,153438,58365,51139,26440,12749,-3.11
2336,409855,150173,213598,27046,215821,4921,93200,6.65
2337,49408,129495,208284,66761,117973,15429,99564,7.04
2338,196715,127846,179243,96396,137919,22192,88007,-0.95
2339,74989,130729,51777,80539,292896,26645,69206,9.54
2340,45054,157478,131980,52863,224650,29013,44511,6.81
2341,235477,67445,109048,75555,15066,27437,51399,4.43
2342,145022,129841,239175,33453,19502,10534,59335,8.38
2343,281846,10822,122623,87348,106014,47991,57607,6.07
2344,32779,57214,103093,37234,128724,4708,30602,4.82
2345,494670,224099,113354,30101,210958,18778,54968,-4.58
2346,105491,66016,109294,22823,168553,19757,35208,0.62
2347,128839,175332,207749,72616,292094,29803,83111,-4.1
2348,254942,215157,159292,44048,92955,26433,44556,3.52
2349,430118,207334,88883,67859,123640,22617,84073,3.74
2350,126388,110169,197977,35698,220278,1076,78136,3.1
2351,343219,238997,139806,8329,78683,1035,39707,4.51
2352,209256,184971,69059,45141,254854,35796,67312,2.49
2353,225521,237081,37542,82213,121716,805,21165,1.86
2354,401735,169988,194298,21742,219778,12415,38265,0.82
2355,483181,211563,195675,77493,12014,38619,5281,-0.02
2356,159470,50740,239706,96087,143571,1026,12702,-1.93
2357,20242,172592,212056,40842,205462,39397,53923,0.49
2358,146631,237956,135762,91279,233099,33789,6055,4.18
2359,161765,28573,141390,31061,296481,8073,93959,1.39
2360,106418,248995,215616,48188,25280,43010,9506,6.47
2361,101731,5965,121588,19728,133512,32326,44693,6.2
2362,361045,215441,188025,71810,46232,22513,48819,7.85
2363,53171,128910,205331,25906,209825,17507,93985,-3.27
2364,270968,204412,28018,49133,31464,36156,46372,2.89
2365,447270,62761,13334,92568,119361,7313,37675,6.21
2366,464190,179191,125057,6187,268444,29931,81510,-3.59
2367,287259,18523,182276,33187,132163,6976,51992,-2.83
2368,245103,13155,81044,64461,281607,4159,39113,5.04
2369,326538,210126,97950,23367,127107,26261,12913,6.58
2370,491627,193111,169931,45256,136996,17624,45914,7.8
2371,267762,185079,126355,79497,279815,4778,10055,-0.51
2372,382776,199560,186635,97134,186553,45171,63756,0.55
2373,149002,167295,200263,21365,87448,30492,22964,5.84
2374,366376,65467,54276,26192,95304,17657,47562,-3.43
2375,454482,46943,74067,2402,172490,37079,80427,7.13
2376,49652,159644,199162,84017,3802,17987,8721,2.34
2377,260684,242473,220214,95579,108471,5503,26166,-0.2
2378,154291,71137,192467,18859,225805,13658,19908,1.42
2379,211174,115816,199232,73116,295854,31114,91023,2.3
2380,469420,132633,184149,56475,118036,19858,94179,7.64
2381,219338,239833,243525,73361,224533,46701,47519,5.61
2382,234286,128593,133778,36206,188137,13300,64661,4.78
2383,152570,31541,182618,25730,98248,1506,28614,8.66
2384,379424,233801,248624,82494,187634,6220,24287,-1.66
2385,231457,27092,129368,88741,73729,20572,36753,-3.75
2386,424906,88457,15590,40860,6793,5276,43322,3.78
2387,420685,148579,193288,95318,274643,31997,76133,8.73
2388,127434,42963,89989,79181,126216,2294,74423,7.2
2389,476690,133376,213768,76589,295582,3889,86982,8.13
2390,205121,67108,221166,49718,169005,48627,63486,-3.95
2391,132279,192239,208207,38746,280425,44250,86237,-4.83
2392,333874,173490,96977,86957,190298,28441,98756,9.47
2393,291979,176147,118874,76869,278698,11852,44744,0.47
2394,84342,161798,24044,77042,260903,39826,37486,-2.64
2395,333032,210204,116731,20426,273461,25720,37928,-1.04
2396,148668,233267,178979,89893,8321,4662,86468,0.72
2397,114763,179310,164788,2072,139842,3301,8416,6.88
2398,316773,230950,151800,15330,19143,16024,94855,0.8
2399,272547,132654,34853,93850,159541,8309,27428,2.33
2400,421900,142352,64316,91100,76812,28931,83850,-2.79
2401,362087,98742,230549,84700,285366,9354,28861,9.71
2402,374088,59396,218165,21292,253209,29864,52374,5.63
2403,226569,12076,45044,39191,80632,33615,70591,-2.33
2404,258324,190565,240640,72382,89670,18212,24660,-1.19
2405,382698,16321,194680,6306,225836,16717,39665,8.49
2406,216705,59822,135818,43522,236200,37288,63103,-2.07
2407,221745,129257,243290,2961,80772,44922,13377,5.66
2408,167538,110656,43409,54192,141647,40895,4679,-1.85
2409,68196,81940,119479,61744,80751,1263,8073,8.51
2410,176921,136691,178633,56125,254405,13192,16809,4.99
2411,205688,243073,109149,97136,60382,9530,21878,4.49
2412,263511,175564,230965,51873,203411,5450,78443,5.49
2413,332703,210445,194101,69776,280174,1427,85201,7.08
2414,438363,200462,163046,54330,160022,21597,24267,7.89
2415,341357,236187,56191,48222,172080,30735,14655,-0.85
2416,308872,137667,211665,23013,222210,22741,80352,2.15
2417,438726,211093,16437,33560,280421,45423,22556,5.46
2418,395908,89527,249255,94981,43983,17915,46907,-4.33
2419,474907,90847,166394,75654,282145,31102,52124,6.29
2420,315851,15543,34561,10037,257094,23176,86861,1.03
2421,366327,86376,155292,53785,139895,7080,56779,4.08
2422,299395,143328,94123,7126,239605,42167,27452,3.63
2423,83787,121004,143932,77028,154930,35048,50108,8.58
2424,167726,215018,26561,66086,250043,49624,24393,9.15
2425,78747,17730,95619,67796,68080,18857,3536,0.85
2426,75341,183696,214282,24151,276117,6672,67157,-1.42
2427,267733,133433,26026,85033,19910,46450,18971,-3.34
2428,434971,113484,208981,72443,130054,9129,24774,7.68
2429,151445,17343,57311,3884,239310,29147,16767,9.75
2430,178636,5846,122480,36167,113241,36548,6094,7.9
2431,361307,118226,133674,74253,217969,14397,70470,2.26
2432,119803,146400,63084,29130,296359,49068,99548,5.48
2433,65042,52474,2561,31969,31531,43660,81719,-4.41
2434,477313,37566,49754,31906,108429,10733,28396,-0.36
2435,131016,98568,184731,89668,278092,17966,45313,0.46
2436,397438,201648,124375,39597,177765,48724,60056,7.17
2437,191136,149173,170624,71115,19407,10789,69122,-1.78
2438,58329,86608,17821,42172,23570,37709,83554,2.09
2439,402699,96702,128794,50851,109074,46508,87451,5.35
2440,60184,249667,101714,95160,245502,19893,4745,-3.47
2441,123727,100547,93554,94057,270931,32831,51101,0.15
2442,439109,3393,111446,31505,222980,36447,57319,0.76
2443,99708,12484,102068,38033,38907,25969,59188,-3.68
2444,51800,34202,62199,42052,121026,38764,66147,3.19
2445,168039,217789,96317,54527,102623,42819,33512,6.33
2446,15770,218536,184379,39248,252226,7945,72506,-2.15
2447,315071,67502,46473,5096,150487,33092,90114,-1.98
2448,94248,100440,146368,68793,2112,36092,91819,8.98
2449,220138,136455,246464,35890,290383,35371,19133,-3.32
2450,13944,13669,244296,64273,41161,48184,39779,8.21
2451,35252,67240,246560,34111,104129,48910,36102,0.71
2452,438144,248524,175150,65700,88964,10790,94543,-4.84
2453,151070,115696,193795,21084,67173,18404,87397,6.24
2454,465049,244600,71190,52603,64922,33345,18633,-0.96
2455,335429,187091,37672,43891,6452,7974,41604,2.34
2456,126797,186313,120144,46141,19743,28690,68205,9.65
2457,394841,119242,8951,71110,21630,40058,59585,6.43
2458,153288,17798,116180,83493,256724,37454,55512,3.42
2459,294413,231507,212856,21857,262557,31914,77213,-1.44
2460,307338,233075,207343,23312,288372,26249,1915,0.01
2461,263922,22457,66721,18320,168172,19145,16527,-3.85
2462,312312,175144,4877,78744,90271,6615,43570,-1.92
2463,351104,204072,248284,27037,123244,10904,84594,-1.63
2464,171407,25314,34818,16300,264918,28603,48448,2.84
2465,239438,91750,98673,47490,30967,17129,50229,-2.31
2466,245541,218693,244533,86245,89734,8734,45603,5.6
2467,230562,85895,8665,88398,155409,16589,92004,5.7
2468,93145,44729,3662,31381,249197,42929,75342,-0.73
2469,63364,31400,60056,91422,285187,36081,18635,4.98
2470,58037,192663,9599,62851,3307,20081,11472,6.07
2471,464573,111470,25658,99056,128394,33291,22064,-3.58
2472,162110,86701,212090,23902,218302,38970,27846,3.64
2473,363736,229834,142396,34806,73207,5032,22188,3.18
2474,146913,64717,92417,24289,294419,17591,23436,-3.37
2475,145518,101837,56149,29430,128278,6884,14795,7.57
2476,244003,208408,32652,4548,175628,47017,81809,3.54
2477,311640,24382,209882,57889,195962,14662,5860,-3.44
2478,420025,25236,49805,6919,212026,48804,25850,0.76
2479,101022,28549,109677,59907,272240,35278,94721,0.61
2480,457982,88295,75568,83814,20266,25473,57671,7.09
2481,34564,191622,179617,58329,214241,48937,94967,4.83
2482,371339,48581,154992,11355,113690,1897,8453,-0.41
2483,275465,201181,3583,80743,278397,17855,51035,1.16
2484,327825,192199,6309,59981,73145,37103,9960,-0.95
2485,253781,106410,234276,1856,174700,21181,67908,3.6
2486,343312,226368,30197,99502,116466,19169,38667,8.35
2487,178752,231220,152654,82109,150753,42389,53640,-3.15
2488,143270,83163,218813,29342,16069,19319,41255,-4.77
2489,371634,219572,234529,69496,18064,7800,4896,5.16
2490,426899,132374,160232,7178,27673,31327,67978,8.02
2491,261264,81531,192887,5498,106333,25455,74031,6.44
2492,202340,228516,125344,47650,35223,18291,62516,6.53
2493,434706,141012,157859,28042,104767,38707,11657,4.92
2494,350469,60858,114863,54355,155431,30237,25165,5.35
2495,209879,178866,45660,19396,156310,37752,73455,8.26
2496,340586,15117,149648,87187,112998,1751,56251,5.35
2497,389758,56847,55336,23254,27552,2898,52826,-2.24
2498,231454,19757,240739,59677,9736,26685,54670,9.24
2499,261807,160970,185637,45530,256673,45190,5375,-1.01
2500,497533,181848,44372,34410,104315,37711,90959,-1.86
