town_id,employment_rate,unemployment_rate,agriculture_percent,industry_percent,services_percent,avg_income,poverty_rate
1,65.8,9.27,53.57,44.87,38.38,380132,14.81
2,82.01,8.89,36.47,20.8,67.29,149306,25.0
3,90.54,6.26,22.39,13.59,34.71,301405,31.72
4,65.3,16.0,34.36,21.35,28.02,82663,21.65
5,48.53,4.22,16.37,28.8,52.09,446872,28.88
6,68.16,12.7,36.75,22.68,54.43,160626,15.42
7,60.03,14.26,43.09,38.25,76.73,341483,17.94
8,55.23,8.92,39.26,22.89,78.38,296749,25.26
9,74.76,14.3,46.52,29.3,75.68,475907,13.55
10,75.95,14.31,44.5,21.35,48.2,51179,31.39
11,61.06,17.67,38.26,10.28,68.56,150771,17.8
12,77.34,15.22,19.21,33.99,35.04,337557,15.11
13,90.57,11.57,22.64,47.22,73.6,219725,26.1
14,61.76,18.38,58.43,13.42,69.47,274761,5.65
15,65.6,7.53,42.49,10.08,23.08,71689,30.75
16,73.67,12.6,5.69,36.82,43.14,365475,25.92
17,46.64,15.96,7.56,40.73,48.15,375844,21.82
18,65.27,9.43,28.33,40.7,45.75,70147,27.78
19,66.48,11.35,49.72,30.75,38.68,456913,20.87
20,77.48,3.51,44.0,26.81,65.97,321581,16.46
21,93.89,16.96,47.44,21.03,22.13,295072,7.25
22,90.94,11.12,52.93,40.05,54.96,200570,8.86
23,52.37,6.17,42.68,47.19,59.38,296789,36.56
24,49.72,16.71,46.43,12.87,44.54,309993,33.51
25,90.48,16.0,52.87,46.16,73.89,306818,23.87
26,56.09,11.41,49.08,21.96,57.56,253460,5.46
27,51.51,19.25,17.38,46.31,45.47,458099,9.57
28,50.67,16.12,43.98,29.64,20.63,197188,35.92
29,62.16,6.69,14.14,48.36,57.03,425447,31.81
30,74.1,2.71,43.07,29.01,77.44,221307,14.97
31,74.16,5.22,12.4,46.78,46.48,178680,23.34
32,70.23,8.45,11.9,15.53,20.09,58990,5.16
33,83.88,17.28,42.92,38.68,48.53,443777,23.09
34,80.73,9.81,50.43,29.5,55.19,365770,35.69
35,70.54,9.5,32.94,38.17,38.03,325152,18.0
36,55.12,13.37,51.99,31.26,45.21,85158,6.32
37,79.52,17.79,35.2,14.54,77.53,55463,37.46
38,81.45,3.78,28.52,17.0,21.72,454014,37.75
39,77.45,18.72,23.35,43.8,43.9,224391,33.89
40,52.85,3.85,39.88,37.96,54.87,323430,23.64
41,93.82,16.39,51.43,13.02,35.96,279151,32.7
42,59.48,4.64,33.62,31.27,53.96,345808,11.43
43,79.97,13.14,16.76,17.3,24.44,107831,22.37
44,79.52,12.22,25.94,48.57,52.28,354293,10.59
45,60.48,14.69,47.34,35.82,20.78,211868,36.29
46,79.88,3.57,20.37,34.61,54.25,192388,38.52
47,72.31,10.77,16.57,44.15,65.54,197221,14.87
48,58.72,7.76,28.65,48.12,58.46,117821,34.6
49,52.7,6.22,50.44,21.73,54.33,405389,32.23
50,82.42,19.63,50.97,38.22,29.11,470328,9.88
51,82.92,14.2,36.12,23.42,52.05,117684,13.63
52,55.57,8.77,55.06,47.7,41.64,98273,29.46
53,73.59,3.0,51.57,34.82,66.61,176478,36.22
54,63.01,6.25,36.63,15.85,58.1,75479,22.19
55,83.77,19.8,10.36,34.84,67.18,454134,34.72
56,68.14,6.17,30.16,48.56,57.14,356633,5.63
57,87.77,2.52,47.22,39.21,68.58,219476,16.05
58,64.07,6.07,9.37,32.33,70.81,180633,33.94
59,62.96,8.48,17.61,16.82,65.7,127865,15.05
60,89.44,12.98,21.87,20.59,57.21,311863,14.96
61,78.77,16.96,10.79,14.39,37.5,497182,18.28
62,65.48,5.72,45.65,23.28,30.93,189425,24.84
63,75.85,9.23,48.47,41.33,29.02,231693,16.59
64,85.64,13.4,6.08,21.7,26.06,260342,37.8
65,92.16,8.46,52.05,41.34,77.46,74516,34.49
66,60.01,14.18,46.31,19.15,56.63,422074,22.53
67,48.94,12.42,33.23,21.48,51.83,405736,19.66
68,68.17,2.34,58.84,49.25,28.97,492204,14.37
69,62.86,4.64,20.29,25.12,40.38,353155,31.66
70,43.92,4.94,25.22,27.24,51.01,467183,26.66
71,49.59,15.24,50.98,16.21,46.52,162154,12.2
72,66.28,7.16,52.87,38.09,28.85,390180,39.97
73,43.18,9.1,31.29,11.83,30.27,67234,18.73
74,84.46,2.27,52.65,18.88,59.84,348029,35.2
75,89.99,14.39,49.49,38.65,34.51,242455,11.58
76,86.59,14.33,8.75,16.82,23.44,136023,39.53
77,91.97,8.13,12.46,30.16,79.76,213944,26.01
78,46.2,4.03,41.68,16.68,67.15,166737,38.05
79,59.14,17.72,5.83,44.72,23.23,68787,30.86
80,91.27,16.95,49.0,45.27,56.15,293904,13.53
81,62.13,3.05,39.66,34.38,48.66,113184,6.9
82,56.59,18.33,30.92,15.21,54.5,349717,10.9
83,66.44,19.29,32.96,19.92,37.17,321565,11.18
84,47.89,11.45,30.4,37.5,34.43,204051,6.62
85,76.35,9.74,39.05,36.08,63.81,452845,14.15
86,40.37,6.21,52.93,16.57,45.89,167926,10.06
87,57.36,8.57,41.47,31.38,78.62,59394,7.02
88,88.74,6.91,52.41,16.12,47.75,77394,26.44
89,61.31,14.46,34.01,44.92,44.18,189399,36.91
90,90.93,3.39,39.3,13.05,79.35,498373,12.06
91,76.83,19.0,13.56,31.89,70.16,253754,12.0
92,50.88,14.68,18.71,20.45,25.92,421400,19.62
93,51.01,18.0,14.55,21.85,79.77,172037,31.48
94,58.18,13.28,32.1,43.35,31.59,66255,17.08
95,81.35,7.02,56.58,22.4,69.14,369451,23.29
96,61.39,18.5,8.96,22.3,36.76,222974,37.18
97,67.08,16.89,58.52,32.68,73.29,254873,11.57
98,86.17,14.83,5.92,17.91,76.14,147938,5.37
99,88.37,16.81,57.52,37.26,57.21,381784,23.68
100,41.81,7.22,13.92,20.58,29.5,427160,25.03
101,54.69,14.89,10.21,29.13,25.19,175120,28.6
102,53.99,5.85,30.31,45.0,76.6,191564,18.86
103,85.03,16.15,59.81,48.4,56.77,403807,5.06
104,89.22,3.7,31.19,10.89,28.6,483908,11.75
105,55.03,11.65,17.41,27.29,61.4,200009,6.48
106,83.08,7.88,55.12,28.75,77.43,299878,12.11
107,69.07,19.07,12.71,17.03,24.84,182033,39.72
108,53.51,12.01,8.64,34.01,23.32,219598,12.81
109,40.73,8.0,16.54,13.25,77.81,313655,13.59
110,69.3,5.08,11.69,36.24,74.74,193215,23.83
111,70.22,18.77,49.24,13.26,41.27,166860,27.42
112,62.83,8.41,41.49,48.03,36.64,164313,28.17
113,57.77,3.93,26.35,40.3,25.9,405927,33.87
114,40.19,9.86,22.14,21.22,67.4,473640,17.41
115,67.15,4.58,8.22,38.96,54.15,359781,17.37
116,53.01,5.78,54.26,15.59,74.3,451011,26.37
117,53.7,17.1,5.17,45.73,41.34,367503,16.12
118,87.42,11.94,57.43,45.92,33.74,76605,6.79
119,81.39,8.21,52.58,26.22,29.39,308573,38.51
120,70.87,10.77,48.55,17.99,64.65,227333,22.69
121,46.69,16.82,11.26,17.65,57.86,368352,27.77
122,64.24,5.06,11.23,46.78,64.74,194550,22.46
123,63.24,11.28,19.63,28.94,55.9,382800,26.79
124,61.21,12.16,31.21,42.53,70.54,403550,27.99
125,72.9,19.21,5.67,14.57,59.72,284516,24.4
126,88.74,15.45,45.54,17.5,35.59,297308,24.99
127,72.55,14.73,32.21,42.02,60.5,366637,23.82
128,68.56,5.38,20.58,23.29,20.07,288972,38.62
129,83.56,10.15,28.12,26.85,49.5,104273,20.16
130,71.83,19.75,5.73,34.25,32.68,407527,34.25
131,44.53,4.35,9.94,35.44,39.41,455627,22.69
132,91.55,12.37,45.94,24.98,39.42,493172,24.39
133,79.32,17.85,42.44,24.9,44.34,467943,28.61
134,77.72,17.24,56.27,19.71,76.16,86271,20.77
135,42.33,17.39,54.35,23.32,29.15,473063,16.18
136,41.71,16.96,23.57,23.76,69.25,209357,34.68
137,49.89,19.92,40.79,22.8,43.95,155369,11.0
138,74.31,18.96,15.48,17.42,38.85,159617,27.36
139,42.42,14.85,58.46,36.11,48.41,474728,5.13
140,50.87,2.56,56.01,22.49,32.66,214710,5.05
141,78.52,8.66,55.39,49.4,47.37,362285,13.8
142,54.91,16.28,47.0,49.62,41.85,148076,16.11
143,88.55,18.36,32.9,48.93,59.87,95268,25.9
144,85.2,3.33,21.06,46.47,40.27,89717,13.63
145,89.38,10.63,55.16,29.78,51.67,288652,22.62
146,40.48,4.23,17.23,10.59,45.4,468665,19.91
147,76.05,15.19,21.66,22.58,23.76,430787,10.14
148,76.37,9.24,50.0,42.94,52.18,54856,8.5
149,62.7,10.98,47.57,16.28,33.09,361165,29.63
150,60.12,18.57,52.62,18.12,54.29,488154,30.26
151,44.48,13.75,19.31,39.89,47.58,302903,11.54
152,86.14,8.71,6.62,18.5,57.71,119090,18.44
153,51.07,12.88,51.68,30.27,70.51,495955,28.33
154,63.34,17.28,15.86,21.58,65.23,118524,24.53
155,50.2,5.72,52.22,35.61,69.18,336813,28.12
156,66.8,7.28,51.68,31.81,64.06,226618,10.75
157,83.91,6.24,6.6,24.31,64.8,257088,39.35
158,46.97,4.45,9.3,39.88,52.08,441117,30.07
159,63.31,16.49,52.43,23.78,71.27,376043,27.01
160,90.48,2.52,20.13,11.22,55.69,331383,39.07
161,93.61,14.47,40.56,44.04,45.69,256788,16.5
162,59.14,16.7,53.91,36.92,72.75,447874,18.5
163,43.42,2.88,59.55,13.8,73.35,65680,29.24
164,66.85,14.81,34.22,47.74,38.98,404165,11.82
165,63.48,17.38,53.3,42.27,58.24,284427,22.92
166,69.48,7.22,56.74,49.57,33.03,212838,39.56
167,41.45,16.58,7.86,18.61,74.61,241925,14.17
168,67.59,4.49,6.34,38.62,55.65,473502,5.68
169,68.13,2.51,56.14,30.12,51.26,200154,24.09
170,74.06,5.95,51.3,46.43,66.28,296361,22.12
171,58.42,4.84,15.16,27.23,52.39,314078,24.17
172,84.65,19.06,54.24,31.96,45.19,322507,6.58
173,45.22,15.49,13.94,43.48,23.23,125337,15.95
174,58.48,10.56,6.64,14.96,69.19,200013,32.9
175,54.0,17.42,13.4,39.21,43.88,200766,18.1
176,49.08,16.45,56.42,13.73,77.28,161994,29.14
177,54.52,18.59,31.48,20.05,29.48,425179,36.41
178,55.01,8.11,35.84,23.62,67.91,464021,7.94
179,64.15,7.97,50.06,21.26,55.72,481007,10.39
180,79.95,10.41,43.26,47.12,26.68,321382,23.91
181,51.59,18.99,15.59,41.85,73.85,459548,35.95
182,53.05,14.65,34.25,36.14,26.7,65369,21.79
183,60.55,13.99,8.2,33.66,44.11,412642,10.73
184,53.06,13.75,13.12,14.25,79.53,308154,34.3
185,89.74,7.23,53.66,46.94,58.34,356384,37.61
186,52.86,6.81,47.61,19.65,66.69,303626,32.67
187,68.74,15.66,48.96,38.57,57.65,439231,19.18
188,87.84,3.61,21.42,14.49,26.05,361915,27.15
189,48.3,17.82,58.71,24.21,37.86,422653,17.57
190,61.6,9.21,15.98,23.91,31.8,137118,16.3
191,62.06,16.26,58.76,22.73,73.25,396910,38.18
192,53.56,15.54,57.71,43.04,75.49,239470,18.67
193,86.15,6.71,13.19,47.89,20.82,243933,25.93
194,43.39,14.08,47.83,32.55,25.23,247959,34.4
195,81.83,11.27,13.93,25.45,71.58,325438,7.31
196,65.17,15.95,32.77,30.34,54.01,392189,38.61
197,86.12,16.03,59.16,33.83,30.56,465150,22.65
198,65.87,3.56,34.33,32.07,22.81,393277,27.72
199,53.82,6.01,25.22,25.11,50.01,380234,10.79
200,76.51,2.78,8.68,39.82,69.16,389853,35.29
201,80.44,12.33,43.55,13.86,46.3,138058,22.57
202,50.14,15.37,56.33,24.03,26.41,480506,24.23
203,84.59,3.83,49.78,28.65,51.17,372457,30.62
204,85.91,9.02,7.96,49.52,57.74,264191,22.96
205,74.84,16.11,35.67,28.24,60.32,205372,23.15
206,42.58,12.51,26.93,16.3,77.81,442485,39.21
207,86.4,7.02,41.6,29.82,74.76,433090,20.24
208,40.48,16.6,23.53,49.26,40.57,171198,33.08
209,61.84,2.0,24.25,41.09,46.32,97732,13.74
210,47.98,13.7,12.63,31.91,58.85,97646,30.79
211,43.45,8.45,11.72,40.49,35.88,316895,16.31
212,53.7,11.43,51.36,46.34,27.53,304912,18.48
213,71.2,17.35,41.99,16.4,48.16,246100,27.06
214,62.23,2.79,32.31,11.7,36.22,498926,20.48
215,53.55,19.05,59.52,46.59,77.99,456777,23.35
216,65.9,11.45,8.15,31.85,30.65,135194,28.03
217,47.07,5.03,28.65,46.04,67.77,307678,32.58
218,71.14,19.68,47.83,28.3,53.08,388618,6.46
219,84.81,12.12,37.72,10.18,27.27,416307,26.57
220,77.89,9.81,45.59,23.72,33.84,424196,34.33
221,80.22,17.04,12.43,23.49,43.61,295538,23.57
222,91.55,9.12,7.05,12.25,79.86,335925,32.03
223,83.77,12.43,12.65,36.52,56.94,215110,19.25
224,49.39,18.5,50.77,43.83,44.05,52802,24.83
225,76.65,8.87,40.15,33.43,26.71,310753,29.88
226,56.89,4.52,8.66,40.85,75.84,269833,14.4
227,79.64,8.1,46.04,41.92,34.02,173480,30.76
228,80.29,18.57,44.78,18.61,25.6,113588,29.03
229,72.27,17.32,21.69,49.96,37.78,383166,13.39
230,42.59,4.35,44.75,36.61,77.8,305311,39.89
231,65.24,19.35,32.59,23.51,76.51,73496,25.96
232,56.96,6.36,42.27,44.62,39.59,159331,15.73
233,75.72,13.84,13.4,32.22,51.62,390770,20.87
234,48.89,17.6,46.96,29.3,65.77,345577,24.36
235,75.05,7.42,5.3,13.64,39.05,404232,24.62
236,78.1,4.69,16.75,27.14,53.08,102643,39.49
237,56.68,7.35,52.65,44.07,39.37,411866,18.19
238,84.58,10.57,56.05,40.71,61.75,387314,6.6
239,80.37,15.17,55.84,37.93,47.35,350807,17.45
240,93.85,7.35,25.75,34.28,64.42,451174,16.02
241,78.41,14.89,14.67,12.55,57.55,396972,12.4
242,52.63,18.3,41.56,41.54,29.81,378027,10.62
243,61.63,4.34,8.68,17.52,62.06,308034,15.9
244,92.49,5.35,20.72,11.38,55.36,453988,32.11
245,61.48,18.75,7.3,26.05,58.08,260723,23.14
246,61.69,4.32,26.68,13.62,36.73,176014,36.3
247,78.74,4.24,48.16,24.63,69.91,467365,18.44
248,56.4,7.07,7.15,11.15,65.87,80732,31.44
249,67.79,18.42,19.75,36.18,36.61,341711,36.26
250,82.18,12.08,21.49,46.62,38.34,497582,38.95
251,84.1,12.1,25.41,19.34,72.0,197862,10.1
252,62.17,17.67,51.88,44.56,49.65,459891,34.56
253,94.66,10.0,48.43,11.28,77.81,458698,16.83
254,73.11,12.18,39.03,25.14,36.13,305782,38.3
255,93.52,18.62,54.7,19.33,76.52,234037,15.57
256,78.5,11.2,30.28,29.4,67.0,109204,28.84
257,87.92,12.58,50.44,16.9,79.91,421130,15.32
258,58.38,5.9,30.48,15.78,67.38,387980,33.91
259,57.64,17.47,27.56,28.44,46.08,438764,30.19
260,90.92,6.87,30.37,26.71,50.08,320735,36.02
261,55.81,10.21,29.7,26.67,62.2,179569,17.91
262,47.58,4.87,13.17,15.44,65.24,414067,18.28
263,86.37,14.53,36.65,33.74,75.51,430908,10.32
264,66.98,19.9,37.82,23.15,63.76,477036,9.48
265,69.77,8.7,32.18,29.58,58.46,363902,39.9
266,70.65,12.96,6.52,24.21,38.07,207539,23.04
267,83.57,14.81,44.84,38.75,35.22,427490,36.99
268,74.57,17.04,21.32,43.84,26.97,344471,15.32
269,48.2,11.46,38.45,48.54,25.43,483915,23.01
270,40.8,14.43,10.71,36.71,46.32,190626,23.62
271,49.31,12.65,31.01,14.64,66.2,65522,23.11
272,86.03,18.0,11.95,22.67,44.4,305667,26.78
273,92.18,12.96,7.39,17.85,69.79,266280,17.64
274,41.36,11.74,21.83,19.77,71.51,448143,25.26
275,80.48,10.29,53.07,12.23,29.71,395467,37.89
276,57.42,6.89,11.19,42.3,21.84,469082,9.68
277,55.94,4.51,28.82,44.79,77.5,155102,13.02
278,64.63,7.22,18.08,46.6,28.82,232241,32.1
279,69.49,9.21,17.58,26.54,20.29,387616,11.77
280,46.85,6.36,39.33,42.22,50.31,289617,14.23
281,40.91,16.34,35.32,27.61,47.52,121915,16.17
282,72.79,17.41,22.02,17.56,46.4,369492,32.71
283,88.13,7.8,47.64,13.87,35.87,179241,19.62
284,56.14,10.81,15.17,38.57,56.59,290290,10.62
285,74.42,11.49,17.51,49.56,48.37,302810,21.88
286,44.21,10.92,18.65,44.39,23.04,373496,12.63
287,89.58,15.1,20.62,46.44,46.51,388633,21.9
288,91.62,18.46,35.91,28.81,79.78,55533,6.41
289,68.48,11.12,54.87,33.3,22.21,96271,38.3
290,82.85,10.17,59.24,43.69,23.45,182490,28.78
291,83.92,9.41,51.26,46.07,23.91,412188,35.48
292,46.11,18.94,21.06,43.02,73.0,152975,34.94
293,54.88,19.61,48.8,22.68,59.58,419227,23.3
294,84.6,10.82,26.35,13.09,56.1,353256,35.67
295,88.03,8.99,56.4,36.46,62.16,300471,22.91
296,89.01,17.41,12.71,22.03,68.12,401566,17.63
297,64.2,18.83,50.99,19.83,29.83,113380,37.0
298,58.72,7.47,58.91,38.59,20.75,77860,6.14
299,91.37,19.58,5.02,38.15,58.4,288064,11.46
300,92.53,6.41,53.92,12.36,79.29,410007,16.47
301,92.16,6.03,54.78,48.44,53.77,68346,8.41
302,45.28,16.49,6.56,12.58,40.9,209821,17.09
303,65.3,16.52,21.78,45.41,49.93,442269,20.11
304,85.45,15.31,52.38,22.83,56.19,310077,24.62
305,87.72,14.76,21.11,25.66,49.03,65561,20.09
306,42.87,14.94,37.27,35.13,41.03,456861,12.93
307,83.66,18.61,59.85,19.69,35.43,115789,9.11
308,81.87,11.05,12.1,18.45,47.94,96059,11.54
309,46.05,13.02,50.2,47.94,53.55,339368,36.34
310,55.12,18.09,17.97,29.0,43.28,275353,22.88
311,86.8,4.47,49.79,22.7,41.39,361075,32.12
312,91.36,9.09,47.7,37.67,20.39,451114,15.24
313,67.05,6.77,51.6,37.61,27.03,428494,24.02
314,93.6,5.42,39.34,25.69,35.48,368506,37.21
315,58.92,13.29,40.64,45.14,39.42,238510,35.06
316,80.95,6.83,42.65,31.25,20.49,367549,36.05
317,56.98,19.4,16.59,23.89,29.78,413344,31.65
318,74.54,7.65,42.93,40.43,64.27,152203,9.93
319,67.25,12.76,35.89,27.8,54.56,341818,30.56
320,47.81,8.15,46.77,19.87,69.19,84851,25.51
321,88.18,16.97,5.19,31.91,77.97,240471,30.07
322,45.33,10.26,18.59,20.55,42.92,400426,27.73
323,73.27,3.35,45.6,49.73,51.92,284510,35.57
324,91.72,14.47,59.34,24.98,21.46,441498,15.76
325,72.04,13.67,44.99,22.7,68.39,342842,21.75
326,52.1,8.02,17.54,30.78,65.82,191598,30.02
327,69.45,5.6,35.83,15.01,76.3,112177,29.42
328,71.09,14.62,26.8,13.46,63.97,201548,34.43
329,40.98,4.12,5.78,23.65,29.46,326184,21.8
330,67.12,5.11,33.9,41.0,43.34,104760,19.21
331,73.52,3.53,57.32,43.6,60.94,479686,25.75
332,89.82,19.45,58.53,15.44,41.16,310415,19.6
333,56.57,13.78,42.31,24.49,37.52,162625,15.85
334,87.55,19.58,10.27,41.17,50.67,237978,37.49
335,61.31,9.96,10.24,46.46,56.65,154732,29.98
336,89.64,5.16,26.5,10.42,54.51,63624,22.8
337,81.99,8.99,37.51,20.61,26.55,262593,25.35
338,46.59,5.49,58.7,33.82,41.28,343974,31.06
339,94.23,6.89,58.49,33.09,52.93,455595,24.2
340,59.25,11.09,41.64,35.31,38.76,248050,36.23
341,87.7,15.26,17.66,48.69,77.94,297565,24.04
342,87.56,6.39,33.5,17.77,46.37,216932,33.22
343,90.7,14.69,25.26,27.41,45.86,314762,36.66
344,82.97,2.52,48.74,42.65,71.98,218400,26.09
345,49.0,15.15,34.28,27.98,65.95,422698,38.98
346,79.49,13.05,40.25,22.3,63.73,235021,24.82
347,61.01,4.22,52.6,12.96,44.03,159028,7.02
348,72.05,13.99,52.01,20.67,66.0,222994,14.46
349,86.2,3.87,46.54,48.4,38.49,446440,12.15
350,61.09,11.13,9.48,25.59,74.85,251146,36.87
351,87.54,10.83,55.16,25.45,23.5,103610,33.56
352,83.66,11.07,7.64,10.6,76.07,278580,13.93
353,57.08,9.12,21.12,22.88,78.41,413986,5.04
354,54.0,10.38,41.48,20.31,41.58,314507,33.5
355,86.87,7.1,34.03,22.24,42.0,122790,32.58
356,63.18,16.95,31.13,35.56,27.38,228853,10.82
357,54.4,2.07,51.16,47.07,33.94,484176,16.57
358,67.97,5.05,53.55,14.71,37.97,366508,27.5
359,66.02,8.08,51.09,43.76,20.72,105194,30.61
360,61.14,16.01,26.68,37.79,34.09,254820,26.09
361,76.96,19.52,5.93,45.44,41.57,390871,28.76
362,81.83,19.19,48.12,14.45,53.18,471761,8.02
363,76.08,15.47,52.61,44.1,41.13,371037,6.3
364,51.43,18.37,54.65,24.18,55.32,85537,28.71
365,40.9,19.98,49.93,17.44,43.75,470910,8.9
366,94.15,4.72,30.03,31.32,45.64,79430,34.84
367,74.51,4.45,9.85,19.54,76.75,83961,5.02
368,93.75,14.75,40.26,21.11,48.2,103881,29.1
369,43.56,17.78,52.06,30.92,62.53,78259,21.27
370,50.55,11.0,59.71,27.18,77.96,428248,18.44
371,47.13,7.52,33.0,18.21,66.69,356658,8.69
372,81.21,9.89,29.75,33.35,69.78,366479,5.47
373,91.48,6.85,30.49,10.2,31.27,224784,23.5
374,64.53,12.07,7.42,22.51,50.78,136624,24.09
375,92.65,2.12,34.86,18.73,66.82,494632,11.52
376,90.58,18.37,55.22,38.3,61.3,75044,17.91
377,50.87,10.33,46.76,45.09,23.25,223891,36.5
378,92.72,4.45,58.74,12.21,55.71,282947,31.96
379,83.09,5.64,37.01,24.48,53.94,393082,18.97
380,82.16,15.4,49.67,29.58,23.56,57928,27.44
381,82.16,15.18,53.08,15.95,45.67,148761,16.89
382,51.16,18.63,17.76,24.51,20.58,383480,17.22
383,50.39,14.05,35.29,37.39,75.3,68880,22.01
384,89.39,14.57,9.76,26.69,71.94,284785,34.58
385,70.67,3.44,23.78,30.29,54.15,439148,32.91
386,56.96,8.12,48.29,11.9,40.83,217350,8.68
387,44.39,19.14,56.06,30.08,26.19,308144,31.14
388,93.14,13.27,20.66,14.02,55.86,263939,23.28
389,54.78,12.92,21.11,12.33,29.16,316876,19.82
390,85.44,3.16,53.0,42.49,71.35,253866,16.86
391,88.26,19.79,58.57,21.53,71.66,201967,27.29
392,87.81,17.44,25.93,16.18,37.4,322440,24.92
393,62.93,5.82,59.69,26.0,45.29,152197,11.98
394,53.52,14.9,44.1,38.08,32.36,430696,21.25
395,63.26,8.35,48.74,26.31,22.23,417914,17.33
396,58.22,19.62,19.79,24.35,71.38,197556,12.12
397,79.47,13.61,58.9,16.11,56.99,405050,7.58
398,89.1,18.7,34.82,35.11,28.83,281773,36.35
399,88.9,11.32,33.67,31.7,47.16,386313,15.96
400,51.26,13.31,29.95,34.0,41.04,255297,30.85
401,49.38,5.42,37.07,12.94,45.88,193913,15.07
402,48.69,19.3,49.21,46.66,30.61,419822,36.46
403,48.0,3.71,40.01,11.14,25.44,102849,20.51
404,93.68,19.41,15.27,44.0,71.35,147572,18.82
405,82.43,19.1,14.37,48.67,63.42,283957,14.76
406,94.19,17.15,13.97,40.32,39.47,337966,30.63
407,66.72,15.64,52.3,28.11,27.41,262060,34.95
408,61.74,13.47,21.36,35.12,48.62,281089,35.67
409,78.42,2.7,52.06,16.0,38.54,423294,28.37
410,50.62,17.51,45.99,16.59,56.31,107670,10.63
411,94.66,13.76,18.46,18.99,55.28,299092,6.66
412,76.16,15.25,7.66,35.45,47.52,134528,16.4
413,88.95,9.41,6.63,10.07,73.18,82952,26.35
414,59.88,16.01,14.86,38.91,67.85,256158,17.05
415,67.75,8.46,39.64,19.63,42.47,171053,29.15
416,76.55,4.42,19.09,17.31,68.73,406930,30.44
417,89.86,15.19,31.55,10.83,38.89,87390,8.56
418,66.48,3.91,37.88,39.37,20.24,353339,31.35
419,61.16,12.12,47.1,21.75,44.09,335840,5.02
420,88.74,5.59,10.81,26.05,58.46,366887,36.78
421,73.0,3.96,26.3,19.56,42.61,494353,8.43
422,53.15,13.06,47.29,26.34,63.81,401271,17.38
423,61.42,4.44,6.91,23.01,21.08,167888,34.23
424,82.34,14.91,34.02,42.12,45.72,269443,28.92
425,86.6,14.58,17.73,19.8,59.89,57893,25.6
426,53.47,8.34,25.12,11.43,29.68,338241,38.73
427,80.08,2.2,16.34,47.23,36.78,416956,10.8
428,79.3,9.56,9.11,24.11,64.03,53800,22.54
429,53.96,4.46,46.03,23.34,44.63,248360,8.17
430,73.37,6.79,8.82,22.94,69.48,383011,13.95
431,41.25,6.26,32.39,16.92,29.58,362000,33.04
432,51.12,11.4,17.07,30.08,49.2,378978,34.18
433,44.44,8.43,24.29,26.7,74.32,94353,27.83
434,84.12,19.53,8.11,43.97,43.63,270153,7.93
435,45.09,17.83,33.85,16.48,52.93,156866,15.87
436,54.37,11.71,48.71,13.26,39.63,371878,11.42
437,88.58,18.65,13.01,44.61,35.23,261358,38.96
438,51.59,14.81,30.16,39.54,55.52,93996,12.22
439,73.83,6.11,12.62,29.4,22.83,235638,32.55
440,67.38,16.91,5.78,26.58,52.84,382164,7.61
441,55.7,17.41,5.22,18.61,57.61,64478,39.58
442,49.9,13.16,55.49,31.99,59.76,224811,35.0
443,92.66,6.69,10.16,12.41,43.96,118671,36.04
444,61.16,17.28,25.45,41.54,20.22,111419,19.94
445,57.27,6.31,36.71,47.99,53.09,143617,18.36
446,40.37,10.64,9.17,20.12,76.64,367199,13.18
447,59.23,4.67,35.12,39.21,29.2,335422,24.6
448,94.94,5.26,41.26,46.83,48.98,351434,25.43
449,63.61,7.61,15.04,46.28,23.6,284330,14.24
450,40.2,4.12,28.74,41.23,66.44,494408,28.72
451,78.07,4.05,38.86,10.21,39.45,260774,37.54
452,60.97,6.45,6.0,49.57,34.57,130418,39.23
453,56.44,8.0,49.12,46.57,25.33,386759,12.15
454,52.18,13.01,57.52,42.42,58.4,212853,38.8
455,56.72,11.09,21.78,48.61,33.61,281200,16.19
456,55.54,10.44,18.83,20.5,71.54,294603,12.44
457,83.09,6.51,21.84,32.75,60.97,231094,26.15
458,75.8,7.26,45.17,25.06,44.52,433445,25.24
459,85.99,4.18,29.81,28.83,36.98,232372,36.06
460,84.6,12.27,27.75,21.93,79.01,480272,21.09
461,89.74,9.97,36.16,30.55,71.04,164761,27.93
462,82.45,18.07,46.39,36.64,26.52,372582,10.54
463,47.81,9.42,40.49,25.88,36.38,473382,34.85
464,74.6,2.45,9.15,42.65,59.91,74928,28.58
465,59.51,5.37,39.99,29.16,43.61,203802,9.67
466,64.15,5.0,29.81,13.57,31.0,243788,8.51
467,83.52,2.74,12.09,15.52,76.31,447423,6.64
468,78.54,18.04,44.26,41.15,22.5,79002,15.91
469,45.01,13.43,53.28,38.62,73.7,212078,21.91
470,50.78,5.84,44.11,24.06,42.97,231322,36.87
471,48.73,12.98,57.08,46.53,65.89,469573,33.65
472,62.46,4.49,26.71,12.24,77.81,313311,6.16
473,75.38,14.11,31.25,38.4,64.96,258918,31.77
474,76.31,2.85,54.93,34.36,44.63,181425,6.76
475,53.33,10.63,30.51,37.2,28.65,364030,31.02
476,89.21,19.27,39.55,32.82,51.23,288999,25.14
477,70.23,17.65,50.52,43.09,76.05,135663,14.05
478,52.5,14.85,40.41,41.34,54.08,442215,17.43
479,84.37,16.01,15.6,39.46,69.89,115816,11.62
480,41.32,12.92,36.95,40.47,66.3,451533,20.78
481,54.84,11.44,26.7,29.24,40.33,135429,10.0
482,56.79,9.85,22.45,22.98,43.25,458249,14.4
483,40.12,13.46,37.56,14.26,43.72,75306,13.05
484,67.61,8.86,9.2,21.7,50.48,422642,28.16
485,78.79,7.91,8.47,11.01,43.16,106780,13.73
486,68.76,11.85,40.65,38.96,53.39,357916,31.6
487,60.38,7.49,49.53,48.52,63.55,374221,32.79
488,41.66,4.11,48.48,17.5,57.48,237867,22.92
489,85.35,15.17,44.18,13.78,64.09,396488,13.85
490,82.09,2.06,42.02,21.11,30.27,107304,31.7
491,59.11,13.22,38.71,34.31,48.58,347810,17.98
492,83.84,9.73,16.06,34.6,79.68,490692,19.3
493,64.96,4.05,15.95,26.55,50.8,156930,13.85
494,65.59,17.93,44.05,32.83,53.63,445575,23.16
495,68.18,8.85,47.14,48.83,52.02,175428,32.38
496,63.26,2.56,28.25,35.77,34.05,205778,39.15
497,93.51,2.81,38.79,25.18,45.77,60142,38.48
498,77.06,13.37,5.73,33.22,55.38,402115,22.32
499,42.82,18.87,19.64,33.11,41.57,114082,9.11
500,73.15,17.83,51.29,43.32,44.57,202941,31.53
501,77.04,18.58,54.16,34.66,76.48,59623,20.68
502,82.03,18.68,7.91,37.45,71.8,445915,19.4
503,78.68,11.46,48.87,21.89,53.22,163218,6.93
504,45.3,2.48,32.87,10.39,54.24,325432,31.11
505,90.74,12.84,12.13,30.6,56.53,394688,19.58
506,91.4,15.44,32.84,37.14,55.86,346596,22.6
507,70.37,4.9,38.64,31.4,31.05,253913,9.88
508,84.05,13.13,34.0,26.91,42.92,242194,22.75
509,51.15,9.72,42.27,22.15,46.85,341213,38.9
510,40.75,13.64,34.92,33.43,20.47,90818,26.86
511,61.13,2.24,18.07,13.4,47.67,278906,5.88
512,72.5,15.46,30.96,48.63,75.66,178489,20.53
513,84.93,11.67,57.02,27.72,77.47,351624,10.4
514,84.02,6.62,35.05,13.17,48.6,310125,16.96
515,79.91,3.02,38.0,15.59,51.94,230631,25.73
516,74.95,9.33,49.01,28.07,32.02,289917,16.37
517,94.21,16.77,44.44,41.87,39.75,365193,20.23
518,62.9,15.24,6.11,24.05,28.12,100110,20.72
519,42.15,12.75,11.69,15.96,73.82,260944,18.01
520,93.5,9.85,9.65,28.07,58.7,103548,14.69
521,91.14,5.06,26.1,49.82,25.18,396246,16.4
522,94.89,19.62,49.38,26.47,59.65,118181,23.28
523,82.02,14.5,54.89,13.37,74.78,89928,34.42
524,70.32,6.17,51.34,15.65,58.05,119770,7.74
525,49.37,14.98,57.51,31.73,34.03,83076,22.54
526,51.0,9.82,9.48,13.12,50.51,322380,32.64
527,58.65,16.03,38.23,49.94,39.1,118807,9.03
528,72.99,15.11,45.51,23.31,69.66,301550,15.26
529,77.77,4.67,9.25,17.13,37.83,173428,22.33
530,73.05,13.85,40.88,23.73,46.57,425177,37.28
531,53.73,11.28,22.68,36.39,29.09,395915,33.55
532,63.37,13.78,22.33,27.02,68.85,415613,29.15
533,56.69,12.38,34.17,39.35,30.38,456978,21.15
534,79.5,7.81,34.1,16.04,79.21,119380,20.1
535,74.53,15.23,15.97,41.46,25.14,171956,28.87
536,50.54,7.91,8.6,16.81,40.69,90858,20.68
537,75.81,18.06,36.93,22.29,26.37,365374,32.4
538,79.88,7.27,49.9,37.18,59.46,51727,29.42
539,52.86,9.52,17.49,22.47,73.58,256208,6.23
540,61.92,17.07,51.24,44.82,34.45,494472,8.31
541,82.32,10.32,44.75,16.46,30.18,401376,14.29
542,75.8,3.8,55.83,18.29,34.61,429647,37.49
543,73.04,15.5,28.84,28.09,54.36,153813,15.08
544,53.14,3.13,23.89,11.91,54.55,143297,9.18
545,45.82,19.5,16.29,34.48,60.29,211106,25.29
546,74.4,13.55,10.96,11.38,54.71,390946,27.36
547,92.43,13.27,40.41,11.3,56.93,222364,39.87
548,63.2,5.82,33.84,36.06,75.81,143784,39.76
549,42.11,14.31,22.11,17.58,73.32,377027,34.37
550,83.21,9.25,59.57,37.87,33.16,180605,25.79
551,56.52,8.12,16.91,33.85,33.5,187966,26.47
552,65.64,16.56,44.78,18.88,64.38,398649,22.2
553,92.51,6.49,50.57,23.24,56.14,67558,20.8
554,58.84,13.27,5.49,27.36,44.34,172348,36.37
555,63.3,3.21,57.25,32.76,21.02,204400,39.42
556,50.6,13.96,25.97,18.86,66.12,127361,23.01
557,88.75,9.2,32.35,22.86,62.7,451097,19.58
558,40.21,3.59,55.75,18.42,59.23,263187,16.69
559,92.45,18.3,14.69,48.22,27.53,471059,24.93
560,78.98,6.28,55.38,29.01,32.79,338247,21.24
561,49.84,13.58,22.76,23.77,29.13,357471,10.32
562,62.73,14.5,16.34,21.23,75.32,310901,16.62
563,64.36,10.35,42.38,16.31,24.86,494838,5.32
564,48.52,9.79,48.35,34.52,32.32,494553,37.45
565,46.88,6.48,37.16,48.88,71.4,63920,38.0
566,71.93,7.11,39.46,24.22,59.8,248521,31.06
567,58.05,13.45,40.02,29.2,68.31,222023,7.74
568,80.0,6.93,40.6,10.95,33.24,204374,34.58
569,67.69,5.09,15.48,28.93,51.32,480948,34.81
570,94.38,6.21,42.87,40.84,70.15,241114,8.7
571,60.05,9.87,27.96,17.01,71.41,85964,34.06
572,51.17,12.74,47.12,33.74,43.95,58051,26.33
573,93.28,11.42,22.51,47.42,75.54,323578,36.52
574,45.54,11.12,51.32,49.73,47.58,290986,20.99
575,80.97,13.2,52.56,17.66,26.0,88217,35.09
576,53.01,10.65,38.37,37.1,40.24,196795,13.09
577,79.08,4.33,14.33,43.4,29.75,413320,9.9
578,83.96,6.86,54.38,42.21,70.05,62282,13.61
579,80.75,8.68,17.02,34.18,31.32,177610,14.25
580,84.24,6.52,48.44,46.9,75.44,399531,5.87
581,90.13,2.72,44.72,11.68,79.4,355852,8.76
582,88.32,19.49,59.61,28.02,29.91,308538,36.15
583,74.22,6.08,51.73,30.92,76.44,199936,26.63
584,58.52,18.85,34.13,34.35,22.02,148837,8.45
585,42.56,6.89,40.81,42.72,46.0,153304,11.98
586,70.71,9.3,56.35,34.34,52.15,115327,33.6
587,81.36,9.04,6.91,42.01,54.44,106990,19.45
588,42.39,8.43,16.01,39.28,56.28,200481,12.91
589,70.29,3.48,5.52,34.68,74.82,312429,24.76
590,70.15,19.45,55.47,27.78,39.97,108715,35.64
591,73.42,12.41,53.99,40.21,54.82,57911,29.55
592,47.51,16.69,30.47,39.48,54.89,348180,15.34
593,89.95,13.93,59.11,33.18,25.91,101500,20.54
594,60.97,3.02,27.97,33.23,43.13,321531,33.08
595,79.42,6.43,13.74,11.19,35.94,473740,17.98
596,71.25,19.13,26.7,13.8,71.68,307324,13.57
597,65.26,9.76,8.91,23.51,36.58,463600,9.62
598,67.93,15.94,19.91,23.64,68.9,218890,35.02
599,80.56,16.72,58.92,20.15,39.68,383585,25.48
600,60.94,8.81,27.59,40.43,22.62,228472,6.8
601,70.75,8.38,45.68,40.1,41.9,288855,33.7
602,85.23,2.35,9.94,30.25,38.42,104735,13.36
603,81.34,6.39,27.34,37.12,49.04,198024,15.33
604,72.31,8.94,16.27,47.81,48.86,75237,27.68
605,94.75,16.74,57.49,37.15,33.2,134237,31.18
606,91.29,3.9,20.47,13.3,63.06,233566,20.31
607,62.88,5.74,32.26,47.07,31.48,173219,24.58
608,60.44,7.41,14.16,46.86,61.53,420126,29.83
609,91.88,15.07,22.6,25.49,78.41,472732,15.2
610,76.73,12.75,8.34,33.78,63.07,161343,5.94
611,91.62,13.64,49.36,29.53,23.44,228724,35.4
612,87.53,19.37,28.76,19.61,54.45,56218,36.89
613,57.62,19.19,34.28,19.23,79.51,429805,26.23
614,50.99,3.84,47.43,40.25,78.86,297804,16.01
615,54.36,13.22,47.29,11.38,22.73,145907,25.52
616,83.6,7.35,24.03,42.89,74.48,388659,16.61
617,47.52,7.49,49.38,11.07,27.91,295504,35.87
618,51.29,17.98,9.33,49.54,70.2,282855,28.31
619,46.39,5.48,42.53,36.02,54.52,282246,5.75
620,74.48,17.36,20.42,49.61,33.02,99541,6.19
621,93.74,18.97,27.6,20.67,44.44,225433,20.07
622,46.63,3.64,19.63,44.33,48.0,462279,9.16
623,79.37,12.25,28.58,21.48,41.4,144562,38.23
624,45.36,9.12,10.48,19.34,40.03,335555,33.58
625,41.57,15.91,32.74,25.54,43.06,68621,17.2
626,54.0,18.8,6.73,12.68,42.46,261050,31.49
627,94.74,6.51,55.14,34.31,20.86,376846,30.92
628,58.95,12.89,32.55,21.06,40.59,133686,27.74
629,42.58,5.2,11.21,34.15,55.47,206498,19.61
630,41.51,19.16,28.91,20.74,73.33,143883,38.64
631,90.86,11.52,43.96,29.24,22.5,76925,18.19
632,55.1,17.76,32.91,48.19,24.0,420951,8.59
633,71.34,11.0,26.81,21.2,59.64,337407,36.97
634,75.05,4.68,29.97,17.92,46.95,63689,22.71
635,87.69,16.75,53.5,30.68,42.94,232280,5.48
636,84.51,2.8,57.9,30.8,60.84,52856,22.68
637,88.31,5.42,30.94,11.85,27.44,225034,23.42
638,78.49,16.09,51.84,42.98,59.77,140338,27.36
639,73.22,9.73,46.32,41.69,58.06,183064,24.24
640,61.32,7.71,40.39,23.84,78.12,365736,23.78
641,79.3,4.17,21.86,24.17,25.46,245618,10.57
642,54.17,16.72,33.07,46.01,64.74,249400,31.96
643,75.26,3.58,39.89,26.81,77.44,138712,20.42
644,82.02,16.8,7.57,15.44,34.36,135870,30.91
645,41.78,11.85,7.71,21.34,60.05,85181,21.7
646,68.56,5.76,51.8,19.38,52.26,366025,16.29
647,63.47,14.77,57.75,33.45,72.06,234074,25.93
648,59.93,6.75,39.52,31.49,33.87,378025,30.3
649,52.16,7.98,31.67,16.53,49.73,348413,32.15
650,43.48,14.63,33.83,30.28,22.05,187515,25.25
651,92.04,5.79,50.44,14.95,22.61,321945,38.17
652,89.39,6.21,6.63,48.53,78.55,394072,13.49
653,60.45,10.95,23.96,17.34,62.11,434325,10.83
654,73.45,4.66,50.86,31.64,21.62,58009,12.42
655,62.97,17.22,36.46,41.18,21.13,344468,20.31
656,57.53,16.14,29.78,14.14,40.06,193636,7.7
657,54.97,6.97,22.16,46.15,66.64,234640,10.74
658,92.65,16.77,8.11,35.98,49.52,164250,9.1
659,49.62,16.82,18.91,20.8,48.8,188541,26.72
660,84.67,10.57,57.63,34.06,76.85,203923,20.46
661,68.96,3.64,21.41,25.03,20.52,381888,36.05
662,51.1,15.66,39.36,30.11,66.55,203524,19.46
663,93.98,2.49,30.23,45.88,28.39,123386,23.09
664,44.4,2.84,15.19,18.25,56.16,82416,28.07
665,44.05,8.54,39.88,41.73,37.15,418294,22.11
666,65.9,4.17,24.46,24.68,61.01,143404,22.17
667,51.16,7.18,51.84,34.58,47.13,143639,29.36
668,89.58,4.62,33.85,19.0,56.83,164303,6.96
669,85.35,7.01,22.31,43.27,36.6,338556,9.55
670,41.06,17.93,56.44,24.34,21.87,103115,33.58
671,66.43,15.41,19.34,38.45,67.43,441886,29.84
672,79.73,17.75,26.88,14.31,55.02,349601,5.55
673,56.98,7.18,18.63,15.18,66.8,235551,11.78
674,71.88,16.34,25.87,14.75,40.14,303408,21.39
675,62.24,6.57,46.64,44.79,76.57,365114,39.08
676,46.12,19.33,13.38,22.01,57.9,400374,31.06
677,88.44,9.94,30.03,20.03,28.07,396526,32.69
678,79.78,16.33,48.45,15.7,21.2,107567,15.81
679,47.35,11.53,12.33,11.05,41.33,307288,20.49
680,48.19,5.27,26.12,15.65,30.99,84292,33.27
681,49.9,8.84,38.61,31.84,37.0,363957,26.68
682,40.78,13.93,27.86,45.36,59.22,313531,17.98
683,63.75,7.59,18.17,34.02,75.52,486975,6.77
684,70.41,11.75,36.95,19.95,36.6,339677,25.08
685,62.2,11.03,43.21,45.04,20.8,369532,23.69
686,50.26,14.98,56.99,38.73,78.48,450563,35.09
687,69.48,16.5,23.53,22.75,31.62,349048,27.51
688,78.5,3.53,26.71,33.84,59.69,320828,39.15
689,79.83,10.87,37.29,23.01,52.46,186537,21.25
690,87.04,7.32,16.47,22.78,65.86,118462,15.14
691,94.72,15.75,48.55,37.84,52.89,109892,28.94
692,60.36,12.96,40.39,24.48,44.02,153175,7.98
693,73.37,7.33,12.36,14.21,22.01,287153,34.65
694,62.21,5.19,9.56,18.61,23.79,309450,38.49
695,40.11,18.45,28.02,14.55,38.38,257683,29.91
696,79.57,10.47,29.12,23.19,46.54,157434,10.49
697,45.91,19.41,37.28,34.61,46.77,369436,20.35
698,51.08,10.43,15.01,49.24,29.91,356258,16.87
699,86.81,19.99,14.63,14.04,38.39,228187,39.29
700,61.3,16.46,43.21,49.65,48.64,361117,13.58
701,76.75,10.54,19.51,25.1,70.27,461381,12.99
702,55.8,19.0,42.97,44.86,46.46,147033,13.19
703,78.8,12.7,31.72,33.63,28.38,139673,9.04
704,56.31,12.62,11.32,12.5,47.72,216039,28.37
705,94.22,10.83,28.66,21.66,29.6,336237,11.35
706,75.65,10.62,24.93,40.44,44.38,263058,17.87
707,65.75,11.05,48.99,30.11,48.72,447332,23.25
708,79.97,18.54,50.33,49.64,38.72,458527,16.33
709,40.1,6.07,26.15,24.17,32.28,304470,31.32
710,92.18,16.38,59.96,44.68,76.21,391500,11.07
711,74.15,4.66,46.99,19.67,43.67,70067,10.14
712,83.14,5.9,55.69,24.67,38.52,322951,23.55
713,84.52,11.59,17.89,49.21,25.98,449582,14.09
714,41.1,16.33,13.36,17.94,51.96,190690,13.25
715,76.16,16.57,27.45,45.33,48.8,160009,37.87
716,58.44,6.52,23.27,25.23,72.62,177074,37.0
717,44.83,5.27,33.95,44.01,24.62,116853,10.42
718,88.82,6.68,57.92,40.12,78.72,247360,30.28
719,81.36,3.25,17.04,46.08,41.57,165801,24.21
720,83.26,17.05,50.64,30.21,78.58,423235,28.76
721,47.4,2.82,44.98,24.78,33.34,369737,39.79
722,53.79,3.41,5.64,39.35,79.64,453044,31.62
723,56.85,8.63,55.96,15.11,64.95,53899,9.21
724,67.92,8.93,49.02,33.24,63.5,56941,5.69
725,86.2,2.74,21.5,40.76,51.74,456853,16.81
726,93.21,8.81,13.62,11.58,46.4,333847,30.64
727,55.85,6.94,7.38,49.17,57.9,403349,29.81
728,41.5,12.55,54.0,43.03,76.15,474749,30.24
729,46.01,8.99,11.72,32.31,49.09,466067,6.02
730,78.35,12.59,10.32,43.95,64.3,229841,7.09
731,46.59,9.45,8.23,44.63,60.29,467350,24.23
732,71.71,15.39,8.05,15.18,50.27,100919,13.56
733,52.41,2.93,13.6,19.4,45.05,461536,31.29
734,44.92,16.48,56.98,29.29,25.66,51888,31.56
735,64.85,6.92,35.17,38.85,41.06,272918,9.65
736,47.61,10.91,48.1,42.66,29.94,465280,30.53
737,59.42,11.13,29.92,44.0,75.83,79985,16.65
738,67.56,18.78,16.94,20.94,59.11,212149,35.66
739,90.97,16.51,11.0,12.48,31.59,434573,36.98
740,81.79,2.66,50.93,38.29,60.5,352744,19.43
741,41.43,12.07,58.65,27.17,24.29,62661,28.05
742,71.5,12.6,45.81,28.79,30.45,471370,39.55
743,52.9,11.07,19.41,46.58,62.8,298093,36.22
744,64.64,16.16,22.61,20.54,41.98,111969,5.02
745,53.71,9.01,38.1,35.4,66.13,430897,30.13
746,81.9,4.54,30.23,41.05,37.36,262261,30.21
747,46.14,4.49,16.24,39.31,34.41,56317,8.82
748,42.24,10.99,47.61,27.43,77.08,175401,7.06
749,64.01,19.18,53.56,39.69,66.54,273834,20.34
750,56.9,15.83,28.34,30.96,78.37,310233,15.38
751,93.08,12.15,33.08,18.32,26.77,343687,38.96
752,84.29,5.57,45.07,11.37,64.83,189035,6.33
753,63.66,8.86,59.55,11.98,35.73,295638,19.16
754,41.61,12.02,54.7,49.58,75.37,316011,21.29
755,75.94,14.36,41.7,30.77,34.34,409048,36.61
756,85.0,5.17,42.55,13.24,65.69,104034,33.48
757,60.09,5.03,14.72,18.06,35.44,296921,32.95
758,75.49,9.39,45.88,30.09,78.43,104269,15.21
759,57.62,12.63,30.17,43.06,21.85,374078,6.83
760,68.07,12.7,9.56,41.95,47.46,199226,27.21
761,46.69,8.17,45.24,11.47,45.32,266168,30.48
762,64.54,9.19,26.69,25.23,50.52,77814,35.08
763,94.62,5.69,21.04,12.59,35.91,285545,28.89
764,81.23,6.81,20.54,25.2,28.79,411329,30.88
765,74.71,7.61,38.93,20.91,63.77,313377,13.67
766,66.9,12.81,34.6,13.8,22.89,492166,15.67
767,41.02,10.75,20.01,24.22,61.0,465624,8.35
768,64.67,4.96,9.92,25.87,27.92,90965,18.21
769,89.16,14.08,28.69,42.84,29.74,55492,12.56
770,71.91,9.33,32.28,19.16,53.03,311984,19.89
771,81.47,2.86,10.6,28.35,36.71,375619,27.05
772,68.7,10.44,9.54,47.37,26.46,346351,14.44
773,66.03,3.16,14.93,24.07,48.25,202529,36.76
774,90.03,17.86,13.38,10.56,37.17,63172,35.28
775,86.6,8.1,34.02,15.02,38.74,222620,14.34
776,81.09,7.17,18.73,39.25,45.4,440501,6.46
777,49.07,6.87,51.11,45.49,78.19,378896,37.82
778,77.91,10.38,7.9,16.31,31.29,71724,29.67
779,93.1,2.99,49.29,46.16,36.69,460034,5.08
780,77.53,18.53,26.0,16.48,78.45,222874,6.05
781,93.73,19.37,45.24,43.2,62.12,355779,25.42
782,42.37,13.58,17.57,27.88,58.81,328523,24.41
783,89.67,18.25,46.27,49.35,76.06,63726,32.62
784,82.27,16.72,7.51,46.75,25.44,122304,19.52
785,60.18,15.22,30.02,22.44,36.94,274573,34.28
786,43.72,15.4,33.95,49.93,26.78,245324,37.96
787,40.84,8.64,40.15,42.44,61.39,139790,28.74
788,43.74,6.3,10.24,34.6,47.32,62528,22.74
789,55.28,2.55,30.02,33.35,57.51,129140,12.67
790,80.54,14.51,8.24,11.27,55.19,189204,10.58
791,86.97,9.0,11.48,18.78,67.9,385486,6.74
792,80.25,18.81,41.26,32.5,73.78,253580,36.68
793,67.52,8.68,48.29,18.18,64.31,70888,17.64
794,55.51,4.5,40.15,15.0,76.03,102566,35.78
795,69.46,13.61,43.35,34.22,53.23,213408,32.89
796,83.27,16.42,8.54,13.65,31.02,326018,35.24
797,83.31,9.31,30.58,45.7,27.79,217820,39.2
798,49.18,16.11,5.8,44.52,51.6,465784,10.1
799,68.68,11.01,20.04,36.11,37.34,370385,34.89
800,63.93,13.34,44.69,12.99,20.05,413521,32.94
801,41.56,7.22,28.35,23.69,26.6,259174,9.33
802,65.9,9.27,46.68,17.94,41.52,383944,28.2
803,86.48,19.12,39.03,47.96,28.43,290323,37.44
804,77.76,17.08,9.61,14.35,69.42,412256,15.11
805,87.03,9.91,43.48,19.45,75.24,485213,28.78
806,71.66,12.61,30.06,31.8,60.73,423421,10.19
807,60.74,10.49,14.5,46.82,21.06,196287,12.09
808,71.79,9.7,24.33,31.46,72.04,389013,38.13
809,51.51,2.64,46.56,30.55,39.06,446816,32.78
810,42.0,15.79,9.94,29.66,20.76,225889,24.32
811,66.39,4.44,18.79,10.12,56.61,268134,14.18
812,75.42,14.35,52.25,42.34,30.81,325053,38.69
813,58.05,2.15,35.95,20.82,74.98,117128,21.94
814,83.72,8.96,50.01,25.51,64.88,316964,32.74
815,41.44,17.72,45.54,44.61,20.8,491231,5.28
816,64.03,6.64,31.24,10.93,45.37,319072,18.27
817,59.36,15.26,46.01,40.78,31.86,388252,29.24
818,72.71,8.46,37.05,27.57,31.99,434899,29.29
819,60.53,12.31,27.52,45.35,43.99,427639,26.38
820,44.33,10.16,44.83,31.63,44.05,137479,20.51
821,48.75,12.41,8.26,18.03,64.54,310204,23.69
822,64.6,10.68,7.56,12.82,66.99,248553,10.32
823,77.19,2.91,59.08,49.81,58.68,125864,30.66
824,58.3,19.65,51.91,47.93,76.27,479050,18.84
825,50.3,5.1,18.8,39.5,20.3,279294,22.7
826,45.7,19.3,12.71,21.79,66.43,465596,37.35
827,67.95,17.38,53.44,30.27,42.39,469407,35.7
828,89.66,19.55,57.89,10.79,52.2,94100,29.02
829,87.24,6.68,5.28,41.33,32.12,427534,15.97
830,92.74,13.41,29.07,45.5,34.68,94433,17.27
831,92.68,16.89,24.34,32.26,54.24,417215,31.82
832,72.17,8.41,45.92,48.17,67.96,470879,33.77
833,52.85,2.81,32.56,16.3,32.58,362086,32.53
834,82.97,10.46,8.57,16.61,22.83,157982,20.47
835,93.86,9.76,34.27,16.71,33.84,321169,30.64
836,86.77,9.94,42.09,37.54,28.02,496893,15.47
837,51.55,3.15,41.61,24.46,62.46,410166,10.98
838,41.09,16.0,30.5,10.79,23.31,409947,35.14
839,50.27,4.6,24.6,32.6,55.37,139061,22.2
840,85.11,13.56,9.52,35.54,50.13,465887,9.83
841,87.99,6.27,30.17,42.14,70.44,199714,21.13
842,69.81,2.31,21.71,21.68,39.57,319089,13.04
843,91.95,15.45,30.74,29.67,30.17,403115,11.01
844,66.52,2.84,8.08,36.77,25.46,447345,15.98
845,87.46,10.04,52.13,28.55,36.36,177828,30.94
846,87.15,5.54,48.78,21.36,51.18,417200,32.31
847,75.66,5.07,28.11,40.72,68.58,112079,29.02
848,57.55,6.76,51.18,16.73,23.67,368341,24.87
849,77.76,15.08,29.78,48.39,38.94,291556,18.84
850,46.55,10.04,58.92,12.71,31.25,380268,16.98
851,71.23,11.0,58.86,21.95,60.41,371349,19.6
852,65.0,3.18,33.89,47.16,35.73,131172,11.31
853,83.28,19.39,58.59,12.39,31.36,188617,21.63
854,76.38,6.21,42.63,30.65,37.77,141073,26.86
855,87.51,2.04,40.21,47.13,73.64,437621,9.43
856,88.25,18.71,49.91,14.69,20.19,358380,29.63
857,54.96,14.09,7.47,31.93,26.09,71277,25.05
858,88.39,18.44,51.85,20.73,22.21,143304,38.11
859,73.9,14.09,22.66,20.05,75.86,452464,20.33
860,45.32,12.3,51.48,14.38,35.25,169478,20.7
861,43.21,16.92,48.09,41.83,55.81,333786,32.11
862,69.55,5.95,31.82,13.51,20.02,148074,8.18
863,84.62,11.59,26.97,46.74,79.93,203918,13.46
864,65.52,19.02,47.86,13.92,49.17,128651,13.33
865,56.68,18.29,50.4,21.19,40.06,449434,6.53
866,93.37,11.86,17.17,36.64,49.17,129072,21.61
867,51.34,14.35,37.77,39.81,37.09,92573,8.38
868,63.58,15.26,20.86,29.46,28.1,245536,36.1
869,69.93,15.01,29.52,38.04,66.55,87784,6.26
870,53.27,10.98,29.5,30.22,49.28,310683,39.03
871,63.69,18.16,29.28,30.98,60.94,493503,15.55
872,48.54,2.45,27.31,49.95,36.18,320146,29.25
873,76.49,4.54,9.59,21.12,39.82,475383,27.53
874,72.56,14.95,9.01,28.0,20.36,432597,27.85
875,54.35,12.67,45.73,25.62,70.99,145693,37.78
876,54.03,13.84,48.16,16.77,50.54,448588,6.32
877,40.54,18.27,17.73,11.12,59.42,52962,30.22
878,86.64,14.23,21.79,22.36,56.25,153035,11.71
879,55.41,7.55,27.85,15.05,61.15,454858,17.77
880,40.73,16.78,20.57,31.9,21.23,229454,39.42
881,69.51,9.68,56.21,24.87,75.71,394221,8.69
882,93.35,16.8,9.56,47.12,61.24,286715,20.98
883,92.53,5.94,41.71,41.64,42.96,90352,15.2
884,81.45,15.55,56.98,49.63,43.62,313655,19.74
885,58.85,16.03,29.83,27.77,58.68,207312,31.51
886,52.09,8.39,53.25,26.53,27.47,256088,27.99
887,61.46,13.74,31.62,36.27,23.3,432666,26.95
888,43.71,9.1,50.34,48.45,49.99,364579,24.61
889,91.12,8.22,28.57,20.17,65.29,110376,14.53
890,70.59,18.25,21.63,48.12,58.62,390494,12.46
891,66.75,19.49,19.38,33.8,68.32,321700,29.69
892,64.93,5.41,25.73,23.28,45.15,272310,8.09
893,46.62,5.44,51.08,10.73,43.93,348801,24.19
894,48.62,10.15,57.45,13.57,23.63,187053,35.49
895,92.24,13.86,5.9,10.69,50.56,198160,32.18
896,50.59,11.43,11.56,21.13,65.64,186556,18.36
897,52.39,6.17,29.28,22.01,71.46,314570,14.66
898,90.61,11.2,47.81,21.38,35.64,476758,29.46
899,71.28,10.38,35.19,29.86,63.57,327811,12.53
900,83.91,9.57,55.11,38.6,47.6,176742,8.37
901,73.43,8.91,54.0,39.94,33.75,230686,32.11
902,73.67,11.82,17.17,11.5,28.79,106399,34.02
903,70.09,10.36,56.68,27.16,62.86,163275,33.59
904,46.64,12.94,43.25,48.92,76.64,471864,26.46
905,47.51,16.1,54.08,47.91,37.28,345522,19.8
906,83.73,7.64,28.74,33.24,51.39,404623,33.55
907,71.07,3.71,16.86,24.21,22.7,254774,20.01
908,47.64,16.93,38.56,27.57,43.41,130369,17.03
909,42.22,12.28,49.41,11.73,61.77,134748,24.15
910,54.78,5.47,36.84,17.18,51.39,471687,17.84
911,74.81,6.58,31.78,31.2,70.83,451381,8.25
912,93.09,8.24,56.99,32.17,56.91,430310,13.12
913,66.24,8.53,16.47,41.14,63.66,394640,14.13
914,47.42,15.57,24.64,46.97,52.33,320137,10.65
915,93.29,12.25,43.08,24.9,47.88,64447,32.37
916,92.68,11.85,29.95,33.58,78.39,167171,31.36
917,61.44,9.93,35.64,34.04,35.74,60366,6.38
918,92.13,8.84,49.23,13.14,44.9,270329,15.46
919,47.31,4.37,31.41,18.06,52.58,193250,33.86
920,89.22,5.73,56.86,20.6,46.1,403656,36.57
921,69.73,2.09,30.06,13.79,22.48,388360,36.54
922,50.14,10.87,53.05,16.62,42.61,338415,39.86
923,82.62,4.76,48.6,31.3,75.71,352294,29.31
924,44.67,15.23,11.38,49.84,58.49,324684,15.62
925,42.17,15.81,42.27,35.84,56.3,159273,12.73
926,64.42,18.59,19.33,12.06,22.23,235992,26.75
927,94.62,2.76,36.04,29.41,57.71,381713,16.75
928,50.55,18.73,21.97,49.91,75.76,381545,8.63
929,61.83,3.45,53.65,22.24,45.01,216958,34.52
930,55.2,9.02,34.75,25.11,25.98,282064,38.62
931,53.65,17.22,19.65,34.7,43.1,476224,5.98
932,80.02,19.86,41.0,47.03,39.14,466935,23.65
933,40.3,6.92,11.25,29.97,30.62,227686,19.73
934,54.01,13.47,33.1,37.06,35.92,269248,22.15
935,77.37,19.5,40.15,27.91,51.57,89126,20.61
936,82.03,6.29,51.39,46.26,62.25,167759,38.39
937,89.44,19.05,14.49,13.14,45.51,179477,17.25
938,93.32,4.34,16.76,23.67,45.44,181459,37.78
939,80.22,14.57,41.48,24.75,35.76,349165,15.61
940,53.2,8.86,54.52,48.03,27.84,77521,31.45
941,50.09,11.71,15.89,28.78,41.86,322753,33.64
942,89.32,19.77,28.07,40.93,43.87,338122,18.79
943,94.06,15.29,26.73,23.68,65.43,424797,13.58
944,46.13,8.64,58.1,15.61,71.47,318267,9.93
945,83.16,19.29,56.98,33.03,37.66,376596,37.96
946,53.34,3.12,45.14,37.73,26.04,309544,10.81
947,94.22,4.9,34.02,27.54,71.71,331897,15.65
948,46.8,9.02,20.8,33.88,76.9,129427,37.1
949,72.7,5.73,11.79,14.18,73.65,307937,14.59
950,45.66,19.27,45.0,20.23,68.65,408569,26.95
951,69.27,12.97,52.37,43.65,56.63,73164,21.24
952,84.33,3.91,34.49,29.68,65.57,203958,34.66
953,70.22,8.61,32.16,39.18,29.0,410842,38.28
954,61.85,15.46,35.25,35.79,24.84,226499,14.33
955,84.91,3.65,26.06,38.32,51.03,499242,36.63
956,72.95,2.98,36.96,14.83,48.59,403596,7.53
957,58.06,7.15,9.67,48.2,33.58,114244,13.08
958,45.41,4.06,34.0,13.6,23.92,297859,13.11
959,67.35,3.69,47.21,35.95,67.55,265894,13.94
960,42.82,17.91,50.67,13.65,67.22,429724,16.6
961,53.97,4.41,58.61,24.41,40.15,423339,28.3
962,61.8,8.28,58.34,25.62,76.58,498332,36.24
963,60.88,13.13,43.32,33.83,66.6,318271,11.55
964,52.36,10.19,7.46,21.47,43.42,75657,32.76
965,66.96,5.95,17.32,11.09,44.02,340290,6.47
966,85.23,9.1,59.44,18.56,47.74,309124,7.86
967,87.45,11.55,53.24,12.33,71.58,268273,33.9
968,57.77,18.44,41.47,10.43,44.46,213923,30.47
969,51.23,2.73,14.87,27.59,70.99,459517,19.93
970,76.2,6.5,15.28,39.59,61.44,138003,13.24
971,84.27,11.92,19.15,29.3,35.02,316249,17.97
972,69.16,9.14,34.4,27.32,69.86,424036,12.17
973,85.17,17.2,38.41,46.87,35.46,145708,26.46
974,63.81,13.59,8.13,11.19,35.24,465803,21.96
975,82.81,17.94,58.12,33.3,73.99,394631,17.62
976,76.26,9.34,10.58,43.38,37.1,367302,38.45
977,43.64,14.3,53.26,41.14,65.85,81192,9.19
978,45.43,15.24,9.48,29.71,67.0,336312,19.89
979,40.63,10.26,50.47,10.12,51.34,467643,23.0
980,52.41,15.19,54.32,15.34,69.88,335246,11.89
981,54.36,5.38,57.37,47.39,40.07,411491,20.72
982,77.15,13.2,39.32,28.76,44.56,401081,30.09
983,63.64,13.42,16.42,24.56,32.75,267565,15.46
984,57.65,15.0,54.34,49.27,41.38,256461,21.42
985,70.19,9.01,38.2,15.43,40.03,475544,29.59
986,45.76,18.71,45.78,48.51,43.33,176604,34.22
987,61.79,8.34,12.47,11.32,39.7,167608,10.34
988,64.95,9.63,30.09,29.65,72.75,384558,15.05
989,83.2,14.26,7.32,19.17,29.96,84030,10.39
990,68.13,10.82,22.27,13.44,67.06,51754,26.67
991,71.83,11.78,32.13,34.66,64.04,432414,24.48
992,76.35,17.18,14.91,20.88,29.91,426741,29.58
993,81.51,8.22,54.71,20.26,32.35,53225,39.68
994,78.18,11.98,36.6,11.18,45.33,141104,17.46
995,49.27,8.22,25.05,39.57,79.84,194318,23.74
996,63.77,16.02,47.55,11.52,61.29,96392,30.2
997,91.83,5.31,47.27,38.43,47.38,156933,37.62
998,53.13,13.3,24.11,15.29,70.94,383390,38.87
999,52.64,15.36,38.52,43.57,41.83,227009,20.06
1000,74.62,4.96,25.98,37.97,38.58,386610,19.9
1001,78.05,9.17,48.59,42.46,74.25,312107,13.02
1002,74.35,5.06,33.98,13.81,40.85,427142,6.79
1003,40.69,3.49,27.65,25.06,52.87,106218,25.79
1004,88.59,14.78,35.75,28.9,52.72,345124,33.42
1005,83.06,14.41,38.61,33.94,31.4,246170,18.88
1006,44.99,2.09,48.68,38.84,75.39,196899,35.3
1007,74.51,8.38,13.08,28.69,67.32,407653,22.0
1008,94.11,17.52,35.55,21.39,32.85,308397,21.63
1009,66.49,10.49,42.31,45.57,68.43,141319,36.88
1010,47.93,5.78,22.15,18.82,55.43,309853,11.33
1011,45.26,9.57,45.96,33.07,42.68,199745,28.06
1012,51.72,14.45,57.65,31.8,73.21,298610,38.04
1013,84.55,6.19,12.43,39.46,32.65,202458,19.7
1014,88.47,14.94,54.25,31.97,68.72,193758,31.44
1015,82.2,3.5,44.46,35.43,20.98,116486,30.66
1016,46.33,13.42,43.76,30.07,35.45,279584,7.59
1017,42.59,5.38,27.02,38.14,66.88,487048,26.9
1018,56.25,14.1,6.86,40.75,54.02,254485,32.04
1019,87.68,10.17,11.83,12.07,77.88,432879,30.66
1020,61.17,6.43,16.49,27.73,61.0,193306,20.31
1021,48.37,2.67,17.87,25.31,56.34,383199,32.94
1022,64.88,14.22,27.27,12.48,77.96,348546,13.01
1023,77.36,14.88,49.99,11.51,76.8,450561,28.29
1024,63.02,18.94,8.43,23.39,59.63,347110,19.4
1025,67.54,15.92,57.33,39.05,74.52,383248,38.96
1026,88.84,9.96,45.4,36.96,38.19,156786,11.66
1027,47.42,7.87,21.83,31.63,44.37,446592,5.39
1028,72.63,11.53,57.78,32.46,58.76,226310,23.3
1029,51.73,15.31,52.78,40.6,63.38,251042,36.34
1030,92.37,16.06,51.22,19.68,32.32,471215,23.79
1031,74.71,2.82,55.46,46.84,59.58,462103,29.65
1032,74.89,8.57,36.66,12.84,77.19,320168,23.0
1033,45.5,9.86,19.71,19.98,27.61,236559,38.96
1034,79.83,5.41,37.98,46.0,52.34,203906,31.33
1035,84.88,7.39,49.53,35.31,76.84,136800,30.82
1036,47.29,3.9,24.82,18.69,44.98,118626,13.41
1037,40.75,5.43,16.17,43.58,44.02,188060,21.93
1038,57.04,6.96,56.92,30.97,60.19,447304,20.67
1039,69.95,13.44,45.12,21.03,44.46,202067,31.57
1040,89.11,10.56,18.31,33.53,33.62,106737,22.15
1041,89.39,10.78,8.57,44.18,70.02,186060,19.74
1042,81.72,11.04,54.95,42.56,23.59,372598,32.37
1043,88.54,4.39,37.63,15.22,71.65,383521,11.82
1044,87.26,8.54,35.93,28.73,53.1,265429,13.3
1045,72.58,7.87,10.56,43.12,35.14,316862,21.24
1046,42.35,9.67,10.98,12.25,79.21,378721,14.56
1047,69.69,4.1,40.1,12.53,52.39,303036,33.74
1048,81.52,7.27,32.46,48.71,47.28,78442,37.53
1049,67.74,8.9,48.67,26.35,42.47,306323,15.06
1050,89.49,19.7,31.27,26.65,28.97,293820,24.72
1051,67.24,14.91,5.81,46.96,69.34,325471,18.38
1052,61.21,10.21,57.24,42.49,69.24,484005,16.92
1053,57.69,6.58,35.58,36.56,51.05,111069,26.13
1054,61.83,15.34,8.69,36.15,32.69,375017,18.18
1055,45.8,13.49,14.19,29.2,42.26,99836,19.94
1056,58.95,9.05,32.36,13.24,45.66,198238,19.77
1057,93.51,9.55,11.71,24.41,45.79,311880,12.7
1058,78.57,17.09,7.54,25.99,78.95,315765,29.72
1059,80.9,17.24,49.88,38.54,20.37,356086,7.48
1060,76.46,17.2,30.4,23.98,24.02,287193,36.36
1061,56.32,4.36,15.28,42.81,76.12,131569,6.85
1062,91.86,5.88,34.05,23.79,57.24,308582,20.07
1063,61.44,9.02,6.05,33.18,70.77,262101,21.75
1064,94.36,14.94,57.76,15.47,65.32,60443,18.68
1065,65.25,3.2,9.12,25.06,64.89,257493,38.52
1066,61.36,13.7,11.31,19.44,25.26,428125,23.06
1067,58.7,4.08,55.48,26.73,72.3,412623,8.18
1068,89.42,14.49,24.87,12.74,40.61,159597,6.63
1069,70.83,2.18,13.51,26.0,79.29,278746,23.36
1070,82.57,7.32,52.14,13.86,22.13,263635,12.2
1071,71.87,3.93,6.86,26.08,76.36,322618,27.43
1072,49.36,6.4,15.79,28.47,27.11,421660,5.52
1073,86.88,12.68,42.84,10.26,75.42,460661,14.74
1074,60.26,9.0,25.54,23.04,77.01,263240,34.26
1075,52.03,16.0,42.91,30.42,25.97,210452,17.81
1076,87.48,3.04,49.71,44.63,79.41,373705,8.77
1077,74.62,13.03,55.98,35.65,66.33,253109,35.99
1078,79.1,17.91,49.51,25.56,76.04,449068,23.84
1079,84.96,12.7,39.64,23.52,51.98,218950,36.54
1080,55.7,19.84,50.77,47.28,49.64,83252,17.65
1081,93.69,4.16,50.29,19.28,46.07,290031,29.84
1082,92.34,16.59,56.51,25.48,39.88,360097,14.89
1083,40.82,18.38,26.64,25.94,71.47,259234,23.85
1084,88.93,2.55,26.77,37.74,46.72,351025,22.04
1085,87.35,16.42,27.97,27.86,22.76,302603,30.8
1086,43.35,12.85,18.95,35.22,26.02,92012,16.77
1087,91.12,6.76,13.07,27.48,78.54,88250,21.54
1088,48.2,12.82,45.15,31.27,68.43,353366,12.03
1089,90.59,10.5,36.39,25.49,67.68,317266,27.24
1090,67.06,3.81,52.73,36.06,68.58,110820,8.64
1091,48.97,5.3,10.03,45.1,35.78,498102,11.96
1092,47.6,7.33,52.15,35.63,57.59,415849,22.97
1093,74.62,10.56,17.99,38.19,46.56,74557,33.74
1094,71.92,11.64,23.4,33.88,46.63,424351,21.8
1095,57.19,15.05,43.37,46.63,62.54,181529,34.72
1096,77.42,12.92,18.74,46.57,25.58,60223,14.99
1097,82.82,3.0,8.24,10.22,58.71,338450,13.38
1098,92.99,19.71,42.58,27.88,72.49,166037,13.74
1099,82.31,12.99,55.05,19.87,52.78,367260,32.26
1100,90.67,18.57,50.02,20.79,46.69,481535,19.73
1101,50.84,4.34,31.97,29.61,41.26,395866,6.04
1102,53.05,5.62,15.21,25.42,46.08,293626,16.77
1103,61.97,9.73,22.12,24.92,59.79,470079,23.45
1104,72.04,6.09,22.17,39.92,24.23,420367,16.41
1105,62.64,17.58,31.08,39.19,66.12,102874,16.78
1106,81.13,7.73,42.62,26.87,58.69,121066,8.34
1107,49.88,10.83,46.92,15.71,24.16,358797,16.66
1108,87.43,5.93,30.68,38.81,32.57,172542,33.36
1109,52.15,8.31,27.3,21.96,63.07,385866,19.53
1110,43.3,6.15,13.51,11.6,53.3,64857,9.91
1111,71.15,16.47,16.95,24.16,79.41,402092,9.22
1112,43.46,17.45,30.47,49.23,52.35,221702,32.24
1113,86.41,17.98,34.67,10.94,42.03,79231,6.32
1114,85.45,8.5,15.36,42.61,58.05,252721,5.81
1115,92.96,6.51,30.4,47.23,22.53,344556,14.71
1116,93.64,6.82,6.73,20.52,76.8,145016,13.28
1117,59.9,12.51,49.23,49.2,29.69,227380,7.32
1118,89.94,9.67,6.22,31.65,79.44,85009,13.1
1119,90.93,10.52,24.95,24.35,79.25,494531,22.99
1120,56.58,2.65,17.73,37.23,23.63,293310,37.27
1121,79.31,10.79,29.17,47.79,20.57,183079,31.22
1122,76.47,9.54,59.69,34.04,56.34,69855,10.11
1123,77.53,19.82,14.64,17.53,31.98,291024,24.21
1124,87.83,2.44,51.37,37.2,51.9,336869,28.32
1125,65.33,9.04,34.68,38.34,36.75,330093,29.25
1126,59.0,11.61,42.97,32.76,61.68,215123,25.24
1127,40.19,18.46,55.92,40.48,20.47,403562,7.68
1128,84.63,9.83,49.68,47.53,20.2,86040,20.65
1129,51.32,3.98,47.37,37.19,26.68,226923,37.66
1130,81.6,17.88,52.12,14.21,40.92,119210,31.5
1131,91.25,17.44,35.31,35.87,25.0,400031,32.49
1132,49.37,5.06,26.03,48.29,28.32,165131,38.19
1133,74.71,11.27,59.22,18.65,54.21,190589,35.23
1134,73.4,3.4,54.37,46.53,24.05,414063,22.33
1135,63.64,7.06,6.8,10.03,20.51,371374,33.72
1136,78.66,16.08,11.0,23.35,23.87,267473,33.62
1137,71.32,5.73,29.14,25.55,78.31,213684,12.97
1138,92.06,4.37,50.72,29.26,33.93,75318,29.5
1139,40.81,19.13,40.43,35.43,79.48,361445,30.32
1140,84.75,16.72,18.87,35.07,65.87,434066,16.72
1141,57.32,18.64,11.93,17.1,53.12,394156,37.91
1142,65.18,2.54,38.43,37.92,56.79,182672,7.56
1143,91.5,5.67,55.41,28.98,77.49,297048,33.98
1144,51.44,7.75,32.16,18.28,39.58,82353,14.12
1145,77.26,19.25,15.19,23.88,37.78,151222,8.25
1146,80.68,14.49,6.09,28.33,25.85,454228,24.6
1147,59.18,7.24,34.69,47.78,76.91,377014,9.93
1148,55.87,6.91,30.63,30.87,37.29,476277,32.74
1149,81.64,8.11,10.92,45.35,21.63,54571,14.42
1150,73.81,11.18,12.86,22.47,53.62,317283,12.66
1151,54.84,2.26,25.71,26.06,59.54,99742,19.54
1152,70.91,11.23,23.48,26.54,52.88,170191,17.4
1153,69.56,8.82,30.0,35.42,38.91,496713,8.95
1154,61.2,16.76,51.0,41.7,65.72,214309,28.44
1155,53.58,13.05,31.12,28.78,34.04,176581,9.83
1156,52.36,18.72,53.5,34.23,45.38,227522,8.42
1157,79.63,9.82,12.17,47.99,46.13,101980,25.54
1158,49.34,12.84,52.14,46.59,26.78,95582,11.98
1159,64.1,17.15,14.85,26.13,74.4,302939,29.87
1160,52.73,13.16,31.76,17.84,60.98,362216,38.87
1161,54.23,5.9,58.55,39.02,43.47,292803,26.09
1162,74.14,3.39,7.28,11.3,69.22,331707,37.64
1163,51.73,3.33,28.21,36.31,75.08,172888,18.9
1164,71.11,18.88,59.25,37.16,55.72,314940,16.46
1165,76.84,12.36,55.88,43.99,72.63,315003,6.77
1166,91.81,9.28,48.96,22.88,23.17,377531,29.94
1167,71.01,14.39,49.34,23.37,73.98,192010,31.69
1168,81.16,8.42,44.92,13.27,26.11,495624,35.22
1169,40.59,12.54,46.4,14.23,28.55,414411,5.33
1170,70.96,18.17,35.27,33.9,51.97,451258,23.67
1171,61.49,16.15,26.28,38.51,61.54,431817,6.88
1172,67.57,5.92,49.66,39.98,68.41,60260,38.63
1173,64.22,17.61,9.77,18.54,28.35,55360,29.18
1174,76.01,15.06,6.84,21.93,47.55,439048,21.53
1175,61.57,19.83,40.45,45.62,79.16,76674,13.9
1176,94.15,14.4,35.9,30.83,42.05,100109,27.62
1177,75.29,11.49,37.12,12.16,52.5,84832,25.12
1178,78.95,7.98,9.86,19.05,34.75,256467,18.7
1179,74.75,4.0,13.2,30.74,52.17,342114,35.95
1180,85.0,2.91,49.72,16.8,20.9,474735,8.42
1181,55.6,18.69,58.74,15.48,23.38,438644,23.3
1182,90.17,3.68,23.04,28.15,77.94,345175,10.14
1183,43.31,16.5,42.23,24.76,56.94,304898,25.87
1184,44.48,19.72,13.02,25.59,75.46,369327,30.91
1185,93.95,5.59,14.9,25.78,22.28,388300,34.83
1186,49.16,3.47,54.25,16.38,26.26,477927,39.75
1187,50.95,2.34,44.83,17.44,33.09,73552,38.13
1188,83.57,3.05,58.16,25.09,74.49,379498,35.11
1189,45.73,15.11,59.24,45.43,66.51,160682,10.19
1190,47.93,2.83,40.96,37.5,38.58,271704,5.13
1191,65.54,11.35,28.55,11.77,51.65,489787,17.93
1192,59.52,17.88,6.1,18.94,67.73,280211,23.99
1193,58.5,13.44,55.19,46.36,72.5,171497,24.49
1194,42.7,6.28,42.04,41.56,32.45,247186,39.48
1195,47.36,6.85,49.36,23.94,56.62,115948,35.29
1196,84.4,5.13,56.71,16.87,72.57,67493,23.45
1197,66.91,8.41,53.59,20.47,62.12,407521,33.58
1198,59.81,19.32,12.38,27.66,50.53,97035,39.57
1199,89.86,15.65,44.16,42.81,42.21,346290,16.87
1200,94.06,6.37,27.3,21.31,23.34,358991,32.54
1201,72.45,10.25,9.37,48.81,43.04,405787,8.56
1202,71.56,8.08,5.49,46.28,52.22,473734,31.11
1203,46.13,11.81,16.09,39.5,22.26,297348,24.98
1204,60.49,4.01,29.35,17.3,23.45,67929,5.81
1205,52.1,10.03,24.01,28.42,45.95,388936,34.23
1206,54.16,10.01,23.76,29.2,44.81,245762,24.04
1207,52.95,13.57,23.54,43.06,53.93,186804,14.64
1208,87.13,8.65,13.51,13.59,65.18,63451,23.58
1209,91.0,17.88,59.98,13.31,54.5,217216,22.54
1210,58.52,8.86,42.02,26.83,52.89,415324,16.35
1211,66.94,14.09,50.25,39.56,79.62,132163,7.58
1212,83.41,16.29,7.54,45.06,26.56,223159,17.73
1213,85.77,8.18,44.65,25.65,52.13,241256,33.51
1214,78.55,2.76,31.89,42.36,68.65,327233,16.5
1215,54.57,17.62,17.2,41.45,20.42,181522,6.04
1216,60.67,8.95,31.82,15.56,75.54,339883,6.65
1217,59.01,4.25,8.16,23.04,38.07,386977,18.61
1218,48.05,2.37,41.36,21.4,78.95,96094,35.62
1219,55.92,3.52,41.32,15.11,46.12,205527,24.77
1220,92.77,2.41,53.7,33.56,35.34,494230,8.96
1221,53.22,3.38,16.08,37.44,38.58,193281,25.37
1222,48.83,8.28,10.2,43.64,45.69,332102,18.28
1223,69.42,14.94,35.09,33.25,48.41,209489,20.98
1224,44.58,18.68,8.12,46.18,69.57,204030,8.29
1225,93.34,9.01,59.44,46.27,55.2,166918,5.74
1226,94.29,12.44,24.14,27.88,67.72,76913,16.39
1227,93.33,14.04,33.54,19.15,75.75,227616,19.88
1228,90.93,4.02,16.61,30.73,36.93,371909,31.39
1229,47.9,2.15,11.43,11.43,27.22,345416,19.92
1230,94.94,18.14,19.05,22.76,76.77,153629,30.81
1231,49.42,10.28,37.03,14.87,72.33,280383,30.1
1232,55.48,9.22,41.73,20.34,75.2,243572,33.51
1233,81.08,9.6,55.2,36.01,40.41,496510,24.56
1234,93.1,15.83,13.76,47.45,68.89,260633,17.05
1235,88.91,3.68,55.04,28.92,25.96,459392,37.57
1236,62.2,7.76,46.64,47.45,20.29,212933,38.33
1237,76.75,19.55,59.59,27.66,27.36,174789,24.13
1238,72.2,14.5,19.01,27.05,31.97,406600,18.28
1239,65.53,16.02,38.55,20.04,29.7,79858,36.93
1240,61.8,14.64,8.36,21.45,37.07,248321,38.21
1241,49.32,2.84,44.76,49.11,39.97,124988,17.63
1242,51.82,9.3,52.89,31.25,73.68,412804,16.8
1243,92.84,4.54,55.85,11.99,51.33,81931,26.25
1244,52.89,18.1,5.55,39.12,36.27,91418,6.05
1245,53.48,9.44,11.0,15.38,74.85,314516,11.99
1246,66.86,14.89,13.73,15.92,67.2,150472,12.29
1247,40.59,13.8,26.96,40.48,76.33,448727,18.48
1248,63.02,8.22,50.03,42.2,65.03,484663,31.66
1249,81.37,14.34,20.92,18.61,63.96,152971,6.03
1250,49.41,17.96,27.43,44.15,60.27,290021,28.74
1251,84.13,2.99,43.81,48.41,64.35,205522,23.32
1252,62.73,4.97,42.28,11.03,60.43,211654,33.2
1253,82.69,18.0,54.89,28.18,49.19,309261,38.38
1254,64.18,18.18,33.49,10.22,44.59,256687,21.19
1255,75.1,12.05,50.99,28.29,23.87,460516,22.51
1256,62.07,16.02,46.8,17.24,27.19,156020,11.48
1257,80.63,9.23,11.28,36.9,60.01,123730,28.62
1258,45.63,19.06,45.43,14.9,68.59,232510,10.16
1259,73.73,5.18,6.46,40.97,59.13,53369,34.2
1260,55.27,4.05,29.31,26.52,71.91,103313,24.91
1261,93.46,8.95,31.91,25.78,33.31,413373,20.64
1262,70.44,9.6,25.81,10.43,50.64,401819,28.14
1263,43.25,10.66,46.19,26.38,64.74,306770,24.3
1264,45.9,15.19,38.89,18.77,59.82,361575,9.87
1265,68.67,10.97,52.41,37.74,37.29,346396,32.31
1266,87.53,7.14,56.29,44.93,44.8,106424,24.02
1267,93.31,16.17,20.12,42.38,54.42,325218,28.58
1268,72.39,4.53,13.63,21.01,49.12,467516,26.34
1269,58.27,17.87,46.0,37.01,28.03,53352,23.91
1270,60.19,18.7,42.76,29.16,33.18,393014,27.26
1271,42.63,19.33,17.04,37.82,77.5,234443,9.95
1272,69.02,17.94,59.7,34.61,45.75,285800,23.46
1273,90.76,8.17,43.17,10.66,37.87,391486,37.0
1274,69.93,14.65,23.31,32.47,46.61,192223,37.55
1275,89.81,7.61,18.64,25.69,32.73,133773,30.81
1276,61.4,4.22,40.71,38.72,35.03,70519,29.61
1277,65.61,16.58,23.77,15.16,25.82,168465,27.55
1278,90.4,14.72,47.25,24.01,45.81,164641,26.61
1279,64.65,11.1,59.84,48.16,77.27,355502,25.86
1280,92.09,14.28,9.12,28.32,52.82,458937,24.02
1281,85.77,15.97,36.05,43.67,30.62,94306,37.32
1282,44.06,11.75,51.76,12.99,65.26,194170,25.01
1283,64.2,16.48,38.1,21.96,33.19,189150,15.34
1284,85.44,17.09,10.05,25.97,49.71,494016,11.56
1285,52.15,18.2,11.38,20.55,53.31,190255,8.04
1286,55.65,19.79,46.81,44.01,69.78,475468,35.94
1287,85.44,3.86,58.24,21.84,63.76,490635,20.39
1288,57.35,10.16,40.45,47.21,25.03,235858,36.06
1289,42.08,15.67,14.19,45.82,38.18,276140,10.14
1290,54.84,15.2,48.57,27.73,77.49,227508,21.01
1291,92.16,14.01,13.37,18.35,55.06,222295,6.06
1292,69.26,9.42,54.05,19.55,64.55,460487,30.23
1293,71.02,2.34,23.63,14.96,35.35,488210,37.6
1294,69.72,3.73,27.11,49.41,21.88,287020,22.2
1295,75.17,10.6,36.98,40.99,64.92,442281,36.53
1296,59.59,16.59,52.02,22.79,59.03,262357,28.71
1297,60.14,8.78,58.46,34.51,21.3,249168,31.91
1298,69.88,11.96,29.51,37.59,38.91,339127,16.23
1299,79.46,14.86,51.5,47.12,39.19,431723,11.9
1300,75.74,7.62,8.39,34.27,67.58,88679,5.1
1301,55.99,5.4,15.42,10.8,44.73,366848,29.39
1302,65.99,18.82,51.01,29.68,71.67,424921,33.87
1303,59.33,11.61,16.72,33.36,33.95,71702,19.72
1304,48.53,18.44,34.33,17.91,46.92,449848,14.44
1305,55.85,15.99,15.31,21.42,45.76,494607,25.28
1306,77.77,15.43,28.54,44.94,23.4,220825,26.2
1307,46.5,5.64,36.38,16.33,71.59,298034,36.39
1308,47.32,10.7,54.49,18.55,41.99,118934,31.48
1309,57.39,5.52,51.75,10.85,49.58,493085,20.82
1310,44.78,8.42,47.77,33.19,40.23,98749,15.69
1311,61.02,12.46,40.64,18.21,61.16,73129,25.1
1312,64.82,8.58,33.95,30.03,71.54,237871,36.22
1313,58.61,3.91,49.84,41.53,50.15,362067,38.23
1314,87.0,5.99,35.0,16.61,78.89,215920,38.07
1315,93.4,15.41,29.52,22.63,62.86,339983,32.74
1316,93.92,15.95,25.84,13.72,55.6,444231,38.73
1317,74.42,3.06,14.17,43.67,79.97,326930,7.28
1318,82.43,8.66,59.98,34.58,39.37,487471,26.18
1319,86.09,5.44,37.19,14.04,45.97,471691,14.01
1320,81.28,3.44,8.72,10.92,28.01,310016,26.1
1321,90.16,8.31,34.68,21.69,28.71,332518,25.16
1322,65.07,13.53,34.06,30.83,77.72,383197,6.24
1323,78.41,18.66,53.15,25.66,50.44,146101,38.78
1324,46.41,2.75,53.05,17.31,38.6,449728,32.04
1325,74.1,10.54,43.27,18.29,31.82,235603,39.47
1326,74.24,12.19,55.89,46.45,50.66,384273,19.03
1327,44.2,16.61,57.64,39.39,65.96,101850,30.98
1328,44.06,15.79,38.43,13.79,42.39,266308,5.13
1329,82.43,7.26,56.9,21.67,50.22,230588,18.96
1330,90.16,19.43,13.58,48.24,50.45,382813,15.0
1331,56.5,10.09,28.69,41.08,20.5,407478,15.67
1332,92.26,10.54,25.84,46.08,44.95,74268,10.86
1333,59.14,13.9,22.21,21.91,42.57,139291,9.37
1334,74.76,6.56,45.06,18.11,72.29,365276,17.6
1335,52.53,19.89,44.62,15.12,64.65,362503,27.06
1336,71.71,5.04,6.39,27.07,73.21,280240,33.15
1337,92.49,15.3,21.49,16.58,49.52,59813,32.13
1338,40.45,15.46,45.92,23.83,52.24,220862,34.44
1339,93.99,6.29,40.43,20.19,66.03,472572,8.84
1340,88.17,3.53,26.73,27.6,68.03,455922,24.82
1341,62.31,2.37,50.12,12.75,78.33,399576,31.6
1342,92.43,5.87,52.12,48.66,74.91,213879,17.23
1343,71.22,6.52,22.58,13.88,47.49,452714,32.09
1344,72.28,2.36,54.44,22.56,57.81,173482,38.04
1345,58.23,6.47,42.49,33.12,54.96,404711,16.07
1346,52.66,5.7,14.03,27.13,32.92,403401,23.86
1347,49.37,6.32,35.82,12.6,78.09,329757,25.86
1348,70.27,2.61,57.51,45.82,61.79,242343,31.14
1349,85.19,5.46,17.65,41.33,61.33,139014,5.49
1350,56.62,6.36,42.34,14.29,70.78,379872,29.64
1351,76.76,17.41,46.24,39.74,28.96,452454,20.5
1352,94.83,16.32,57.34,32.36,42.06,186383,21.06
1353,49.08,18.95,43.48,23.27,26.91,484578,35.01
1354,92.98,16.07,30.81,31.39,77.88,255772,32.38
1355,44.13,4.86,46.8,16.37,37.87,376594,39.79
1356,65.77,7.39,18.83,22.2,44.26,319990,22.31
1357,48.76,15.89,43.47,49.09,32.26,229793,18.39
1358,40.6,12.53,45.57,24.27,55.72,316533,27.79
1359,40.08,7.44,32.57,10.31,51.62,489368,31.42
1360,65.93,18.2,59.7,23.67,47.51,187079,13.28
1361,92.16,4.33,34.25,45.58,78.77,481281,32.92
1362,94.05,11.35,41.04,42.73,51.68,65721,14.43
1363,48.07,9.38,14.06,26.0,45.39,160915,34.8
1364,91.39,5.89,33.08,36.55,61.11,278455,18.13
1365,64.83,8.02,30.49,24.95,58.52,358842,39.39
1366,55.51,11.2,25.33,26.17,65.0,492154,25.67
1367,40.58,10.68,44.26,15.61,35.99,375018,14.95
1368,68.2,6.74,35.27,28.04,63.02,274729,31.68
1369,79.92,3.45,37.46,42.85,67.4,240284,12.4
1370,88.67,8.38,23.52,38.81,59.46,292579,21.24
1371,53.73,3.54,55.81,15.16,44.67,175734,20.91
1372,56.6,9.78,30.99,42.52,45.86,373643,37.8
1373,42.42,15.98,50.44,13.95,69.53,243624,29.34
1374,73.92,14.18,43.79,33.69,64.79,408575,34.28
1375,86.78,14.72,56.12,43.91,49.52,467407,19.75
1376,58.46,7.28,37.43,46.19,39.06,141369,39.96
1377,76.48,7.88,29.58,29.57,77.35,286224,27.41
1378,57.76,2.81,18.51,24.39,56.61,374519,22.27
1379,83.35,17.13,13.29,23.98,39.34,485302,18.33
1380,52.53,4.77,32.25,16.67,69.46,364365,9.71
1381,62.11,3.15,58.94,14.57,44.67,453885,8.78
1382,55.21,6.45,5.58,38.62,64.69,164435,19.57
1383,53.88,2.41,29.28,24.39,51.53,55491,30.74
1384,57.68,2.32,49.74,21.46,36.46,289742,5.18
1385,85.92,9.57,54.23,10.3,48.33,216937,8.79
1386,71.33,17.21,31.02,25.11,54.37,468637,25.58
1387,56.45,7.89,53.4,34.77,52.15,472995,36.85
1388,72.43,6.44,5.05,23.23,65.94,403770,38.45
1389,44.06,10.77,47.15,27.2,57.8,355548,27.27
1390,49.94,10.32,50.51,37.43,64.0,362306,36.01
1391,94.66,17.72,23.98,26.43,74.18,494897,12.45
1392,92.04,13.84,59.71,22.21,77.04,366543,18.72
1393,72.36,19.73,50.11,26.28,49.87,486607,18.77
1394,74.42,5.63,9.0,46.26,63.18,145130,39.25
1395,69.81,5.34,28.87,19.77,70.23,204266,38.25
1396,60.53,14.74,49.12,26.84,42.79,95924,7.19
1397,47.66,14.49,35.18,45.14,75.32,79042,36.88
1398,55.54,5.26,27.03,31.92,67.06,449324,16.46
1399,79.17,13.6,32.06,46.7,26.94,230211,35.18
1400,51.55,10.75,46.49,12.86,51.22,443255,34.29
1401,89.56,17.92,6.95,17.01,31.28,114942,28.33
1402,85.54,4.78,18.97,10.02,32.17,232550,5.72
1403,43.33,3.62,26.11,18.45,54.88,396594,28.11
1404,86.08,8.42,38.41,38.85,32.54,398101,26.4
1405,65.66,7.56,15.25,19.14,39.88,243912,35.05
1406,80.81,5.23,9.09,32.38,43.67,56636,9.56
1407,70.8,18.34,55.38,26.48,22.06,51426,30.53
1408,56.37,15.22,30.77,47.8,54.19,104836,15.79
1409,71.7,13.53,40.66,45.35,50.37,56222,27.24
1410,87.03,12.68,43.14,13.4,56.64,421193,30.06
1411,49.04,18.94,55.63,36.31,77.37,237609,28.54
1412,92.08,9.67,54.28,45.35,30.02,488670,24.9
1413,40.41,7.24,33.34,45.48,23.81,150307,27.56
1414,77.04,11.5,21.44,15.42,48.22,339681,10.37
1415,53.86,2.48,51.04,35.17,62.82,260889,14.53
1416,66.03,10.68,16.47,35.98,60.05,322201,11.24
1417,42.33,8.57,14.02,35.0,44.81,482843,16.75
1418,83.34,6.24,51.2,41.03,63.91,318130,19.75
1419,56.73,9.3,57.9,45.04,72.47,478866,30.06
1420,40.93,4.93,24.67,13.18,53.61,68785,7.23
1421,61.67,10.37,6.29,41.35,21.22,352739,18.81
1422,50.96,4.77,15.12,43.77,51.0,238612,27.42
1423,89.72,7.5,34.67,19.04,66.06,374758,36.96
1424,58.62,11.0,11.58,24.41,57.9,492153,37.41
1425,61.61,10.4,51.6,13.03,41.56,410942,24.86
1426,71.29,16.72,35.94,11.36,45.42,242235,21.62
1427,47.73,13.64,30.55,40.33,31.99,416297,34.08
1428,69.32,3.94,20.59,17.78,52.06,393057,9.76
1429,57.2,11.95,12.46,42.7,31.2,422013,30.56
1430,54.42,6.04,39.33,18.96,62.82,274036,6.08
1431,86.62,2.59,10.02,24.56,35.5,435155,29.84
1432,51.17,10.43,39.1,15.52,74.27,138240,31.19
1433,91.67,12.8,12.71,33.49,52.07,285821,34.74
1434,93.52,6.77,35.0,35.24,25.79,118681,6.11
1435,59.25,10.82,51.35,17.03,75.91,175281,33.98
1436,79.45,9.18,37.83,13.68,64.32,108341,13.29
1437,80.12,14.6,33.36,43.73,38.0,195109,19.45
1438,69.64,18.61,29.63,47.35,22.93,453584,35.3
1439,86.64,6.51,13.11,35.81,40.75,100891,29.95
1440,85.34,2.34,20.1,38.2,23.58,179154,8.55
1441,70.75,2.92,12.94,41.91,44.28,480337,33.49
1442,42.38,2.59,11.0,49.66,36.89,112904,13.4
1443,85.84,19.41,22.41,26.21,39.33,312875,10.17
1444,55.41,6.3,59.61,20.81,26.36,447520,31.34
1445,75.88,5.77,29.69,28.57,63.17,210602,29.95
1446,68.57,15.63,17.06,10.71,25.82,461027,22.31
1447,41.96,11.1,53.07,13.61,45.1,180736,38.71
1448,51.98,14.99,33.29,10.97,51.55,152849,26.41
1449,51.41,6.68,55.47,26.32,21.98,165475,37.95
1450,80.05,7.51,45.98,39.17,71.49,294265,10.95
1451,52.19,17.81,58.41,32.37,26.36,130626,32.7
1452,72.71,13.65,52.56,36.45,73.75,175354,29.56
1453,43.56,8.91,38.55,41.26,42.25,220801,19.05
1454,74.8,5.8,48.3,16.76,40.49,286000,31.82
1455,41.11,7.82,34.42,13.99,53.45,473595,27.74
1456,93.03,15.29,48.84,47.49,37.19,190614,33.66
1457,54.32,3.81,22.08,49.48,67.2,165512,11.96
1458,80.69,18.18,30.35,20.9,25.07,163079,16.86
1459,70.16,12.77,18.98,34.29,32.73,406334,33.26
1460,89.88,3.2,7.71,49.87,62.75,129393,23.86
1461,64.79,7.66,25.0,14.88,30.68,95313,14.37
1462,80.56,4.47,27.21,27.51,43.96,440174,29.8
1463,88.14,3.07,9.46,48.79,51.74,50280,14.01
1464,48.32,10.19,48.16,41.69,69.56,302402,17.02
1465,71.53,18.55,16.17,19.02,63.99,73704,16.78
1466,46.06,13.38,20.81,38.05,72.51,303427,17.21
1467,47.5,14.54,31.05,28.88,48.05,442037,39.7
1468,85.24,4.81,32.93,12.01,76.89,313026,10.3
1469,45.14,12.72,28.43,25.11,57.29,68990,24.2
1470,77.16,9.56,24.15,14.29,56.3,205190,9.8
1471,82.33,12.57,58.16,42.14,65.74,462002,11.41
1472,82.3,11.76,5.03,28.48,50.02,396651,21.2
1473,86.37,10.23,11.37,11.78,49.47,454041,17.94
1474,52.16,4.97,36.57,48.02,78.5,322824,37.68
1475,82.81,14.9,37.2,36.51,51.88,330572,39.55
1476,75.75,17.88,57.25,10.92,47.1,434548,24.56
1477,85.85,17.75,36.81,28.1,51.8,281961,26.11
1478,85.7,3.52,49.64,48.94,76.47,359182,35.95
1479,80.15,4.65,50.11,46.59,44.92,476567,18.28
1480,68.43,16.74,43.11,34.59,71.8,358569,39.41
1481,65.42,18.11,54.9,16.79,53.35,138137,34.01
1482,65.78,16.37,53.78,10.62,22.84,341230,37.37
1483,83.41,16.45,38.42,27.44,52.41,170814,25.54
1484,45.9,3.99,41.3,42.21,39.81,434372,18.96
1485,52.4,2.09,30.54,23.51,43.05,401482,26.62
1486,87.64,13.24,33.94,47.84,64.34,248298,39.08
1487,66.53,15.79,26.03,35.82,40.1,303003,27.52
1488,74.39,10.76,26.9,24.18,49.01,456763,33.27
1489,66.46,11.84,54.78,11.12,70.13,307530,35.54
1490,79.21,2.51,40.97,48.04,36.84,184273,20.16
1491,68.54,9.74,44.44,21.05,69.55,216298,5.84
1492,72.55,2.06,54.75,42.79,33.36,337412,16.29
1493,65.78,15.37,41.15,23.7,32.99,436875,19.58
1494,50.8,9.07,43.77,42.47,73.39,371344,19.21
1495,75.98,14.79,9.26,33.7,54.01,50346,38.61
1496,57.75,17.84,44.75,13.25,58.29,431530,13.16
1497,45.58,17.42,53.61,22.66,25.79,458778,27.01
1498,64.05,6.96,45.75,47.17,44.02,435048,9.17
1499,56.33,9.81,15.8,14.5,55.74,391870,26.38
1500,70.03,11.84,47.48,18.3,64.55,438387,16.02
1501,41.6,4.92,25.12,16.24,67.62,144325,38.2
1502,56.61,7.19,20.46,14.44,21.76,152468,32.4
1503,89.49,18.65,15.68,37.37,63.4,498132,7.35
1504,47.27,4.4,20.52,18.52,26.57,349554,20.8
1505,49.41,13.97,39.86,43.52,72.51,153085,11.65
1506,65.62,14.14,11.96,15.87,50.63,280258,23.24
1507,48.4,6.48,30.69,17.38,30.59,120277,33.0
1508,40.86,5.24,21.66,38.38,68.99,322223,12.85
1509,72.56,3.24,59.23,41.26,57.27,216721,24.06
1510,74.35,5.41,48.64,45.26,47.71,491109,38.82
1511,89.48,18.97,47.65,27.32,27.59,275873,37.81
1512,49.34,14.11,15.59,30.64,57.94,203723,22.25
1513,68.45,7.63,56.69,25.85,75.82,365230,19.29
1514,79.47,3.46,11.63,23.71,33.73,132734,37.97
1515,82.26,15.59,27.22,49.24,28.33,437038,14.23
1516,46.48,12.24,20.25,35.03,64.25,56929,25.28
1517,45.42,10.59,9.06,18.75,27.49,131935,34.58
1518,54.85,16.48,42.28,49.99,45.96,374517,29.06
1519,58.5,13.4,47.36,29.38,78.4,358955,39.07
1520,43.38,13.18,10.47,28.55,69.04,133547,8.33
1521,83.53,7.81,35.8,35.96,28.39,335597,39.88
1522,92.46,16.03,27.49,18.62,32.78,264049,5.93
1523,94.49,17.5,29.33,16.61,39.98,260631,21.77
1524,63.17,11.46,34.79,48.16,25.44,167468,21.85
1525,68.61,12.67,36.21,27.2,31.74,238820,14.37
1526,74.74,8.85,54.9,34.2,36.53,171317,25.11
1527,63.03,6.59,24.0,18.74,52.97,74727,18.05
1528,76.7,13.14,44.68,26.55,77.39,219296,10.86
1529,69.59,5.81,47.77,25.43,68.05,467561,13.18
1530,91.45,4.37,42.07,29.52,44.61,428758,9.96
1531,66.28,3.49,20.06,20.8,54.66,124630,33.61
1532,75.84,6.23,18.32,14.7,29.29,63953,5.41
1533,50.9,8.83,49.12,49.4,71.66,243394,13.75
1534,66.7,5.63,15.65,16.81,32.57,92821,29.96
1535,73.45,2.32,44.25,28.6,22.72,123583,14.57
1536,63.44,4.72,13.4,28.76,55.69,387591,16.16
1537,80.35,18.91,42.97,39.26,27.75,481328,6.8
1538,71.94,13.35,5.48,37.58,57.5,481311,28.7
1539,66.72,6.27,8.19,40.84,75.1,378226,32.1
1540,64.35,16.35,39.19,43.0,22.75,232372,12.88
1541,41.25,9.29,36.37,27.6,45.13,154740,23.82
1542,67.57,18.76,7.83,38.38,60.2,481535,21.43
1543,54.04,11.79,28.34,41.91,30.58,282250,16.39
1544,59.85,16.37,24.12,36.25,48.81,67577,36.3
1545,40.67,18.07,50.62,15.48,49.54,361617,29.17
1546,75.7,2.41,31.86,21.48,43.64,135062,25.0
1547,74.52,13.09,59.29,25.25,33.55,306158,22.53
1548,81.87,17.59,55.65,37.5,51.95,299918,21.51
1549,72.9,13.29,49.85,37.65,62.66,451551,26.13
1550,79.5,19.29,18.14,28.29,54.46,340517,38.83
1551,59.85,16.57,22.56,29.43,66.63,116701,39.35
1552,77.17,4.62,9.45,21.65,53.08,240452,25.12
1553,71.23,13.04,7.18,20.65,29.85,442549,36.61
1554,83.67,10.9,46.76,48.0,46.04,301487,28.47
1555,49.44,7.99,54.46,28.67,31.54,227583,36.44
1556,78.56,3.21,17.82,14.24,27.98,363277,31.01
1557,72.18,2.82,47.64,11.67,21.86,370652,21.81
1558,57.84,18.79,10.52,11.54,60.28,237263,38.25
1559,42.25,4.85,48.85,38.75,63.44,334653,6.3
1560,64.28,19.15,17.29,42.11,76.45,433801,17.94
1561,49.84,5.55,47.2,36.08,33.08,291374,12.08
1562,89.34,2.85,59.27,23.53,46.56,280778,14.67
1563,91.66,9.12,50.63,28.98,42.79,100172,22.38
1564,94.36,4.09,43.06,29.71,20.25,319490,37.96
1565,85.4,13.6,40.73,43.57,53.68,163166,24.46
1566,87.58,16.0,50.99,34.72,71.55,217541,36.11
1567,77.96,4.7,30.18,26.98,43.31,445224,38.95
1568,73.61,11.51,19.47,34.16,48.18,75464,28.06
1569,75.84,3.17,41.94,12.04,76.47,201638,35.09
1570,79.95,3.14,22.74,31.41,36.04,224171,7.19
1571,78.98,14.91,38.71,31.29,76.28,492659,35.87
1572,70.01,16.74,14.47,48.21,34.12,210810,13.06
1573,72.8,16.46,15.12,49.14,46.87,435604,9.42
1574,91.78,3.4,18.1,47.77,52.99,188656,32.31
1575,59.98,15.33,46.19,12.63,71.35,494146,11.24
1576,63.0,14.1,43.23,32.46,55.58,143961,14.06
1577,91.03,7.23,12.6,15.92,53.35,273166,6.13
1578,48.06,9.32,56.22,16.78,64.56,455529,12.16
1579,79.13,6.6,50.51,11.58,66.17,209471,12.38
1580,56.21,15.59,6.86,15.46,49.15,356025,19.61
1581,52.76,17.82,24.8,45.15,76.83,223061,35.4
1582,70.31,6.06,52.08,28.36,39.23,148057,14.64
1583,41.92,9.71,53.01,18.07,70.25,118233,34.04
1584,64.11,9.08,22.3,35.19,49.05,336775,19.68
1585,54.58,18.12,19.2,27.69,26.61,421089,30.75
1586,71.45,11.91,38.91,10.48,28.18,298307,32.63
1587,93.52,15.32,48.9,39.79,31.09,349829,23.28
1588,56.58,2.1,36.16,43.1,49.11,228191,22.13
1589,83.36,7.19,37.4,39.25,62.67,431260,26.81
1590,85.18,14.66,42.67,27.36,55.69,177691,26.25
1591,51.61,15.87,49.26,21.15,54.03,236087,39.73
1592,93.94,2.76,35.86,41.03,23.88,242805,16.07
1593,64.28,10.27,5.93,34.61,58.08,357524,37.14
1594,67.27,17.9,13.66,44.42,34.34,133129,36.96
1595,53.86,6.19,30.67,37.14,31.52,488292,39.73
1596,52.62,14.99,48.89,39.75,26.8,415113,31.15
1597,58.6,4.21,34.36,25.36,26.54,317734,24.31
1598,51.8,15.28,54.66,17.91,56.59,108343,21.02
1599,78.32,14.16,32.42,16.19,73.83,139820,26.53
1600,58.09,8.07,49.34,31.6,72.78,319734,9.59
1601,87.05,15.99,34.38,39.48,63.01,294735,17.62
1602,49.12,7.94,6.32,49.28,48.79,345943,31.74
1603,59.54,6.52,59.46,40.24,71.92,221027,32.85
1604,50.7,9.71,24.88,12.45,57.03,170559,25.29
1605,66.91,9.98,59.02,45.64,34.8,369130,36.67
1606,85.39,9.08,25.1,10.55,72.77,69874,19.93
1607,92.81,7.89,42.55,32.32,66.3,177213,9.08
1608,65.59,5.69,31.23,33.39,63.85,217318,23.88
1609,67.12,11.45,14.64,40.11,39.43,388903,38.25
1610,51.47,2.92,5.63,26.5,29.89,111272,24.28
1611,59.83,3.31,58.35,12.44,74.51,56748,17.82
1612,71.74,7.76,38.43,17.83,69.95,101528,28.13
1613,45.43,15.56,50.28,21.54,78.01,426577,12.26
1614,71.45,11.26,39.85,47.71,25.83,297698,21.31
1615,47.53,14.01,40.52,24.31,65.42,142031,21.41
1616,72.78,7.3,48.6,37.49,72.64,301516,10.82
1617,84.01,5.78,34.28,32.01,40.06,158752,23.24
1618,75.02,8.52,55.46,11.19,41.1,349692,13.82
1619,61.06,11.55,30.0,39.05,24.99,186095,17.58
1620,67.05,7.51,58.14,33.19,40.6,348577,27.63
1621,79.37,5.88,8.15,27.76,53.78,94071,13.82
1622,52.25,12.98,32.98,42.65,23.56,401580,39.96
1623,67.86,10.93,20.53,42.74,54.9,356870,19.15
1624,45.17,13.86,50.02,25.86,49.91,159986,17.29
1625,85.37,17.06,10.9,32.69,47.64,96770,34.7
1626,82.27,8.12,55.12,26.96,59.51,349214,34.15
1627,80.09,3.46,10.97,15.69,29.37,222742,5.37
1628,81.45,5.16,27.06,14.51,62.45,70113,17.31
1629,58.2,9.3,18.37,11.99,33.35,417959,5.44
1630,74.39,19.23,11.57,31.31,68.2,170987,14.21
1631,62.44,6.0,42.69,49.29,39.03,222849,19.9
1632,44.55,14.34,12.84,36.77,25.7,477364,31.2
1633,82.56,7.46,38.13,29.38,31.32,71824,23.68
1634,81.19,9.82,10.62,42.66,27.89,393815,15.18
1635,51.42,3.6,42.48,41.26,30.53,460935,33.82
1636,84.46,12.16,48.36,41.44,27.35,115230,28.61
1637,57.02,18.14,42.79,12.48,49.36,173662,36.37
1638,78.02,9.68,35.15,44.33,67.39,301936,22.1
1639,72.2,10.82,57.54,40.43,31.47,355516,7.83
1640,55.23,19.14,24.18,22.19,47.55,464489,28.66
1641,68.78,5.54,42.23,36.32,63.9,283518,36.62
1642,55.73,18.78,41.35,31.1,72.06,54461,25.41
1643,90.34,4.35,54.93,21.75,57.18,178821,21.76
1644,66.86,17.68,47.05,44.79,60.52,346527,28.11
1645,47.89,10.83,57.74,37.61,73.31,264036,11.99
1646,57.83,8.58,53.97,17.13,65.49,172785,12.73
1647,84.1,8.64,50.11,15.93,64.61,417821,38.32
1648,43.49,14.62,34.93,28.55,22.86,175428,5.66
1649,49.79,11.75,13.65,10.69,66.11,183567,36.96
1650,93.61,14.17,21.64,36.64,39.09,74529,8.41
1651,53.44,3.41,40.38,16.42,70.79,216567,11.81
1652,80.92,15.89,18.93,40.41,47.22,66362,38.84
1653,46.85,6.57,13.06,42.44,45.26,425904,35.01
1654,88.35,6.11,58.77,32.39,51.92,216702,34.75
1655,78.29,16.18,47.7,17.1,78.71,133053,32.8
1656,90.27,13.4,22.98,16.27,50.36,287015,25.03
1657,44.96,18.28,31.73,13.99,42.4,208468,16.69
1658,72.78,7.17,30.0,45.17,50.64,108133,13.09
1659,61.46,5.65,16.63,39.56,77.62,402781,17.65
1660,71.83,3.39,8.56,30.99,72.4,492337,34.95
1661,47.42,5.11,40.77,42.9,29.41,207510,19.4
1662,53.72,11.02,29.69,40.44,43.1,231674,37.11
1663,89.45,12.16,27.61,44.0,27.56,249918,12.32
1664,53.04,13.25,27.14,37.21,39.12,455370,12.16
1665,61.81,15.75,36.03,32.4,54.31,242036,39.83
1666,85.67,6.9,52.15,19.65,78.9,54499,13.76
1667,50.38,3.38,42.34,35.07,77.36,75336,29.23
1668,49.62,6.68,43.91,40.7,69.92,473973,35.31
1669,84.17,9.55,12.23,22.43,26.5,67703,5.85
1670,72.16,6.5,20.08,46.47,69.97,311021,39.43
1671,58.33,6.85,37.35,45.89,48.64,124094,32.52
1672,86.83,8.61,39.93,25.58,52.53,91705,25.01
1673,75.64,8.75,34.51,47.31,24.62,147062,8.07
1674,48.59,18.02,53.94,42.99,59.21,54672,33.63
1675,92.39,11.51,30.71,45.68,41.49,359209,11.43
1676,71.94,4.67,13.06,47.11,32.05,444466,12.16
1677,57.65,11.36,32.82,35.74,74.61,159994,15.63
1678,78.28,8.24,41.0,13.73,59.8,304986,26.71
1679,76.42,6.53,29.31,31.96,63.68,319369,27.15
1680,72.67,10.32,35.0,45.7,36.39,220584,35.82
1681,43.6,7.84,8.14,11.22,31.5,419738,27.93
1682,93.55,13.8,53.31,23.32,60.95,56315,30.09
1683,46.65,5.58,27.82,39.8,57.51,353275,22.05
1684,71.48,18.42,56.93,12.56,55.37,56284,24.95
1685,72.34,8.65,28.85,33.54,56.76,361489,20.77
1686,65.59,9.91,11.21,39.57,69.31,414220,33.69
1687,82.03,3.05,44.12,46.36,20.53,195968,15.63
1688,62.71,14.61,5.48,40.46,62.02,468644,17.28
1689,48.01,6.65,59.15,19.36,22.88,308419,8.93
1690,74.94,11.18,21.64,22.34,58.88,186856,18.53
1691,45.58,16.7,54.3,27.9,21.49,185457,8.38
1692,70.29,2.28,7.51,33.82,42.29,494159,8.91
1693,40.17,15.54,28.11,48.21,29.64,379067,22.56
1694,62.37,15.54,28.99,49.09,23.22,73847,23.48
1695,50.77,14.76,52.34,10.84,79.72,110157,9.37
1696,64.25,13.99,18.47,15.21,43.54,133065,39.41
1697,63.43,16.64,24.48,41.02,47.26,384439,22.19
1698,77.31,8.02,21.82,22.12,49.11,260011,31.0
1699,67.19,6.33,12.87,21.44,61.04,219803,24.94
1700,82.79,8.23,58.46,41.03,43.03,448464,12.06
1701,43.71,9.12,10.1,17.48,37.91,480023,16.51
1702,70.53,18.41,25.25,20.46,62.33,406167,12.62
1703,52.08,5.21,52.53,44.56,37.07,367328,10.09
1704,84.48,16.87,5.6,27.65,39.35,199619,14.5
1705,72.29,4.0,22.62,32.31,38.84,416388,29.14
1706,64.99,5.09,37.05,18.73,52.54,286791,25.88
1707,76.62,10.38,28.72,24.29,74.81,94776,27.38
1708,61.6,14.84,31.61,38.95,67.59,306191,11.03
1709,87.28,11.91,54.94,46.46,77.41,212370,29.19
1710,49.58,5.32,16.22,38.04,60.8,223173,23.62
1711,87.11,15.08,12.03,16.86,58.1,184203,36.89
1712,56.17,14.19,41.52,11.85,74.68,434656,23.43
1713,73.44,11.94,12.03,28.95,78.01,410484,8.07
1714,64.27,3.04,8.64,28.39,38.99,488169,26.88
1715,53.73,11.07,32.52,40.46,28.27,342607,14.37
1716,75.14,7.35,46.93,42.23,44.96,227400,16.46
1717,90.19,4.56,6.2,30.42,53.97,336257,5.57
1718,80.88,2.56,16.37,33.64,43.98,409834,5.68
1719,77.17,14.21,50.5,11.26,47.91,102073,29.68
1720,52.25,5.76,21.09,34.13,48.61,412226,35.62
1721,49.37,7.3,44.22,29.29,26.52,266847,33.34
1722,50.66,13.28,58.88,11.78,38.98,225798,29.23
1723,61.89,17.33,16.77,10.04,79.17,444204,13.01
1724,49.57,16.83,44.87,22.2,35.86,474404,28.86
1725,71.23,8.75,53.41,46.1,45.34,321576,36.46
1726,64.64,18.89,51.67,37.46,27.52,186770,9.53
1727,66.76,8.69,10.86,12.49,47.29,322706,15.05
1728,77.48,7.79,8.32,18.36,68.19,231167,12.02
1729,65.55,8.32,42.9,49.4,41.22,285461,26.96
1730,76.81,16.83,10.99,29.46,23.45,432865,36.32
1731,46.37,11.86,50.65,46.43,42.32,68809,25.95
1732,91.6,5.58,5.42,25.08,73.45,499185,33.88
1733,63.82,7.3,55.82,23.39,48.59,200286,7.52
1734,45.46,12.84,9.07,17.82,33.87,447846,8.21
1735,59.12,5.88,43.98,49.55,50.01,177962,36.47
1736,42.96,7.66,27.66,29.74,38.89,73524,32.65
1737,72.99,3.01,49.11,23.68,28.82,104471,26.81
1738,80.9,6.9,31.8,38.3,20.83,471872,28.82
1739,93.08,13.9,50.25,21.19,70.11,199441,18.46
1740,48.44,13.64,48.41,16.54,56.03,340235,39.58
1741,40.65,2.46,7.95,38.39,38.8,216692,28.01
1742,48.28,7.43,27.19,44.36,51.78,245554,9.08
1743,57.83,7.44,14.64,49.35,52.55,185906,8.27
1744,90.63,13.17,25.31,33.56,25.88,55695,31.51
1745,52.21,17.79,14.4,21.59,73.66,294045,12.26
1746,66.42,14.33,21.1,39.94,66.0,178249,31.55
1747,53.85,17.81,14.69,12.48,74.71,69867,10.66
1748,58.25,15.34,22.99,13.12,32.91,129756,26.08
1749,46.7,8.96,42.27,35.16,79.25,370719,32.86
1750,57.74,10.54,11.54,19.37,26.42,470153,36.68
1751,93.39,9.77,45.77,46.14,59.08,381898,35.94
1752,51.14,9.56,59.74,48.31,25.53,419261,6.07
1753,71.47,10.29,41.32,42.34,46.75,397286,23.59
1754,57.2,18.16,23.75,43.58,33.35,349841,17.19
1755,83.54,4.18,8.05,46.7,21.04,260163,17.35
1756,81.35,14.2,35.4,29.47,72.08,433106,21.18
1757,69.27,17.65,52.82,34.15,63.25,409257,9.02
1758,91.91,19.22,7.59,47.09,75.87,268750,16.22
1759,74.48,15.21,51.23,35.36,58.88,274113,29.67
1760,79.17,4.32,23.84,30.05,70.51,487037,34.85
1761,85.2,14.34,36.31,15.11,21.22,401121,18.83
1762,81.48,17.63,27.2,18.14,64.28,58101,18.36
1763,72.28,2.19,49.95,28.57,20.58,129281,34.13
1764,62.77,2.04,36.68,32.05,26.19,143958,13.35
1765,90.76,10.55,20.32,36.65,59.35,407652,17.85
1766,82.76,10.74,25.88,34.15,70.87,183664,21.32
1767,86.88,3.46,25.48,39.54,42.08,397829,6.26
1768,86.58,6.06,17.54,41.61,71.58,344583,38.75
1769,51.96,13.67,6.2,22.44,39.38,313226,15.89
1770,64.08,13.62,30.18,49.2,24.23,293178,11.77
1771,44.91,14.84,51.15,36.51,72.82,220023,13.5
1772,69.83,18.91,19.66,13.94,60.32,271054,14.25
1773,78.59,9.64,10.76,13.17,51.27,341369,31.6
1774,89.95,6.24,20.3,15.34,47.07,268129,19.72
1775,67.06,5.92,6.05,40.11,24.84,450705,15.46
1776,88.17,17.88,38.68,12.5,34.29,202673,21.19
1777,73.24,4.21,28.67,13.66,54.19,273630,28.68
1778,93.49,9.08,23.43,23.1,37.96,481469,33.22
1779,40.65,14.17,38.29,45.24,54.07,328312,22.7
1780,42.68,12.94,21.1,49.12,79.17,81547,27.3
1781,84.57,12.44,9.14,12.71,34.78,155180,36.5
1782,40.59,3.38,23.27,36.77,31.72,242793,27.14
1783,90.4,6.4,21.72,24.28,62.55,70855,17.89
1784,52.7,12.32,15.12,28.36,54.91,201798,9.57
1785,84.54,12.03,47.86,48.82,63.61,459237,15.74
1786,63.19,8.28,9.56,15.61,57.36,260835,34.94
1787,92.17,8.02,39.06,40.47,27.58,93109,20.78
1788,53.98,7.29,21.67,43.44,56.29,470790,37.61
1789,49.41,8.31,27.0,21.55,60.26,477302,18.64
1790,76.24,7.49,59.69,36.52,50.53,427181,23.75
1791,78.68,16.44,21.74,48.65,21.64,493520,36.56
1792,77.59,11.84,16.76,22.61,31.42,136172,31.03
1793,79.25,17.38,38.84,44.51,37.13,246439,15.85
1794,65.01,8.15,50.09,11.49,77.25,53456,34.01
1795,55.22,15.87,33.62,12.49,69.87,279516,36.92
1796,51.37,7.28,53.42,37.41,76.72,200523,34.15
1797,67.52,14.91,37.72,33.91,74.67,455062,8.0
1798,71.18,4.55,37.59,47.01,45.74,196162,35.79
1799,59.2,12.51,24.39,36.88,45.55,314946,33.49
1800,88.01,10.83,22.94,45.9,34.02,118773,22.97
1801,61.58,4.39,38.22,48.85,59.93,269342,36.01
1802,91.18,13.37,41.13,34.29,69.23,71370,33.16
1803,62.96,11.51,19.54,32.55,50.82,488905,31.63
1804,59.47,13.77,39.02,38.72,56.45,297452,24.61
1805,51.09,15.29,46.75,17.24,67.16,119940,38.72
1806,76.24,9.92,18.14,16.08,77.11,443359,5.42
1807,66.22,14.44,25.0,10.05,53.94,354469,7.49
1808,51.07,7.94,50.66,33.2,45.9,284192,29.65
1809,41.78,3.23,8.7,33.06,72.45,208455,7.07
1810,86.79,11.15,58.29,14.38,33.6,360181,21.08
1811,50.3,3.12,45.86,31.52,59.01,410424,6.46
1812,50.79,18.38,49.65,49.53,59.72,225917,30.98
1813,64.52,7.13,10.95,19.15,67.69,220627,34.01
1814,42.73,14.12,22.61,29.73,38.97,97891,19.91
1815,75.36,14.11,47.92,10.12,50.51,54225,10.42
1816,45.82,14.39,32.76,40.55,69.63,345845,28.18
1817,50.14,13.57,19.88,33.78,78.04,149227,33.62
1818,92.79,17.47,7.29,28.75,22.54,224644,20.96
1819,55.76,19.69,49.65,11.78,48.32,192367,33.01
1820,92.19,9.31,20.37,44.83,40.42,252063,25.57
1821,80.58,16.59,42.61,41.7,67.18,157441,11.52
1822,62.2,13.69,58.07,22.78,60.01,173806,38.32
1823,89.02,18.92,48.9,35.46,44.32,204022,13.09
1824,46.72,5.26,15.62,37.63,25.67,162602,6.28
1825,67.19,16.08,5.73,32.25,38.06,388602,11.07
1826,40.48,5.04,56.64,12.66,37.8,243405,24.02
1827,67.28,4.85,50.76,18.19,57.07,498293,23.9
1828,48.24,6.87,10.88,26.96,50.85,267203,9.77
1829,88.02,3.5,24.14,39.84,40.83,202412,15.41
1830,49.43,8.82,46.2,12.07,55.98,109336,15.71
1831,75.61,15.32,10.88,24.89,68.79,241043,11.12
1832,80.65,16.06,31.35,34.07,39.98,108098,27.7
1833,93.04,6.19,59.82,42.21,25.94,103650,34.95
1834,73.82,13.69,38.17,14.98,63.39,445873,39.57
1835,64.58,15.54,53.7,36.74,71.32,341723,34.01
1836,79.05,5.19,53.65,40.81,75.19,461278,22.07
1837,92.14,3.15,34.07,31.06,41.99,486067,7.87
1838,85.89,19.23,46.57,28.48,50.01,396888,35.7
1839,61.86,16.76,50.78,44.72,63.22,98727,9.63
1840,82.56,12.19,58.66,33.91,22.62,142676,6.22
1841,41.78,12.6,57.8,31.01,73.34,122145,18.66
1842,43.92,19.54,22.12,24.61,20.81,419455,34.13
1843,52.85,14.58,36.81,11.62,66.07,179034,10.25
1844,63.29,5.68,9.09,14.35,23.67,146046,9.0
1845,67.35,10.61,48.29,44.99,45.98,156369,32.02
1846,89.98,15.96,44.67,34.2,79.25,251472,26.57
1847,59.66,14.26,45.05,41.25,63.97,213900,8.16
1848,69.0,8.61,24.87,42.97,57.47,411879,26.01
1849,60.59,7.23,24.75,12.1,55.99,69169,23.98
1850,90.01,2.51,29.78,17.81,49.39,161216,13.27
1851,72.24,6.19,41.23,39.94,36.41,486569,24.73
1852,48.32,14.42,19.1,21.9,28.58,454674,24.04
1853,86.19,16.93,50.63,31.01,37.35,312010,10.08
1854,67.19,7.17,38.09,21.01,45.73,138398,9.73
1855,61.84,3.1,5.67,21.19,66.92,293384,9.71
1856,91.23,3.56,34.52,42.78,56.79,151970,30.11
1857,46.73,7.09,22.77,22.27,51.8,67919,6.82
1858,85.6,3.07,51.84,41.82,20.02,94905,6.31
1859,83.93,2.73,41.66,40.39,42.08,475937,17.26
1860,85.09,7.71,42.12,10.53,54.02,429670,20.43
1861,40.31,18.74,10.38,44.17,59.89,471091,16.03
1862,74.2,7.21,58.89,10.18,75.0,226857,18.31
1863,73.3,17.72,41.08,49.82,78.94,300767,9.79
1864,91.33,19.77,58.41,25.67,59.57,385172,36.63
1865,90.73,17.63,51.23,23.19,60.85,381262,12.16
1866,49.4,16.8,10.02,34.9,23.98,324818,5.38
1867,54.71,7.77,54.48,44.68,24.28,385683,22.04
1868,40.68,14.26,52.49,39.11,40.58,210396,28.59
1869,80.64,13.95,24.31,27.93,68.03,237239,15.02
1870,51.21,8.21,15.34,33.16,64.08,368342,35.22
1871,59.67,8.99,29.89,15.42,65.53,328141,21.46
1872,79.54,14.31,32.87,46.28,39.55,307261,33.96
1873,81.29,5.26,29.01,26.62,52.02,428525,22.31
1874,86.86,2.55,51.22,41.44,63.58,224212,24.17
1875,80.7,15.9,30.97,23.19,31.88,97924,37.68
1876,63.99,16.89,56.64,39.57,47.11,148026,35.72
1877,60.51,2.57,49.36,38.48,70.91,456979,5.4
1878,41.23,10.96,7.71,15.78,69.69,381375,14.57
1879,51.38,6.6,54.22,46.6,38.72,107943,21.55
1880,94.26,10.92,32.96,35.51,21.36,60572,14.5
1881,46.04,6.02,30.44,47.94,43.99,415866,12.91
1882,61.32,9.16,30.55,44.72,52.67,196073,19.19
1883,72.64,18.99,43.6,44.5,57.94,391563,21.07
1884,75.29,14.81,6.06,25.41,39.32,384318,25.84
1885,85.1,4.85,50.96,47.67,29.91,173643,14.25
1886,86.39,15.99,44.39,21.35,22.13,477244,25.45
1887,70.34,16.12,6.07,39.15,34.17,371264,19.5
1888,66.1,12.66,46.79,38.59,53.7,179746,27.94
1889,88.07,3.07,33.78,40.93,59.3,377665,12.98
1890,87.06,6.54,28.22,47.68,30.24,201797,11.15
1891,53.01,11.79,34.44,30.56,25.37,391715,5.51
1892,55.81,13.97,44.19,14.37,51.91,163198,11.28
1893,66.08,9.43,49.64,11.77,49.05,374950,16.57
1894,71.72,18.42,7.1,10.08,40.94,283550,29.38
1895,68.22,7.19,8.93,30.07,57.0,87355,37.93
1896,49.49,5.27,7.7,14.18,29.03,248315,15.57
1897,71.55,17.85,56.25,30.4,42.35,132976,31.32
1898,59.86,8.69,22.6,30.71,53.49,117949,34.85
1899,75.79,7.9,50.6,36.71,68.95,137688,34.42
1900,64.45,3.85,34.29,28.39,25.27,470639,21.71
1901,47.18,4.75,41.22,12.44,45.21,305037,19.54
1902,87.42,17.11,29.11,45.29,60.75,332100,18.62
1903,85.36,8.95,12.1,44.08,43.53,485949,32.03
1904,57.2,19.68,5.33,31.03,60.69,440213,19.58
1905,45.37,18.5,9.1,40.43,55.86,229285,8.3
1906,50.99,12.79,12.01,27.29,78.95,129862,39.91
1907,82.04,19.24,27.1,22.09,56.54,340191,13.55
1908,43.15,16.52,52.04,37.9,70.62,269323,17.99
1909,71.25,6.05,11.02,12.01,67.42,331056,21.14
1910,94.24,5.51,57.87,39.25,57.31,192135,11.43
1911,94.43,4.62,34.97,41.04,63.29,327720,7.56
1912,71.16,19.96,26.49,17.86,63.83,75203,22.27
1913,61.34,19.95,46.75,27.39,30.96,245498,24.05
1914,86.53,3.33,28.54,35.93,51.36,294115,39.9
1915,55.58,3.33,51.4,13.09,23.29,70114,23.22
1916,73.32,16.74,41.34,27.01,41.72,422014,33.03
1917,58.5,9.22,26.56,48.06,26.53,71637,29.82
1918,92.87,16.42,54.49,33.78,59.42,149694,23.54
1919,91.65,4.39,42.78,14.3,49.45,311919,39.39
1920,64.05,5.69,31.56,22.91,60.54,248239,8.42
1921,52.37,17.65,41.64,24.88,57.82,219464,19.67
1922,88.72,17.01,20.18,21.75,36.08,498315,37.31
1923,75.88,14.87,32.31,39.28,39.57,229668,35.49
1924,62.0,6.5,19.64,32.94,63.38,466201,7.49
1925,49.31,9.4,18.25,48.75,49.93,185086,35.11
1926,48.31,18.13,19.5,28.56,69.54,431277,20.88
1927,94.91,5.81,54.47,25.22,75.85,493445,17.33
1928,92.3,19.79,46.89,22.83,28.92,145732,39.12
1929,41.49,9.46,40.49,43.38,68.61,493162,35.51
1930,80.01,17.34,19.03,35.29,35.09,329161,17.22
1931,43.03,2.2,37.64,16.1,30.07,326779,32.68
1932,43.09,9.04,7.93,28.74,30.43,98015,17.37
1933,55.9,6.45,59.27,18.18,63.7,173277,34.22
1934,45.21,2.2,25.76,41.63,39.74,318965,13.3
1935,52.07,5.17,58.79,37.48,65.61,117169,39.44
1936,86.07,2.28,28.38,38.66,23.43,227495,36.67
1937,58.67,17.84,49.14,27.41,68.0,407398,32.88
1938,72.09,8.23,24.11,20.31,63.22,171050,22.92
1939,78.65,14.17,27.37,11.4,52.2,421646,11.11
1940,80.87,11.24,41.78,18.86,20.41,96964,36.72
1941,71.55,15.65,57.85,30.27,47.89,479709,29.18
1942,80.27,18.87,6.99,24.75,59.2,229679,16.22
1943,74.49,13.45,27.37,41.37,54.57,297188,16.32
1944,42.61,18.94,19.3,42.71,71.66,69542,5.57
1945,78.17,9.65,58.17,44.6,70.14,274908,11.66
1946,47.1,2.58,21.68,44.34,60.85,138918,22.38
1947,91.96,13.16,20.88,27.0,40.81,69552,13.36
1948,43.65,13.66,36.73,37.3,50.57,433176,39.84
1949,81.27,10.39,10.68,49.24,51.32,341543,19.69
1950,61.48,15.82,52.94,30.25,28.03,349896,21.06
1951,60.07,15.08,31.32,10.3,49.82,310780,27.16
1952,43.46,11.4,39.79,46.93,61.22,125451,27.2
1953,54.65,17.32,38.09,46.89,51.43,389887,25.56
1954,44.69,13.62,22.25,38.07,47.55,334559,27.33
1955,41.11,3.42,10.01,40.06,32.33,109955,26.44
1956,92.08,10.65,42.05,32.12,69.02,222583,39.19
1957,94.47,4.86,53.26,22.88,61.35,374262,39.54
1958,91.5,5.81,17.21,46.02,39.95,402383,14.61
1959,59.17,16.83,7.7,10.32,46.45,380681,15.67
1960,90.62,18.46,15.9,16.73,54.01,53707,26.13
1961,78.37,6.65,7.53,49.74,65.03,70198,35.25
1962,85.84,17.04,39.95,41.79,56.62,356348,11.16
1963,84.75,19.0,53.66,13.82,63.63,272463,5.44
1964,88.54,8.2,51.87,42.02,70.29,212336,26.04
1965,61.67,13.95,45.72,10.42,36.81,339880,12.25
1966,54.61,17.81,9.76,10.5,77.7,350792,14.3
1967,74.26,7.15,25.45,10.51,40.55,414652,19.82
1968,46.33,8.56,30.56,44.92,33.63,406409,23.16
1969,85.16,6.5,47.1,34.45,65.86,147539,14.73
1970,87.55,14.38,59.53,30.14,51.36,60908,24.57
1971,48.0,4.39,48.01,27.44,20.11,60632,11.02
1972,94.88,16.47,57.14,22.3,37.27,340574,6.37
1973,51.88,8.36,18.1,41.87,74.52,221462,21.6
1974,82.49,14.55,20.68,21.8,56.33,399015,10.31
1975,41.67,9.71,18.71,21.82,24.62,436874,14.05
1976,86.83,17.31,41.37,18.93,70.84,264875,37.86
1977,56.03,4.22,38.73,24.35,47.99,173975,26.47
1978,73.91,15.79,5.85,42.69,47.83,363339,16.91
1979,91.89,7.5,14.77,15.62,47.7,372697,36.5
1980,55.44,19.25,47.55,17.85,42.1,105868,11.05
1981,94.75,17.64,30.53,32.7,71.26,138516,7.73
1982,53.33,5.64,50.61,34.37,61.49,478203,35.07
1983,66.63,2.55,38.65,17.14,58.45,190022,11.37
1984,80.31,4.17,50.56,18.84,45.18,225992,5.56
1985,72.83,2.08,59.78,13.57,24.05,239564,35.68
1986,46.4,7.13,38.31,42.29,41.36,362879,20.01
1987,65.55,3.07,52.1,46.63,38.8,383953,18.29
1988,80.91,6.26,30.88,36.51,28.09,112784,33.67
1989,51.75,6.35,45.38,16.63,34.32,481646,15.74
1990,73.08,19.13,57.37,14.03,29.13,453334,5.6
1991,81.58,12.93,31.87,17.82,52.13,389650,31.36
1992,64.07,7.86,52.51,41.07,24.29,334939,29.56
1993,61.99,11.38,46.44,37.31,27.85,97718,13.75
1994,79.59,12.88,43.93,48.05,71.87,470630,14.57
1995,41.42,3.68,20.57,32.85,24.5,115719,28.03
1996,78.12,14.01,9.29,44.34,72.01,69936,31.39
1997,81.2,4.79,38.08,32.43,32.07,123765,10.19
1998,66.36,8.87,56.07,45.49,38.48,474516,38.84
1999,53.58,12.25,23.04,27.63,67.47,409038,7.36
2000,77.58,11.44,23.6,24.32,57.27,369411,37.55
2001,90.51,7.29,38.29,37.78,70.97,186902,33.44
2002,50.08,17.2,54.4,30.54,28.79,389702,27.72
2003,47.55,5.6,57.77,48.95,67.4,482260,38.21
2004,44.93,14.11,31.57,27.09,39.62,282595,27.0
2005,55.84,3.52,40.67,20.59,48.37,333107,38.69
2006,67.88,9.61,39.94,40.22,65.75,278677,28.96
2007,74.52,5.94,7.38,21.74,56.88,301138,28.07
2008,93.75,4.71,17.15,48.55,40.27,442636,27.53
2009,57.24,2.78,6.12,19.24,62.49,329296,27.49
2010,57.1,12.24,57.82,48.64,33.67,211107,12.27
2011,59.35,7.45,29.84,21.58,56.02,240624,18.72
2012,50.25,9.35,34.03,46.85,26.34,345085,15.94
2013,40.25,18.84,9.99,26.76,36.74,233519,11.98
2014,76.71,12.05,31.2,47.72,73.51,486944,23.36
2015,57.85,4.64,44.59,25.01,35.84,337429,31.35
2016,79.13,11.69,34.31,42.36,77.08,380909,5.94
2017,48.73,6.68,36.64,20.4,51.23,257992,14.3
2018,77.87,19.32,12.42,21.56,70.74,222145,38.56
2019,63.41,6.93,24.94,13.8,70.05,363050,25.89
2020,71.23,14.6,46.71,36.2,60.26,142218,23.01
2021,90.88,8.11,40.01,17.32,74.4,243237,8.81
2022,88.56,5.37,13.27,39.58,70.31,354939,18.57
2023,81.29,15.85,13.53,45.13,27.66,376298,5.39
2024,40.32,14.19,38.58,36.26,58.53,180273,26.02
2025,82.55,2.51,53.4,26.13,56.84,469163,22.11
2026,54.72,13.52,19.07,20.93,43.32,158737,14.83
2027,76.25,4.05,28.63,39.61,51.13,142044,15.22
2028,82.89,14.18,35.11,22.16,33.91,65816,28.52
2029,49.54,13.0,52.16,15.69,60.91,340185,37.87
2030,80.11,5.64,6.77,20.19,71.56,97485,21.99
2031,65.27,19.34,27.13,16.63,49.28,217547,20.74
2032,73.9,5.55,52.58,24.32,27.08,232102,20.89
2033,43.35,7.87,39.31,19.76,70.51,81855,30.36
2034,75.92,14.56,41.34,24.4,70.32,326737,21.28
2035,77.91,18.16,16.44,43.26,58.76,226655,24.17
2036,73.98,16.3,53.11,11.1,47.76,260621,27.55
2037,41.08,15.33,43.88,29.91,53.16,241150,33.43
2038,75.29,19.89,13.32,31.92,56.46,228992,36.57
2039,80.52,15.45,34.23,25.17,50.61,247552,14.62
2040,59.61,2.65,12.84,12.4,38.2,378060,25.79
2041,50.15,2.21,28.0,18.99,67.61,365386,33.83
2042,91.71,12.85,46.17,23.97,39.9,184282,22.53
2043,56.99,6.3,39.0,48.85,22.55,71909,28.19
2044,50.35,9.72,28.23,26.22,34.67,367671,36.57
2045,82.31,16.46,12.09,41.74,44.4,284762,25.23
2046,42.04,5.34,37.02,42.79,41.78,101761,21.6
2047,65.61,15.78,48.09,46.65,41.42,346497,26.17
2048,81.65,12.18,44.71,17.98,58.49,347162,26.75
2049,71.1,11.59,56.02,31.26,28.78,484115,34.57
2050,68.95,16.37,18.7,30.28,27.22,463951,33.97
2051,67.4,4.33,48.86,37.59,59.24,262434,10.3
2052,48.27,9.11,21.68,28.97,73.55,418520,12.01
2053,63.64,19.0,26.82,17.18,74.85,474038,12.32
2054,70.85,19.83,40.59,30.46,51.77,443029,7.33
2055,40.94,12.49,36.18,20.33,60.01,138711,7.28
2056,94.28,12.16,29.67,42.32,49.02,478828,27.03
2057,83.49,10.89,47.1,47.04,39.0,326024,9.38
2058,56.32,2.48,25.66,29.17,50.54,468064,36.41
2059,66.33,5.71,8.32,17.21,63.1,87003,29.13
2060,55.93,17.71,37.56,42.98,78.29,86052,30.96
2061,67.14,16.38,28.63,46.57,46.57,117500,25.98
2062,51.04,7.67,17.98,33.4,62.04,319318,7.64
2063,48.46,17.27,45.66,28.35,59.3,405480,22.64
2064,94.09,8.54,46.71,18.21,75.49,330565,14.57
2065,50.21,5.94,25.99,22.07,34.0,153223,28.09
2066,58.54,3.47,12.16,43.34,43.87,67029,18.69
2067,94.09,7.62,28.51,13.45,44.24,375045,26.51
2068,48.2,4.43,47.54,12.12,44.46,423182,39.37
2069,63.85,14.3,24.28,43.44,37.15,427059,36.14
2070,65.05,18.14,50.34,36.03,47.96,83447,16.48
2071,69.99,5.38,5.43,14.8,44.11,360416,26.17
2072,95.0,18.93,24.04,43.06,33.41,251738,10.58
2073,40.36,10.98,18.36,45.1,24.54,298912,10.25
2074,71.37,4.13,32.03,38.75,42.09,460256,33.1
2075,67.27,14.33,37.87,21.59,61.14,99587,34.18
2076,81.39,11.76,40.57,22.91,78.7,100817,39.92
2077,50.22,9.2,52.99,23.28,71.05,478375,17.54
2078,70.86,3.98,22.95,30.02,23.24,97092,16.75
2079,70.12,12.6,59.76,23.76,29.97,479369,7.04
2080,62.86,18.19,40.99,15.68,52.61,118300,10.34
2081,92.21,10.12,35.74,38.19,67.96,254806,5.64
2082,79.93,5.03,13.34,46.87,63.17,113772,7.92
2083,53.46,14.12,43.77,11.3,64.01,471537,16.15
2084,49.89,5.52,59.31,49.51,42.09,303880,6.96
2085,47.96,12.74,48.72,33.4,48.61,192827,28.73
2086,86.44,9.75,8.17,39.81,48.61,189276,8.53
2087,59.69,12.77,50.25,38.11,60.48,110920,34.98
2088,90.61,11.68,20.26,31.12,62.25,309842,12.52
2089,54.01,11.59,59.56,16.03,52.15,80639,30.57
2090,56.55,7.53,45.47,18.18,31.05,184496,39.1
2091,54.58,17.33,9.62,14.71,38.37,281748,9.48
2092,70.94,16.85,18.03,35.1,21.66,145030,33.06
2093,60.77,18.98,21.44,37.26,25.32,70685,19.04
2094,80.34,4.3,6.7,13.03,30.48,423721,6.73
2095,60.74,12.02,56.01,28.29,43.99,467909,13.67
2096,77.47,11.58,7.4,35.97,50.25,117344,13.67
2097,42.32,10.38,53.09,34.37,72.94,475040,24.62
2098,48.04,14.28,10.7,35.61,50.51,73534,13.88
2099,71.15,8.01,36.91,21.44,25.35,66499,31.22
2100,51.68,12.13,54.79,36.33,35.04,466938,30.33
2101,73.16,19.05,43.98,49.56,69.52,260384,28.03
2102,63.53,13.85,6.58,19.97,71.5,95221,38.02
2103,58.1,5.01,39.98,20.66,43.15,125202,20.73
2104,82.04,16.59,34.03,47.0,77.49,429727,7.26
2105,48.75,2.07,35.36,35.83,56.94,167852,34.78
2106,93.28,11.98,5.93,28.43,39.76,369561,23.13
2107,68.69,19.5,56.19,18.44,46.87,294810,22.12
2108,65.74,14.95,11.16,12.95,69.75,422254,31.17
2109,63.0,3.92,7.25,20.73,71.33,235407,30.79
2110,79.09,9.48,20.19,44.33,63.24,346388,39.01
2111,79.09,7.31,15.97,11.83,70.39,134004,34.36
2112,59.26,7.74,30.56,21.02,47.21,382672,35.33
2113,62.23,2.93,51.72,17.96,55.51,82251,27.63
2114,44.04,7.71,25.08,45.91,73.76,392486,15.04
2115,80.49,18.47,25.28,22.55,65.5,292282,27.68
2116,50.29,18.94,20.49,49.19,59.02,358972,25.22
2117,76.65,16.02,11.93,39.31,75.78,456358,31.3
2118,86.26,16.79,27.4,26.68,77.96,377525,15.98
2119,54.83,15.82,43.64,30.57,40.39,75042,16.2
2120,68.22,2.02,7.19,33.77,33.36,411486,15.92
2121,58.26,3.15,22.94,23.91,28.52,199738,35.49
2122,67.02,2.85,22.55,36.33,78.7,337505,28.94
2123,65.9,12.81,19.98,40.32,22.82,75051,19.31
2124,51.81,4.93,55.85,35.14,49.49,357115,20.21
2125,71.72,17.21,38.59,46.58,38.95,389951,39.06
2126,73.24,3.07,39.91,26.47,39.99,167644,27.75
2127,77.38,18.45,18.12,14.69,66.52,400244,15.46
2128,48.22,17.96,39.77,33.81,31.24,369629,11.17
2129,88.62,9.93,39.4,12.73,73.22,499653,17.15
2130,45.58,4.18,24.74,12.3,70.38,165759,19.9
2131,85.88,10.07,24.35,33.25,77.02,235350,33.37
2132,71.8,11.23,14.93,39.44,51.91,276517,34.67
2133,48.7,4.49,40.46,24.25,62.42,393328,18.78
2134,49.81,18.35,16.62,17.01,37.37,258131,26.21
2135,71.67,10.11,24.54,33.03,31.9,402297,25.86
2136,42.77,13.52,34.91,39.09,30.2,188864,10.2
2137,90.61,2.45,33.08,29.16,77.1,68803,12.1
2138,78.17,12.99,12.76,14.79,22.85,98003,39.27
2139,49.15,12.06,41.78,47.34,44.34,285629,17.3
2140,65.38,9.64,19.74,44.54,25.45,487874,5.09
2141,60.12,7.51,17.71,39.59,72.07,426953,5.16
2142,76.72,10.58,17.61,30.41,43.24,308618,25.78
2143,89.61,4.02,5.89,49.25,41.05,92121,20.57
2144,92.68,16.58,43.69,22.55,40.48,185136,34.5
2145,51.04,7.04,49.47,14.26,78.25,361110,33.88
2146,85.54,14.58,29.48,11.18,44.02,457818,27.24
2147,93.08,10.13,5.63,30.33,50.18,358888,23.55
2148,75.7,19.58,29.18,16.29,25.97,402786,30.55
2149,76.9,9.18,58.0,29.96,78.86,404251,38.22
2150,77.84,14.09,24.82,32.38,65.25,311910,21.84
2151,87.81,17.87,51.14,27.52,78.36,257791,22.17
2152,57.78,3.8,32.88,22.24,43.53,178641,10.92
2153,68.68,9.34,36.05,13.3,43.31,167666,29.78
2154,83.08,12.2,35.16,10.52,64.1,275023,30.97
2155,50.62,18.28,23.57,27.45,76.36,449561,29.52
2156,80.35,9.76,24.98,37.12,50.99,418989,9.15
2157,46.03,11.78,44.68,40.9,53.44,499048,23.82
2158,72.18,16.34,32.14,38.78,69.78,365420,6.06
2159,77.53,14.44,24.15,31.74,38.66,277149,17.3
2160,82.38,7.47,15.23,47.21,50.84,237482,12.91
2161,67.27,16.95,52.93,21.27,20.76,402389,14.68
2162,64.68,10.89,19.78,17.05,51.09,56130,39.23
2163,64.48,18.96,42.11,49.31,54.06,270308,6.81
2164,44.15,17.8,48.56,11.44,70.97,439978,18.7
2165,50.56,10.29,23.38,11.37,25.58,263273,39.56
2166,92.23,3.09,39.46,47.99,57.29,221860,35.73
2167,43.35,6.67,42.11,17.36,79.56,361314,8.77
2168,85.4,4.42,54.14,44.91,57.93,85025,39.27
2169,57.86,11.15,51.07,23.14,36.18,115871,6.88
2170,42.19,16.37,9.81,43.09,24.88,150834,38.63
2171,58.53,8.13,7.88,16.06,54.97,161649,10.69
2172,85.67,18.23,38.93,21.42,76.83,328703,14.81
2173,69.13,16.11,38.48,26.44,42.68,430213,13.79
2174,93.67,6.96,44.62,47.9,48.83,210492,37.71
2175,74.29,15.36,16.17,48.57,31.23,104284,37.92
2176,81.49,9.0,47.71,36.75,57.95,171368,12.76
2177,86.38,5.24,47.53,12.89,33.3,52190,8.33
2178,49.72,7.91,40.56,29.15,20.81,329476,23.44
2179,68.1,11.57,24.39,42.5,65.38,241114,10.22
2180,84.16,4.32,15.16,38.11,21.7,208809,29.6
2181,84.29,16.27,32.72,18.03,58.89,269821,38.47
2182,81.57,13.01,38.52,15.05,26.56,383612,18.02
2183,74.85,2.98,57.09,17.78,61.82,197057,28.54
2184,76.91,8.52,7.55,27.91,63.28,190291,6.72
2185,72.77,5.38,38.39,23.5,68.93,326608,36.84
2186,47.41,14.67,30.34,30.92,33.77,135086,20.48
2187,62.41,7.3,7.04,18.22,50.96,325393,21.73
2188,43.62,16.12,19.34,45.24,36.94,214424,12.82
2189,84.51,13.66,29.95,28.52,50.24,173715,18.46
2190,43.07,13.72,16.47,33.36,64.64,227429,5.74
2191,46.33,18.62,42.56,38.33,59.13,76580,35.35
2192,40.73,13.71,59.03,26.52,77.31,265518,24.62
2193,40.95,13.7,57.11,48.47,71.37,214384,33.4
2194,59.67,12.98,45.82,10.12,27.17,294495,26.11
2195,61.84,10.47,40.78,26.63,66.86,296079,7.62
2196,94.33,14.54,37.0,14.69,28.78,427780,17.84
2197,43.31,8.15,44.44,34.64,47.9,166592,30.36
2198,87.2,15.65,45.07,13.24,63.65,422099,6.17
2199,89.49,7.12,42.11,10.18,24.05,366187,23.5
2200,78.53,10.62,39.61,45.5,73.92,63372,25.04
2201,45.12,4.08,41.68,27.58,76.83,66576,32.6
2202,50.85,10.14,10.33,46.25,66.34,185622,30.42
2203,89.5,8.2,40.25,20.35,67.83,78385,22.38
2204,65.27,9.1,23.42,44.61,43.29,328358,20.39
2205,86.7,17.53,32.79,13.36,26.56,354445,36.83
2206,47.6,3.74,44.61,29.49,20.38,93974,33.66
2207,61.34,8.74,20.81,20.51,54.91,452652,8.59
2208,54.67,5.83,28.37,48.04,21.26,184565,29.01
2209,65.26,2.8,34.77,19.5,49.08,137441,6.5
2210,59.72,11.53,45.5,23.67,75.48,78528,25.5
2211,83.91,5.63,25.8,27.84,63.96,488275,8.01
2212,46.9,17.58,36.45,31.62,46.86,234953,9.03
2213,56.33,12.96,57.02,27.39,61.71,297868,7.89
2214,61.96,8.03,16.06,14.81,70.06,189117,32.4
2215,64.63,14.98,29.2,22.99,51.45,243830,24.3
2216,63.84,2.05,35.91,41.97,62.18,70773,20.86
2217,85.24,6.13,37.38,38.09,64.29,451400,28.63
2218,78.67,7.09,51.08,39.35,48.14,103102,30.91
2219,50.33,9.43,17.71,48.86,28.33,443262,16.74
2220,60.09,9.98,23.28,33.98,50.89,220519,15.25
2221,61.97,17.62,55.11,19.16,20.29,91145,19.09
2222,54.15,10.44,31.87,20.17,46.18,139691,7.39
2223,73.75,9.21,19.06,32.09,36.96,53169,14.02
2224,72.35,14.95,28.84,36.81,52.86,343017,27.06
2225,75.65,3.5,19.46,42.35,57.79,197427,20.17
2226,52.78,8.67,48.64,38.16,41.49,225070,38.28
2227,40.41,17.6,47.24,13.81,77.95,188854,24.5
2228,44.7,19.86,39.95,42.93,34.59,283953,36.59
2229,65.06,10.36,27.33,13.91,30.0,354308,30.42
2230,83.24,7.06,24.21,22.25,42.63,205991,28.48
2231,47.29,6.67,16.87,10.81,63.41,410005,7.48
2232,84.19,11.86,20.91,41.1,76.74,118632,11.27
2233,79.96,11.37,26.56,16.6,57.23,362571,15.49
2234,75.03,13.48,20.43,37.07,26.34,83017,7.18
2235,66.74,19.16,41.99,18.38,40.54,237977,32.48
2236,53.26,10.0,19.76,19.6,47.27,405101,15.49
2237,93.97,19.52,30.12,37.02,65.74,395385,12.65
2238,61.8,2.79,35.76,23.55,61.39,395600,11.29
2239,87.58,13.65,11.01,21.21,39.72,327421,8.61
2240,43.19,8.77,9.42,38.21,39.34,372389,25.32
2241,55.99,7.66,50.61,14.72,74.57,344123,29.07
2242,80.51,15.04,12.66,39.86,30.59,221813,6.76
2243,87.74,13.77,36.85,17.34,37.01,104649,30.58
2244,87.85,3.36,19.94,45.57,65.67,237383,12.56
2245,90.74,6.54,38.35,34.58,27.19,425088,23.62
2246,42.54,16.7,30.53,45.29,36.61,399126,22.95
2247,68.7,19.51,15.44,37.57,69.47,156671,36.35
2248,90.57,16.1,56.48,30.04,36.19,64003,29.53
2249,52.4,19.6,51.73,32.27,67.68,322543,32.44
2250,85.68,18.54,21.23,49.22,69.16,260911,32.42
2251,47.72,13.2,21.42,38.46,35.09,491222,15.92
2252,61.3,18.29,5.04,46.46,39.36,425925,6.68
2253,62.91,17.21,13.95,24.74,62.21,416962,29.86
2254,55.83,4.76,7.07,45.56,39.79,307362,5.44
2255,77.4,4.13,33.74,31.7,52.87,256551,34.78
2256,40.83,10.85,13.53,38.24,49.81,233630,18.69
2257,61.47,12.68,45.9,41.86,67.61,106391,19.29
2258,94.56,18.57,28.44,41.35,56.7,450234,34.36
2259,67.86,7.6,30.41,11.56,47.7,81557,32.28
2260,69.51,4.3,31.6,40.26,37.1,160530,32.67
2261,61.21,5.07,37.12,45.54,67.3,474533,14.92
2262,94.2,17.43,35.21,23.59,28.69,93183,11.81
2263,80.43,19.54,6.49,44.74,52.16,430684,17.1
2264,78.22,10.21,57.13,20.7,30.58,255274,6.91
2265,80.73,11.42,50.21,20.29,53.19,287089,21.09
2266,56.95,13.2,50.2,21.05,21.95,259480,21.33
2267,91.95,16.1,30.83,15.26,78.38,225635,29.08
2268,62.97,4.87,42.41,41.46,65.08,359573,23.2
2269,43.68,15.43,37.59,21.14,79.52,477320,29.65
2270,64.21,6.9,8.72,30.14,36.71,103266,23.64
2271,70.21,5.27,49.64,12.79,63.97,264495,13.92
2272,55.85,9.38,44.12,23.75,66.3,78231,37.56
2273,43.14,16.41,23.84,39.43,28.88,267358,22.78
2274,87.66,15.01,33.97,40.11,75.73,162177,23.72
2275,56.31,7.9,5.57,12.42,32.78,333814,10.33
2276,92.84,12.38,40.15,16.24,58.27,407728,9.82
2277,40.4,9.42,51.5,32.82,67.96,55196,16.68
2278,61.27,8.5,49.42,38.62,47.07,423761,28.62
2279,92.11,12.94,33.71,35.59,36.84,471611,34.89
2280,74.85,3.96,59.48,26.74,78.75,448264,14.86
2281,94.03,13.41,33.76,23.93,44.45,262026,16.21
2282,93.17,4.89,29.55,21.01,30.71,151711,27.64
2283,86.82,16.68,36.57,41.42,25.42,338780,37.91
2284,53.48,16.42,55.48,41.49,25.01,237264,36.35
2285,49.53,6.11,40.17,42.95,66.84,434517,23.78
2286,69.34,7.21,25.3,12.17,55.48,495770,24.34
2287,89.37,15.76,20.62,20.55,30.95,72085,11.93
2288,68.74,19.61,11.93,42.21,52.73,164288,11.74
2289,64.87,8.44,17.92,38.06,57.1,215168,34.95
2290,84.1,7.03,46.5,48.98,73.99,78778,23.06
2291,76.21,10.69,29.35,18.39,36.23,236345,39.01
2292,62.81,4.84,56.2,27.58,38.0,156574,33.98
2293,68.55,19.89,28.48,39.53,40.38,472630,19.01
2294,41.25,18.79,36.68,44.31,68.15,181938,31.2
2295,45.37,5.39,29.31,29.91,56.44,318147,19.22
2296,84.74,4.24,16.65,49.49,53.95,96822,25.65
2297,42.38,12.21,41.61,29.52,54.42,111812,38.75
2298,63.16,8.78,58.22,11.37,67.52,350579,21.01
2299,65.76,16.33,59.61,48.44,34.93,215175,39.18
2300,89.8,18.56,5.81,48.53,75.75,84171,35.57
2301,61.18,9.25,13.58,16.82,49.25,91818,19.44
2302,80.27,16.72,33.17,40.61,47.31,141181,7.81
2303,42.68,6.26,7.98,29.65,57.86,444932,18.46
2304,53.07,8.28,59.71,20.79,28.88,470060,19.55
2305,84.24,17.13,59.26,13.42,57.97,252749,23.95
2306,40.49,13.47,23.99,12.2,46.58,388294,25.02
2307,92.01,5.44,55.97,42.67,43.58,357909,20.03
2308,67.44,19.57,36.19,32.58,40.38,382702,7.82
2309,86.71,9.35,44.84,48.24,41.65,235470,20.68
2310,51.46,3.55,41.41,42.16,47.32,323819,38.7
2311,74.37,8.48,45.64,11.22,25.23,281344,24.41
2312,85.06,16.56,37.3,27.08,30.34,480942,22.54
2313,86.56,6.38,23.31,22.96,72.42,317249,21.64
2314,83.99,4.86,15.66,49.28,66.71,303327,24.85
2315,72.5,16.95,20.21,39.22,57.23,300517,28.87
2316,85.09,5.7,45.13,10.81,79.21,133733,38.1
2317,56.72,14.86,9.17,48.19,54.86,485781,35.55
2318,74.75,11.64,41.33,41.42,72.4,65907,15.24
2319,42.56,15.97,21.72,15.92,41.71,227793,12.73
2320,50.65,13.25,26.04,10.91,59.7,290662,8.62
2321,63.46,4.29,5.79,25.0,22.17,167557,10.01
2322,45.4,2.72,16.56,14.98,36.92,389854,7.98
2323,64.51,14.23,39.67,37.24,63.86,448836,27.63
2324,40.26,9.86,53.12,15.38,52.61,339832,27.45
2325,41.05,11.7,39.56,21.42,22.68,89375,17.94
2326,46.03,9.24,46.3,23.4,47.7,101295,18.27
2327,71.24,14.44,32.51,44.16,69.93,176061,28.05
2328,43.27,17.03,14.37,11.44,79.05,317880,33.9
2329,84.65,5.55,50.22,28.1,51.71,184544,23.85
2330,52.58,11.43,34.4,37.81,31.83,183538,13.88
2331,56.64,8.16,14.87,39.52,41.91,242612,11.76
2332,62.8,10.54,23.24,25.63,70.04,417210,19.33
2333,80.6,17.72,49.6,39.74,33.67,414349,15.73
2334,82.46,18.22,13.41,45.31,77.82,52535,25.23
2335,80.82,7.44,15.88,41.29,69.57,134075,18.81
2336,81.07,18.68,10.97,35.65,43.26,351013,39.37
2337,73.72,3.57,40.5,16.69,65.65,271105,19.09
2338,81.63,17.35,26.75,47.36,34.81,135154,37.49
2339,62.13,16.25,43.67,44.91,66.39,269626,35.68
2340,40.65,9.74,13.74,42.98,27.34,228577,27.03
2341,85.57,16.43,7.72,47.7,68.35,286543,16.83
2342,58.31,15.66,36.77,46.74,31.94,482926,35.25
2343,78.57,12.85,33.04,19.59,65.68,243045,10.55
2344,67.05,3.77,11.46,44.95,78.27,103104,9.75
2345,90.18,6.54,37.45,10.38,61.4,123243,14.65
2346,85.61,13.07,21.35,20.92,57.73,278521,10.19
2347,88.49,10.67,13.71,38.26,24.81,393582,13.04
2348,82.97,13.89,5.19,40.84,29.46,118382,12.87
2349,61.04,15.51,55.28,26.65,48.57,110659,26.79
2350,86.45,4.22,33.0,36.84,43.94,442087,8.96
2351,68.93,11.36,37.85,47.23,52.87,164854,8.21
2352,45.19,15.33,45.66,18.95,61.54,158899,22.15
2353,90.55,14.0,37.58,24.32,61.6,418366,5.15
2354,43.77,11.8,34.04,13.54,56.37,52649,30.2
2355,72.21,10.14,54.19,13.08,52.79,61344,26.81
2356,46.39,19.12,16.38,17.19,67.52,172321,7.24
2357,47.58,11.36,32.17,44.62,29.03,212375,10.66
2358,77.51,12.87,32.61,35.09,62.99,369905,34.34
2359,66.63,8.37,40.23,36.67,27.07,368187,31.4
2360,40.54,3.06,32.25,11.61,26.63,163925,8.35
2361,79.87,4.93,52.88,21.1,54.49,218218,31.24
2362,72.09,8.97,38.77,29.92,51.53,86599,13.02
2363,68.53,16.35,48.39,18.15,59.14,279060,20.46
2364,76.96,7.36,19.18,46.55,70.34,318233,20.56
2365,85.0,10.7,25.93,27.12,27.67,483872,5.45
2366,69.51,19.94,23.5,14.59,40.24,147082,9.87
2367,70.58,8.72,9.71,43.28,51.85,208204,10.12
2368,48.15,7.51,48.77,17.89,54.64,104691,25.33
2369,51.88,11.57,32.76,22.45,53.24,74096,18.21
2370,81.98,19.84,12.47,33.05,23.28,470488,29.95
2371,65.29,5.93,10.24,17.65,25.08,158708,39.06
2372,81.42,2.79,48.64,37.42,64.12,453438,5.44
2373,62.51,17.15,58.63,34.13,27.0,413096,19.37
2374,64.31,9.53,22.79,30.39,36.94,450869,8.46
2375,73.01,17.58,47.5,14.78,77.04,445793,28.91
2376,90.76,18.64,30.63,48.94,52.33,223731,36.89
2377,72.7,7.06,23.84,47.86,38.22,90059,27.75
2378,61.69,11.77,48.22,30.61,79.19,373037,18.27
2379,43.45,13.07,14.62,22.81,77.25,350714,22.97
2380,94.25,14.37,9.55,46.49,38.53,123376,39.73
2381,62.29,3.16,8.58,34.87,21.77,326368,22.17
2382,50.79,13.74,40.78,38.61,66.71,316598,5.33
2383,46.93,15.02,21.41,33.96,44.28,302665,33.18
2384,67.29,8.83,42.37,31.39,20.81,120580,13.41
2385,71.4,12.05,12.08,11.51,50.55,462924,32.32
2386,64.24,12.51,8.78,28.74,73.68,232669,31.65
2387,74.15,12.66,18.16,38.51,32.0,140557,21.27
2388,45.55,8.49,19.56,29.15,32.61,215503,14.75
2389,47.34,11.55,42.58,34.75,62.58,326072,9.5
2390,66.61,4.87,48.76,47.29,56.05,227643,9.37
2391,68.45,18.47,34.07,31.18,61.58,363116,13.03
2392,62.34,19.4,20.97,34.97,74.72,179912,29.42
2393,45.54,9.43,48.49,32.29,27.0,265842,18.42
2394,55.18,8.78,30.06,13.41,77.15,498251,34.76
2395,88.2,10.69,54.38,21.77,46.54,238385,6.13
2396,55.61,3.2,40.3,20.13,30.51,168924,16.08
2397,59.92,3.3,23.88,38.04,33.93,112521,23.02
2398,57.67,18.72,50.06,30.93,63.16,458252,31.93
2399,87.91,15.83,13.24,29.27,60.98,179719,6.53
2400,77.26,12.25,44.81,41.73,56.25,254573,22.25
2401,49.57,8.22,15.13,31.22,65.34,197525,32.05
2402,65.25,16.71,45.42,15.66,52.61,181542,15.74
2403,91.75,2.94,27.32,49.81,20.06,286588,24.48
2404,93.32,12.08,20.29,33.59,53.9,51934,11.9
2405,58.49,2.31,17.61,14.37,68.84,399111,17.72
2406,65.48,8.57,57.01,49.8,56.03,295804,31.53
2407,79.21,19.15,5.03,26.43,76.33,224421,13.36
2408,61.23,18.54,31.44,27.07,56.05,470485,32.01
2409,58.59,16.78,38.02,44.77,41.61,471569,11.06
2410,76.7,18.2,39.71,39.43,77.05,478376,17.35
2411,43.85,3.47,40.07,10.56,52.81,413095,10.14
2412,93.49,4.24,12.74,27.37,47.04,488749,37.6
2413,40.81,12.76,8.4,34.77,57.81,483096,20.33
2414,90.85,15.11,14.17,41.95,73.82,150501,14.53
2415,74.47,16.4,32.57,28.23,43.47,97013,9.48
2416,62.37,11.21,12.4,28.31,51.96,408654,6.5
2417,45.01,16.47,53.29,16.46,46.16,227940,30.11
2418,78.28,15.49,42.74,36.84,41.36,311371,17.22
2419,75.88,16.67,22.32,39.14,28.89,88291,14.29
2420,61.2,18.87,30.83,34.79,37.56,177822,9.39
2421,73.81,6.66,32.06,21.23,78.72,360393,8.36
2422,60.18,16.1,39.37,29.06,26.57,473061,39.26
2423,62.1,4.41,35.1,41.75,35.21,441757,36.71
2424,91.62,4.03,53.55,39.31,35.05,201584,16.99
2425,75.37,19.27,49.06,13.47,21.97,243865,36.69
2426,81.28,12.49,19.29,22.58,35.36,422844,15.33
2427,59.39,13.86,19.84,34.1,50.86,476780,9.21
2428,40.68,15.69,24.44,37.33,30.11,316477,32.37
2429,51.61,12.46,33.37,44.56,21.85,139615,28.95
2430,68.75,16.38,58.39,25.94,42.41,267847,19.49
2431,76.54,15.78,12.33,24.65,75.45,253463,14.1
2432,86.22,11.01,51.65,49.57,61.22,157538,38.39
2433,47.56,19.55,58.09,13.57,35.32,162979,18.36
2434,86.35,16.27,48.11,35.3,29.13,299962,34.69
2435,62.2,4.24,22.67,28.3,47.66,374450,39.16
2436,42.98,5.64,49.14,17.35,59.85,103563,25.95
2437,42.15,15.0,12.26,27.21,57.68,353154,16.5
2438,59.01,14.38,48.15,30.11,77.94,97493,32.64
2439,73.65,18.88,36.4,30.05,79.65,52549,31.82
2440,77.93,19.55,7.14,42.97,69.23,193805,27.69
2441,56.06,6.93,31.38,38.48,56.31,262225,5.19
2442,55.09,11.37,48.55,44.28,68.52,105944,7.52
2443,82.73,7.77,15.93,39.64,38.28,453611,11.03
2444,52.22,14.6,32.12,17.79,48.36,145388,35.53
2445,86.1,15.84,52.39,39.61,49.26,62981,33.7
2446,78.78,3.88,6.58,36.1,58.08,174212,7.25
2447,40.03,5.33,32.53,19.66,78.58,322679,18.83
2448,56.5,6.7,57.67,19.44,61.42,86530,26.5
2449,48.91,16.55,36.48,38.02,20.8,306182,21.15
2450,90.1,9.81,57.98,43.92,36.09,467481,37.68
2451,52.29,16.57,12.23,17.05,52.42,222190,19.66
2452,81.96,17.81,32.66,31.99,38.58,292589,9.5
2453,78.61,18.05,57.68,37.99,36.52,365184,33.34
2454,84.21,17.28,22.34,48.85,23.43,270325,38.52
2455,67.15,4.86,44.91,22.97,26.74,150374,13.42
2456,60.67,5.15,37.04,41.57,57.69,400072,16.31
2457,45.89,7.11,31.81,19.26,33.74,491389,22.54
2458,75.12,12.13,24.39,18.29,66.13,326944,15.69
2459,93.95,8.71,56.31,36.97,26.94,209013,10.48
2460,87.76,4.78,43.87,32.29,75.77,245580,15.18
2461,71.16,3.45,5.18,30.44,51.58,137525,29.35
2462,50.98,10.77,55.17,23.25,61.41,370886,33.7
2463,60.73,12.4,58.11,16.35,76.27,73081,38.25
2464,81.04,16.97,26.42,49.9,43.06,399881,23.29
2465,57.16,2.38,49.61,43.34,33.71,326014,7.83
2466,90.34,6.94,35.45,16.37,58.13,323535,14.53
2467,72.91,19.87,7.4,42.85,24.85,313477,21.1
2468,62.63,4.8,41.63,37.18,25.19,185669,6.64
2469,67.07,6.07,58.88,20.03,25.83,100691,21.38
2470,44.82,4.99,28.31,27.64,68.73,366290,38.36
2471,40.16,7.49,39.15,19.02,61.92,168043,22.82
2472,42.24,8.09,55.83,43.78,26.26,437157,29.21
2473,64.38,16.44,52.02,17.29,46.85,309203,15.04
2474,87.55,17.19,44.96,13.0,74.75,294820,39.64
2475,94.74,18.47,17.34,49.82,66.03,94914,25.77
2476,59.39,19.64,56.94,14.45,78.39,139056,23.56
2477,80.85,5.21,13.79,38.33,53.36,205239,15.12
2478,56.82,9.54,24.79,36.97,36.14,471248,35.95
2479,88.47,13.27,52.22,42.95,62.35,108468,34.23
2480,88.71,15.06,5.91,30.48,48.4,435955,33.26
2481,73.01,14.89,6.44,17.93,69.21,194754,38.39
2482,74.73,9.09,31.63,13.39,68.36,99370,29.46
2483,62.65,8.34,54.35,40.19,65.68,199124,38.97
2484,56.05,12.4,43.19,26.25,36.18,470593,33.08
2485,89.42,4.92,50.29,39.46,58.67,402028,29.41
2486,43.14,18.31,19.8,46.97,44.85,329687,29.88
2487,64.02,2.92,53.37,38.42,21.6,139469,8.77
2488,72.7,16.96,51.59,38.89,65.13,95834,10.37
2489,84.6,2.25,53.35,11.95,39.56,86526,31.66
2490,55.69,13.66,16.55,16.62,69.93,222598,5.5
2491,52.9,8.89,47.28,43.82,48.84,157679,12.49
2492,73.73,8.94,21.25,16.26,68.74,293997,25.93
2493,52.99,2.85,33.24,37.64,45.95,498475,10.17
2494,54.51,11.6,16.44,46.04,51.76,378140,17.32
2495,94.06,12.86,31.1,31.05,74.34,488300,36.0
2496,50.63,16.97,49.74,32.59,29.69,72592,16.48
2497,40.11,4.88,43.5,15.9,20.17,293134,38.33
2498,66.69,7.88,25.64,12.63,61.62,87835,5.75
2499,74.81,9.52,30.0,49.37,73.99,366200,6.82
2500,44.84,12.36,10.85,37.75,77.72,103850,13.12
