town_id,budget_allocation,schemes_active,beneficiaries,tax_collection,governance_type
1,32543436,7,43549,16369620,Panchayat
2,29617217,2,17804,24128173,Municipality
3,40104964,10,74333,23448094,Panchayat
4,2062087,4,24752,1595453,Municipality
5,34551623,8,30525,1512096,Municipality
6,38480897,7,65869,5837757,Municipality
7,48466799,4,4897,26017388,Municipality
8,41163321,13,15139,23412546,Panchayat
9,34701104,14,80245,23755456,Panchayat
10,24677365,9,64666,4035015,Municipality
11,1030215,14,95964,27419692,Municipality
12,43567816,16,17051,2485217,Panchayat
13,38625090,16,70136,23349283,Municipality
14,20495927,14,62373,13057055,Municipality
15,12291744,19,18585,8110071,Municipality
16,17014505,7,9673,25810344,Municipality
17,24062648,4,80054,24905783,Panchayat
18,3675558,1,16102,28760615,Panchayat
19,36530187,4,44850,10063949,Municipality
20,38892788,19,96905,21751164,Panchayat
21,2670414,18,16961,28792572,Municipality
22,30036811,11,79117,27470793,Panchayat
23,9319009,5,74940,5522342,Municipality
24,18216363,12,46462,14801689,Panchayat
25,28355394,17,71295,25722949,Panchayat
26,49793325,10,54822,17868959,Panchayat
27,47890551,1,20827,10546946,Panchayat
28,41225932,9,31182,3670410,Municipality
29,16924489,2,9647,24152120,Panchayat
30,22984811,4,30116,11676339,Municipality
31,48713027,16,26750,24713318,Panchayat
32,46983717,17,37509,14601537,Panchayat
33,42270577,17,8192,29559920,Municipality
34,22823339,13,8106,20325890,Panchayat
35,15537883,14,25618,18342230,Municipality
36,45574445,12,96014,12490416,Panchayat
37,49862034,6,71515,29769477,Municipality
38,45275600,11,9376,3727197,Municipality
39,34260633,13,55470,26704434,Municipality
40,22536357,10,30098,19381408,Panchayat
41,22700299,1,99217,10887727,Municipality
42,39379199,14,97823,20932408,Municipality
43,15922178,13,47784,11534450,Municipality
44,45694569,13,1352,1764971,Panchayat
45,12228225,15,42375,18482291,Panchayat
46,33078292,14,62647,15340652,Panchayat
47,38370137,5,79474,16370222,Municipality
48,9666787,2,13098,13571486,Municipality
49,28402892,10,14682,23426963,Panchayat
50,30077934,4,99271,17175446,Panchayat
51,40222492,10,52399,12440698,Municipality
52,35181557,7,40548,23088133,Municipality
53,4478993,10,66330,13073310,Municipality
54,7979842,4,46568,17099862,Panchayat
55,32138944,1,73925,28297086,Panchayat
56,38620225,3,71200,26238940,Panchayat
57,42919596,15,19493,5221043,Municipality
58,48897771,12,37214,25913890,Municipality
59,27528660,13,95366,13291606,Panchayat
60,38029376,8,76992,7806661,Municipality
61,16489082,2,4214,6463291,Municipality
62,10808718,1,74696,27090911,Municipality
63,24979299,9,9337,23400141,Panchayat
64,8459414,10,73523,24926434,Municipality
65,37702441,4,57760,16798826,Panchayat
66,14028194,13,14926,12946701,Panchayat
67,21205512,3,29471,5908298,Panchayat
68,36000808,19,28669,23736653,Panchayat
69,46121697,2,91587,15022998,Panchayat
70,14754217,13,35561,22670507,Municipality
71,32602237,14,70932,19997873,Municipality
72,39104774,6,60537,26806265,Panchayat
73,32486546,18,17150,18081339,Panchayat
74,46080806,8,44235,14137305,Panchayat
75,1742516,17,3805,9236631,Panchayat
76,20149513,15,25891,24311031,Panchayat
77,8671922,7,63612,5707361,Municipality
78,15764321,11,26453,7949153,Panchayat
79,3395803,18,26763,17260867,Municipality
80,28380449,15,16443,1839523,Municipality
81,1684168,4,97304,29428573,Panchayat
82,31468184,4,31254,6375860,Panchayat
83,39465208,3,39036,16030997,Panchayat
84,11950809,15,6931,21440738,Municipality
85,30072211,2,78484,27897652,Panchayat
86,36981194,8,50376,3335827,Panchayat
87,48735866,18,53279,1867492,Municipality
88,20142587,15,78651,10822397,Panchayat
89,41627491,8,47244,1071032,Municipality
90,40457760,1,96620,27090303,Municipality
91,21019053,17,50302,23164376,Municipality
92,16890563,11,61456,27414185,Panchayat
93,32778095,7,33701,15529493,Panchayat
94,46344256,16,17786,11989005,Municipality
95,9067054,5,95748,10506924,Municipality
96,47016334,18,20595,19724905,Municipality
97,21097080,3,5260,26558893,Panchayat
98,17264345,8,27724,16671587,Panchayat
99,16971337,18,80471,13120938,Municipality
100,5254883,2,53302,7371214,Panchayat
101,33696541,2,40676,923496,Municipality
102,5071119,1,40677,14318882,Panchayat
103,45166401,3,97831,3275982,Panchayat
104,2448390,13,82785,25579242,Panchayat
105,33174986,18,35973,24710368,Panchayat
106,7083315,16,91384,1932019,Panchayat
107,15913632,18,73464,10802801,Municipality
108,49119136,11,3236,2018666,Panchayat
109,1762955,11,35935,14954975,Panchayat
110,36880136,9,20126,28609102,Municipality
111,44914753,4,4802,27976646,Municipality
112,45322888,1,32798,19510818,Municipality
113,30165439,10,81801,3125611,Municipality
114,6746691,10,23629,23725244,Municipality
115,24435706,2,61584,7832946,Panchayat
116,3519416,10,40620,8750515,Panchayat
117,16101829,14,37928,26815794,Municipality
118,36094822,6,66471,10671155,Municipality
119,33226295,14,15813,19171188,Municipality
120,43541034,12,40036,3460385,Panchayat
121,4531382,13,18579,24853995,Municipality
122,38767569,10,78879,21858653,Panchayat
123,40410581,15,6067,15890319,Municipality
124,21247814,18,15334,29972272,Municipality
125,4955761,14,95901,25345869,Panchayat
126,2462100,8,57619,12993366,Panchayat
127,43281779,16,57382,28997947,Municipality
128,40703207,17,71756,25172343,Panchayat
129,48307173,17,25167,23668163,Panchayat
130,39520716,18,96094,22237613,Panchayat
131,42459984,12,51658,4294181,Municipality
132,15408709,9,88522,8419850,Municipality
133,47182540,2,43885,795080,Panchayat
134,2357053,11,68209,15984574,Municipality
135,32749373,10,77720,14037756,Panchayat
136,40929458,10,16443,29109652,Panchayat
137,15060495,1,61998,18974548,Municipality
138,8376794,5,53965,22604327,Municipality
139,40351155,17,14563,5694250,Municipality
140,21082069,13,39804,2268818,Panchayat
141,30270060,16,63755,9958183,Panchayat
142,39526097,9,98088,28775887,Municipality
143,49118434,15,39390,18573666,Municipality
144,41462687,9,30313,14277856,Municipality
145,47396135,15,78386,24059255,Panchayat
146,15900319,5,22632,15782193,Panchayat
147,19569800,19,53811,18390021,Panchayat
148,12303642,16,14422,10606697,Panchayat
149,33873830,13,96443,11794199,Municipality
150,24117811,17,55326,7667286,Panchayat
151,23425288,4,11113,27055287,Panchayat
152,46963811,10,33185,22786893,Panchayat
153,29774238,6,77794,8300956,Municipality
154,29527482,19,57274,3487659,Municipality
155,34682172,7,19626,27405294,Municipality
156,9251476,9,18071,13735700,Panchayat
157,8995246,7,87271,3411268,Municipality
158,3854235,11,83769,23611555,Panchayat
159,48620172,17,26425,12888001,Municipality
160,10538636,1,36691,6366266,Municipality
161,32313627,8,47213,2917117,Municipality
162,39162192,15,66395,23697218,Panchayat
163,29165352,17,83499,7242792,Municipality
164,47270072,14,19667,19340098,Municipality
165,13563108,4,18195,2393007,Municipality
166,49096594,1,13682,18095238,Panchayat
167,45274921,5,49640,4976634,Panchayat
168,34495276,14,83382,7222200,Panchayat
169,35065206,15,63858,7915526,Panchayat
170,37007588,11,31098,9461369,Municipality
171,48507269,17,13579,1828855,Municipality
172,6053189,9,62642,8346839,Municipality
173,28850759,10,68022,27554298,Panchayat
174,10062794,5,51195,26200997,Municipality
175,41260091,11,56779,23041589,Panchayat
176,18176127,18,10030,28990643,Municipality
177,24809373,8,92266,7082370,Panchayat
178,1128983,6,15684,26950315,Panchayat
179,20844882,8,37271,14494293,Municipality
180,21228524,6,51208,796866,Municipality
181,3103506,9,59885,4459448,Panchayat
182,39309681,4,5375,7907084,Panchayat
183,35991768,10,44523,10392914,Municipality
184,14812108,8,90441,28727222,Panchayat
185,17061708,14,28900,19204173,Municipality
186,45851706,9,70631,8421585,Panchayat
187,29392288,7,39480,7745222,Municipality
188,38209753,6,77538,706058,Municipality
189,27748404,13,57618,8359815,Panchayat
190,3519174,8,78692,16598495,Panchayat
191,29999120,7,30174,6214033,Panchayat
192,42914263,4,5834,13966635,Panchayat
193,34075286,19,54417,27819088,Municipality
194,29393351,2,57872,15261747,Panchayat
195,10821029,10,57993,17602349,Panchayat
196,46342644,17,30121,23849437,Panchayat
197,34487781,7,55657,13208810,Municipality
198,13760511,10,36624,18082340,Municipality
199,4705305,14,67426,2250148,Panchayat
200,43744611,11,33069,20702935,Panchayat
201,36551354,1,22036,27955803,Panchayat
202,47782147,2,5463,12024519,Panchayat
203,33895655,14,13193,1522520,Panchayat
204,36273212,10,54743,25889578,Municipality
205,18746696,12,34933,8145857,Municipality
206,28542430,7,50763,21669758,Municipality
207,44685917,15,79380,15700698,Panchayat
208,18265388,1,27048,1506044,Panchayat
209,9250051,12,10288,15797428,Panchayat
210,46043118,19,2994,17953002,Municipality
211,35954274,5,83275,26048699,Municipality
212,13049380,17,61691,9114756,Panchayat
213,19177293,2,73808,19672300,Panchayat
214,1640895,16,27438,20781678,Municipality
215,23732945,15,35076,20534192,Municipality
216,1038392,15,44957,27383978,Panchayat
217,40634292,3,68944,2600915,Municipality
218,43119582,13,39538,12313959,Panchayat
219,21287987,19,59960,28038637,Municipality
220,14512805,4,40164,15365011,Municipality
221,10993394,2,93352,5946621,Panchayat
222,8258995,19,91005,3463457,Panchayat
223,12757960,10,53984,2479916,Panchayat
224,38369737,7,80603,29950633,Municipality
225,31647796,14,6977,15195194,Panchayat
226,19814516,17,74778,23598212,Municipality
227,27348709,19,31260,4964283,Panchayat
228,8088704,19,73362,18221474,Panchayat
229,26427705,3,96540,16436441,Panchayat
230,38667567,6,63900,5287833,Panchayat
231,13120183,15,97523,6365130,Municipality
232,25656960,8,12523,3663253,Panchayat
233,26885942,2,99447,3547877,Panchayat
234,16637728,6,35871,28758194,Municipality
235,27400214,11,78932,12267188,Panchayat
236,20002642,15,19316,8370471,Panchayat
237,42907949,6,69969,22377566,Panchayat
238,10130623,12,33319,23322921,Panchayat
239,12583480,15,15959,1798390,Panchayat
240,16247534,16,6874,28744265,Panchayat
241,44451988,8,70391,3222286,Panchayat
242,35619032,1,98943,7527612,Panchayat
243,2548043,18,67257,16548324,Panchayat
244,30476155,13,59925,14324237,Panchayat
245,28771630,16,25672,8365923,Municipality
246,23222759,2,12600,17222981,Municipality
247,44966977,11,5080,29225214,Panchayat
248,36125152,7,51590,11419004,Panchayat
249,43186305,6,3942,22112167,Panchayat
250,5656303,3,66785,14546642,Municipality
251,34919223,12,92128,3618805,Municipality
252,8214971,10,10433,27814401,Municipality
253,43003283,7,94367,21190642,Panchayat
254,21090716,14,84033,23369895,Municipality
255,15035099,1,96455,9574980,Municipality
256,49392454,14,25118,14696939,Municipality
257,21620229,16,12970,21524992,Panchayat
258,5601176,6,95547,21610804,Municipality
259,19279078,5,29262,11629930,Municipality
260,32369004,10,76138,23665680,Municipality
261,7837594,6,93328,28812240,Municipality
262,20239700,14,11829,23550051,Panchayat
263,15159531,6,15839,11763073,Panchayat
264,18066546,18,66805,26995467,Panchayat
265,1924421,10,41088,22308300,Panchayat
266,12977126,19,12331,24162532,Municipality
267,38304415,19,63256,18137328,Municipality
268,33673621,9,29262,1916833,Municipality
269,10087766,1,88791,13734680,Panchayat
270,28328613,17,13099,4480669,Municipality
271,13582429,19,67665,6738872,Municipality
272,3873277,3,29184,18848134,Panchayat
273,4701051,17,64743,26259010,Panchayat
274,47025551,11,69788,11784659,Panchayat
275,34266462,3,89734,2115521,Panchayat
276,7204119,16,90223,11588932,Municipality
277,33358468,2,22099,5902698,Panchayat
278,9679430,8,13979,25464425,Municipality
279,36632053,14,24656,1406837,Panchayat
280,16346794,9,81229,26388336,Panchayat
281,4894092,1,3260,13429359,Municipality
282,1385620,14,4190,18907885,Municipality
283,16575828,10,27939,2629687,Panchayat
284,31785999,7,14669,1047961,Municipality
285,33906700,19,38203,4699526,Panchayat
286,24951646,16,47734,16784981,Municipality
287,12619004,2,90782,19828761,Panchayat
288,20116325,11,13317,26522758,Municipality
289,38314389,4,27423,26559099,Municipality
290,44635481,13,8620,5482176,Panchayat
291,26584533,14,51676,12559089,Panchayat
292,35814896,4,26060,25265454,Municipality
293,36791856,6,22956,13098704,Municipality
294,29629575,12,71628,3452697,Panchayat
295,33776507,9,17838,29770451,Panchayat
296,14233607,5,76067,7166507,Panchayat
297,49468240,12,78570,24281129,Panchayat
298,25896504,18,17988,25426036,Municipality
299,29607849,4,39587,1626033,Panchayat
300,25344207,2,7215,27915168,Panchayat
301,16408841,12,33624,2107015,Municipality
302,35281525,18,20899,7777414,Panchayat
303,25131293,14,41905,3607924,Panchayat
304,37022125,13,60216,21335905,Panchayat
305,13892926,18,19639,22298871,Municipality
306,48024760,1,78345,15094162,Panchayat
307,20918016,8,38191,14837813,Municipality
308,40514997,7,6501,28071797,Municipality
309,20521211,11,47976,16044630,Municipality
310,3887136,2,59992,5202273,Panchayat
311,37510213,11,34900,25922728,Municipality
312,5879594,12,94004,1684704,Municipality
313,28233090,13,28272,15199755,Municipality
314,47908201,13,62716,2667186,Municipality
315,17967788,2,4499,8049644,Municipality
316,27450671,17,5057,16431054,Municipality
317,31874785,2,14592,27326879,Municipality
318,41141368,9,70515,13539065,Municipality
319,18687000,14,61952,15327783,Municipality
320,10770693,3,74916,2044951,Municipality
321,7674079,4,96823,6766784,Panchayat
322,18596847,14,19113,25592370,Panchayat
323,32935866,9,4004,24944903,Panchayat
324,9355441,15,71343,11985364,Panchayat
325,8901614,18,36016,15203801,Municipality
326,35713090,5,1098,11182204,Municipality
327,46310147,4,61782,25852619,Panchayat
328,18919755,3,41975,2717228,Municipality
329,36214629,7,76819,20195188,Municipality
330,24570705,8,57817,14076390,Municipality
331,21918816,7,94796,14812626,Municipality
332,14447248,15,25533,7854939,Municipality
333,47815433,10,5865,6337042,Panchayat
334,1297044,18,24987,26204767,Municipality
335,3511111,5,42120,1241413,Municipality
336,22045363,5,13344,22796775,Panchayat
337,35271933,8,90644,20037579,Panchayat
338,31907737,4,51400,17405394,Municipality
339,40987000,19,62449,21272288,Municipality
340,47387073,14,56143,13790400,Municipality
341,37974559,10,61949,3404272,Municipality
342,3240660,6,30242,14460810,Panchayat
343,47783441,15,87457,7541468,Municipality
344,35301370,19,31402,25208414,Panchayat
345,37022326,4,1062,19564760,Panchayat
346,7685399,18,4208,26343713,Municipality
347,41006695,11,81105,7725479,Municipality
348,31953080,2,4615,4085780,Panchayat
349,14840945,17,9815,20682660,Panchayat
350,49623425,2,82546,25098411,Municipality
351,7162235,12,76378,18872764,Panchayat
352,15140116,10,2698,3606553,Panchayat
353,48178146,4,99223,29020084,Municipality
354,44972547,13,27515,20202109,Panchayat
355,35643410,1,21957,22439201,Municipality
356,31794137,7,25445,5064487,Panchayat
357,40629085,9,95007,17638785,Panchayat
358,38888900,17,40848,2901451,Municipality
359,13674448,10,56394,8856371,Panchayat
360,14308352,11,30777,8273541,Municipality
361,33692427,19,44745,3414223,Panchayat
362,26396483,6,49951,18457375,Municipality
363,21116829,14,38158,18269576,Municipality
364,32462921,5,6563,26803268,Panchayat
365,8869959,3,53656,22868929,Panchayat
366,5962347,19,64033,25784755,Municipality
367,37040701,15,67834,6421735,Panchayat
368,42978677,14,4676,28510919,Panchayat
369,45609602,11,62792,26548435,Panchayat
370,32849653,5,48970,741468,Panchayat
371,6391226,3,42213,26339445,Panchayat
372,43416223,5,18092,27341730,Municipality
373,32641674,12,33895,23573460,Municipality
374,48525184,3,13883,28949410,Panchayat
375,14393605,11,87915,2756897,Panchayat
376,35125406,11,8617,18008062,Panchayat
377,33502314,16,65005,24811338,Panchayat
378,43217245,7,92672,6854618,Panchayat
379,9818576,11,4550,9721887,Municipality
380,45864141,10,43434,25960158,Municipality
381,29507879,5,64341,8646540,Panchayat
382,27298429,12,46769,21256780,Panchayat
383,32850987,7,66684,21442750,Municipality
384,13570042,19,60380,21700061,Panchayat
385,8964315,15,6856,23289394,Panchayat
386,25725782,8,20997,24536026,Panchayat
387,10182554,7,52550,18033165,Municipality
388,38240689,9,79695,11864606,Municipality
389,4003490,19,57091,11403360,Panchayat
390,13462265,3,31756,11769631,Municipality
391,10661246,13,89508,6390140,Panchayat
392,49821984,5,61263,8824336,Municipality
393,3781985,3,99764,26083420,Panchayat
394,3701520,17,94886,19299435,Municipality
395,10805999,8,22766,20146045,Municipality
396,3297485,14,44105,21066220,Municipality
397,2029134,7,73519,8225739,Panchayat
398,40028459,15,71294,19336125,Municipality
399,30536387,3,68617,645117,Panchayat
400,39366185,18,31142,10770581,Municipality
401,23423652,12,27684,11761977,Panchayat
402,23402947,3,22687,5346973,Panchayat
403,22127697,15,17690,8553761,Panchayat
404,42778878,17,84124,7678855,Panchayat
405,49533310,17,84223,18012781,Panchayat
406,19766675,6,17677,29894988,Panchayat
407,27580736,7,16603,23369905,Panchayat
408,39375773,13,18672,28981785,Panchayat
409,17638805,3,51620,19380499,Municipality
410,28550154,17,49527,1641675,Municipality
411,21332432,1,35643,21625809,Panchayat
412,10965402,16,98423,12543727,Panchayat
413,41973193,14,39285,18204661,Municipality
414,28173833,2,3434,19066530,Panchayat
415,12208274,3,60474,1843750,Panchayat
416,7939542,1,49689,1940069,Municipality
417,41352526,18,68793,20125042,Municipality
418,20348713,3,53917,2093667,Municipality
419,49973352,9,24359,26287174,Municipality
420,9269978,1,88099,6425808,Panchayat
421,1972938,14,90917,4502154,Panchayat
422,16697045,8,29078,27801927,Municipality
423,3356254,18,33342,9949490,Municipality
424,6163775,12,97403,20804500,Municipality
425,44910116,8,21017,6444032,Municipality
426,36820589,6,44932,2729689,Municipality
427,14241585,14,53706,24008664,Municipality
428,33998330,17,51693,9098566,Municipality
429,17879830,10,92030,15776852,Municipality
430,8234669,19,39845,28839508,Municipality
431,10071281,7,95293,12276376,Municipality
432,7956722,12,96149,17343632,Panchayat
433,20117032,4,26716,10391118,Municipality
434,33186728,16,66851,24983404,Panchayat
435,39283795,5,66226,10645609,Municipality
436,17866839,13,58281,8272820,Panchayat
437,37183049,8,55709,959332,Municipality
438,13612419,18,37224,3830385,Municipality
439,44949408,13,12622,8971202,Panchayat
440,43964666,14,43286,5239698,Panchayat
441,31585580,4,53176,9342840,Municipality
442,25871694,12,98243,1101875,Municipality
443,33302313,18,32953,24150924,Municipality
444,44088462,3,41082,15845175,Panchayat
445,12809496,19,74126,5891297,Panchayat
446,29264929,18,79308,4182273,Municipality
447,10731062,17,64232,7255586,Municipality
448,40812914,8,33515,24548430,Panchayat
449,10259746,11,24907,17490178,Municipality
450,46777511,5,36655,22972539,Panchayat
451,22404216,3,99645,3666032,Municipality
452,29634889,6,37990,16681525,Panchayat
453,37093711,16,85917,5323301,Panchayat
454,4363790,9,73989,6421146,Panchayat
455,1066033,12,86011,8260692,Municipality
456,5626896,6,12907,11760948,Municipality
457,28195412,14,20120,19136229,Panchayat
458,24724474,17,91100,5046491,Municipality
459,19281616,7,85793,2005204,Panchayat
460,15896806,3,56060,9084203,Municipality
461,34849419,17,31184,20820183,Panchayat
462,24414369,1,80287,7088982,Municipality
463,38039352,3,75313,11506201,Municipality
464,8044167,2,72206,23675003,Municipality
465,30515267,3,28364,1597791,Panchayat
466,49024871,6,70282,3940119,Municipality
467,29146537,16,79303,16039533,Municipality
468,22199230,14,6519,4795180,Panchayat
469,13038826,1,90695,6615727,Municipality
470,31709659,14,76207,15970330,Municipality
471,33824185,2,51091,19568860,Municipality
472,28713200,16,39181,9082738,Municipality
473,31974951,8,63937,3977846,Panchayat
474,49346953,7,98287,2439387,Panchayat
475,36693404,4,4306,15200222,Municipality
476,17790286,14,43428,18377565,Municipality
477,5352623,5,8918,6301785,Municipality
478,1621936,2,38398,8956223,Panchayat
479,7594464,14,92312,19441794,Panchayat
480,13379362,11,92220,15193940,Municipality
481,9962553,19,29073,25175272,Municipality
482,12130433,15,61055,19790218,Panchayat
483,27195488,4,17538,7344775,Municipality
484,37092817,13,43557,2891023,Municipality
485,10240251,4,93238,27099081,Municipality
486,32554384,5,88100,25305882,Panchayat
487,3032973,8,93624,24242747,Municipality
488,7031764,15,10456,6429937,Municipality
489,34818155,10,67713,5696775,Municipality
490,11480254,11,32619,29279495,Panchayat
491,5174577,11,63129,16109079,Panchayat
492,14372962,16,47311,4204852,Municipality
493,5571226,15,8144,26990172,Panchayat
494,10397401,17,55578,15001747,Municipality
495,44210951,19,63143,28667090,Municipality
496,12927504,8,64372,24950858,Panchayat
497,46034323,6,95601,12507075,Panchayat
498,48039384,10,12725,18707193,Municipality
499,35654907,9,39825,9701112,Panchayat
500,34109224,17,80899,27434551,Municipality
501,26940198,16,86973,19457395,Panchayat
502,19429924,1,96520,11301290,Panchayat
503,41714023,18,10820,14422240,Panchayat
504,33310829,7,53892,7217625,Panchayat
505,9088082,19,21821,20688067,Municipality
506,34470448,14,62596,18465300,Panchayat
507,3059783,11,36855,14343819,Municipality
508,6919471,16,91728,2884025,Municipality
509,38013116,16,38808,23245724,Panchayat
510,25243109,5,15629,16928922,Municipality
511,36769579,15,42673,12180546,Panchayat
512,29694145,3,63360,10153370,Municipality
513,43948248,5,78863,26269184,Municipality
514,22087826,19,3713,8273233,Panchayat
515,38582733,4,55699,6159848,Municipality
516,32442781,14,41024,17118554,Municipality
517,15025634,15,64884,25328415,Panchayat
518,27736108,14,21648,22951617,Panchayat
519,9129489,5,20907,11886173,Municipality
520,17239477,2,89891,27640219,Panchayat
521,11909640,18,48223,14364368,Panchayat
522,4624671,1,76573,24905648,Panchayat
523,11050314,10,39329,27025703,Municipality
524,12351462,1,3536,18400675,Panchayat
525,36079597,2,20013,23388126,Municipality
526,7494239,12,74067,8913640,Municipality
527,6832448,9,95280,29058134,Panchayat
528,4038278,19,47636,27851893,Panchayat
529,27892906,2,45810,4221223,Panchayat
530,47253214,8,62826,5168706,Panchayat
531,38756910,2,14556,13513305,Panchayat
532,22154638,14,61374,8141129,Municipality
533,42358297,4,18264,29337577,Municipality
534,19058695,10,33187,18884358,Municipality
535,40685365,13,29790,24563978,Panchayat
536,9739235,13,50639,2083647,Panchayat
537,46283916,3,4003,25266475,Panchayat
538,35771200,2,23883,16401671,Municipality
539,22587966,7,75067,22842228,Panchayat
540,11753468,12,51380,21230473,Municipality
541,29842052,7,88702,20072869,Municipality
542,16894061,8,38091,14858279,Municipality
543,4021380,8,99523,13531298,Municipality
544,32229113,3,34955,12795540,Municipality
545,44993333,3,96276,4832111,Municipality
546,37487797,15,6790,13793687,Municipality
547,48428642,1,49674,3820093,Panchayat
548,41622709,12,34707,27751049,Municipality
549,14179378,1,87838,11407661,Municipality
550,7765327,8,18576,23384816,Municipality
551,32308325,13,42329,20935977,Panchayat
552,30030122,15,52735,20379957,Municipality
553,15389378,13,23718,17995964,Municipality
554,43856450,9,92673,2260324,Municipality
555,8896204,11,49670,23086773,Municipality
556,18862305,2,30637,8113278,Panchayat
557,9684442,14,11478,4810711,Panchayat
558,21981655,14,74295,20697617,Municipality
559,4592497,7,99959,1644007,Municipality
560,31007273,1,6820,25178877,Panchayat
561,27992547,11,44982,27780712,Panchayat
562,26721508,8,96590,4167009,Municipality
563,25880230,13,83089,5848572,Municipality
564,39470561,5,28291,15377244,Panchayat
565,13887958,10,68851,13220470,Panchayat
566,11823303,18,43681,21090920,Municipality
567,8560620,3,70624,25604134,Municipality
568,32786763,6,84978,29623753,Panchayat
569,15742355,1,49997,19570613,Panchayat
570,49380300,18,91140,8568165,Panchayat
571,17288626,2,94973,19717955,Municipality
572,43136178,5,68516,14492772,Panchayat
573,25643940,7,86401,16865609,Panchayat
574,39160521,18,89611,7109940,Panchayat
575,31341043,14,36673,12652158,Municipality
576,42482171,3,6839,16980340,Panchayat
577,35231438,12,52550,22724030,Panchayat
578,48064512,5,75891,3774575,Panchayat
579,3496004,5,25154,27685285,Municipality
580,11867882,9,81729,7504223,Municipality
581,2632281,14,49832,16095123,Municipality
582,42376605,19,67257,25212808,Municipality
583,8488754,13,50958,13526319,Municipality
584,1228621,11,71608,27671175,Panchayat
585,44379418,7,82300,18898483,Panchayat
586,43285162,9,93501,26298935,Panchayat
587,38068050,17,18481,10495370,Municipality
588,15566920,6,31249,18204624,Municipality
589,35855092,12,67940,15728477,Panchayat
590,18978055,4,48668,29321149,Panchayat
591,8250744,3,85432,19301469,Panchayat
592,46693638,17,95866,12718083,Panchayat
593,18530850,18,11556,25940676,Panchayat
594,38948149,8,67475,7414037,Panchayat
595,36057633,12,73173,22923953,Panchayat
596,27639829,12,23699,14075984,Municipality
597,45229911,13,8004,16476457,Municipality
598,48018508,2,63904,25127330,Panchayat
599,7084543,8,30583,4737689,Municipality
600,37696878,18,38848,22480058,Panchayat
601,10575978,15,93573,21905198,Municipality
602,17850264,7,58973,7215156,Panchayat
603,28197986,7,37817,21211690,Panchayat
604,5159602,4,10105,10278519,Panchayat
605,23602835,15,1909,14120367,Municipality
606,35895994,13,76342,22352826,Municipality
607,41210448,9,28294,1840349,Panchayat
608,19684781,14,62889,10216891,Panchayat
609,33987610,14,86070,16539741,Municipality
610,6957386,19,89741,26245278,Panchayat
611,49525871,3,76430,5049954,Panchayat
612,28489167,8,23611,24007209,Panchayat
613,30633335,18,69846,20957301,Municipality
614,34004705,1,93455,28795936,Municipality
615,23786350,10,57187,12902396,Municipality
616,12221230,16,92305,25938610,Municipality
617,41472348,17,93674,5215433,Municipality
618,24239771,3,69614,2634993,Municipality
619,41812018,12,15625,16907668,Municipality
620,12392127,4,52446,4973906,Municipality
621,32252870,14,21058,16907010,Panchayat
622,3317702,5,45514,28158016,Municipality
623,33531480,1,79256,25573345,Panchayat
624,48488972,3,22151,14066020,Municipality
625,41170677,7,89339,3882073,Municipality
626,23227021,19,49515,28856660,Panchayat
627,1250976,7,8101,19010182,Panchayat
628,16787112,12,5904,20002434,Municipality
629,20313439,7,57364,26654259,Municipality
630,23035658,1,19589,18973506,Municipality
631,10917968,4,13573,28405694,Municipality
632,22459924,14,43773,10652244,Municipality
633,43676725,1,5311,2325849,Panchayat
634,38728823,10,28733,12721883,Panchayat
635,22067450,19,80131,27496765,Municipality
636,18839998,1,31943,27463608,Panchayat
637,15431694,15,99940,11819120,Municipality
638,12451799,14,10753,1165860,Panchayat
639,2291965,11,25072,19479071,Municipality
640,23636467,11,31093,10419986,Municipality
641,35808379,12,74967,5226092,Municipality
642,41743571,6,64017,10404426,Panchayat
643,14900534,19,67511,17737325,Panchayat
644,14792864,1,53463,14877409,Municipality
645,8348971,13,95123,5148937,Panchayat
646,38840351,10,72114,18844423,Municipality
647,29639570,17,99797,8257466,Municipality
648,30172794,8,30921,23873030,Panchayat
649,2909489,12,66531,18004743,Municipality
650,21032388,9,20131,19442573,Panchayat
651,5404724,1,56062,21200073,Panchayat
652,17730676,8,2360,1193428,Municipality
653,40828570,16,14440,19208578,Municipality
654,8936533,19,79454,19973270,Municipality
655,41755835,6,18733,20518245,Municipality
656,29008779,13,20519,21610233,Municipality
657,25149739,13,26609,19128370,Municipality
658,15334416,18,69889,2470088,Panchayat
659,7900641,5,39262,8965002,Municipality
660,12796806,1,71909,23063239,Panchayat
661,19529627,16,23582,28786088,Panchayat
662,31709498,2,91249,5009827,Municipality
663,27762832,11,41371,13768039,Panchayat
664,29437471,6,25339,13670403,Municipality
665,48120841,14,8884,5812471,Panchayat
666,24944342,11,83588,27536352,Panchayat
667,46126774,4,55220,1086033,Municipality
668,22607591,12,18201,27406742,Municipality
669,22315944,9,33326,13921401,Panchayat
670,34336877,14,90808,16751953,Municipality
671,23904221,16,50408,15765399,Municipality
672,44722049,14,80885,7164621,Municipality
673,27934845,8,59748,25574986,Panchayat
674,17828765,9,68669,12904811,Municipality
675,25710393,8,79720,28945912,Panchayat
676,38094441,4,92320,12614543,Panchayat
677,32237585,4,88087,13956725,Panchayat
678,40902875,18,96195,12716184,Panchayat
679,15231155,5,23179,27972772,Panchayat
680,49223154,6,57581,28046288,Panchayat
681,40800792,15,92178,16736504,Panchayat
682,5809679,3,14354,25860517,Municipality
683,48712774,12,95896,12974272,Municipality
684,27357107,14,81051,5385076,Panchayat
685,18592063,2,23119,27037467,Municipality
686,6281917,4,74716,6190118,Municipality
687,12962892,10,44809,17854946,Municipality
688,49405327,3,50575,16631541,Municipality
689,34261940,18,3161,9452497,Panchayat
690,23300231,2,99064,8372421,Municipality
691,38170075,15,63097,12478643,Municipality
692,33612230,4,14692,12963884,Panchayat
693,36050511,18,97483,7432892,Panchayat
694,19336599,17,82228,4677318,Municipality
695,23272017,14,2168,14774738,Municipality
696,32657256,7,4769,7269117,Municipality
697,12031202,16,30022,22571616,Municipality
698,18994530,16,32222,16226751,Panchayat
699,18796357,17,58210,5282553,Municipality
700,43602066,1,17977,18896281,Panchayat
701,33255910,3,95337,12262552,Municipality
702,47979337,4,48548,12689287,Panchayat
703,31824947,3,67641,2659616,Municipality
704,36249105,1,24511,6685334,Panchayat
705,29336526,6,65069,20476656,Panchayat
706,49857860,19,94079,2867421,Municipality
707,25217072,3,7814,7079156,Municipality
708,14033815,11,75126,25428362,Municipality
709,49590021,10,17252,8864668,Municipality
710,11585681,8,57343,29209716,Panchayat
711,5726981,3,8476,12717373,Panchayat
712,26108616,16,66290,23087368,Panchayat
713,32968198,3,26463,13426575,Panchayat
714,30544173,14,60946,11889081,Panchayat
715,45568929,19,92087,16428402,Panchayat
716,14766268,15,53314,15994814,Municipality
717,29947728,1,13710,9352641,Panchayat
718,41342179,10,5680,1193034,Panchayat
719,24764075,7,34240,10040184,Municipality
720,31126762,17,1011,26370893,Municipality
721,37035640,12,15550,24669065,Municipality
722,33705543,13,70885,20472581,Panchayat
723,35896648,9,887,14583973,Panchayat
724,27465314,19,75026,21304581,Panchayat
725,11132930,9,57948,4990120,Municipality
726,47517014,18,1121,6912091,Panchayat
727,38960651,3,3467,25564717,Municipality
728,11212566,11,15754,9746808,Municipality
729,4128691,9,69193,14220875,Municipality
730,8738324,14,1093,12905678,Panchayat
731,36292545,4,36783,8756645,Municipality
732,18902255,11,38828,28794339,Municipality
733,39386371,5,2586,22699313,Municipality
734,23205103,9,3104,11496368,Municipality
735,34560677,5,42598,5186038,Municipality
736,33747783,19,53429,8523408,Municipality
737,47424442,3,13502,21138419,Panchayat
738,16370860,18,11616,26965951,Panchayat
739,34295294,16,3164,5227624,Municipality
740,41115883,7,3174,27653534,Panchayat
741,43356938,10,66084,16832908,Panchayat
742,14836465,17,8400,1275229,Panchayat
743,10452035,16,45060,21391639,Municipality
744,1592887,2,78068,24738039,Municipality
745,33718190,13,1691,8076962,Panchayat
746,42910464,14,52808,29846814,Municipality
747,10011626,3,22640,24770853,Municipality
748,26258400,11,67407,16403990,Municipality
749,5798940,12,23454,26124126,Municipality
750,27103153,10,4638,24529025,Panchayat
751,18795011,10,88265,26850827,Municipality
752,41491451,8,7020,14418987,Panchayat
753,8766776,15,28605,11294312,Panchayat
754,41188651,18,17779,8168529,Panchayat
755,17069909,4,49481,6018403,Panchayat
756,14390170,1,59542,13643322,Municipality
757,36870653,3,40950,26848902,Panchayat
758,6534082,8,52080,653172,Panchayat
759,40928541,16,4309,20262208,Municipality
760,37987147,4,80770,28945083,Municipality
761,16057430,11,8233,27723806,Panchayat
762,29774384,18,18751,24611489,Panchayat
763,7603303,5,12085,8165856,Panchayat
764,1808537,7,68528,14920043,Municipality
765,24897878,1,70636,17670403,Municipality
766,40873004,16,72166,24314051,Municipality
767,10154964,14,18888,2970615,Municipality
768,49150342,18,49192,23544209,Municipality
769,38044773,19,94011,9065102,Panchayat
770,18457752,9,5176,27330631,Panchayat
771,49365263,7,68049,16567985,Panchayat
772,24515211,4,87335,13883240,Panchayat
773,41449497,2,96383,26168094,Municipality
774,27613919,10,12305,6437282,Municipality
775,2470101,18,57635,28962746,Panchayat
776,37891541,6,59279,2594291,Panchayat
777,37903105,10,92465,26320019,Panchayat
778,20277750,10,24813,26490451,Panchayat
779,46178209,8,20198,1556208,Panchayat
780,27938264,19,33567,6991810,Municipality
781,38476234,16,15630,5293690,Municipality
782,42086251,19,86253,21637061,Municipality
783,31060919,8,34213,22202042,Municipality
784,45634111,4,81918,9310790,Municipality
785,47242182,13,59017,9323794,Panchayat
786,29249489,16,41282,11261646,Municipality
787,25453213,9,17946,3453696,Panchayat
788,9109908,14,15326,13924323,Municipality
789,24376906,2,28067,28415806,Panchayat
790,15909099,16,63802,22029908,Panchayat
791,8517435,7,29571,7805938,Panchayat
792,24702755,14,66532,10210859,Panchayat
793,3274073,9,69142,9514317,Municipality
794,8691404,15,87526,3932260,Municipality
795,1960477,15,74890,21254049,Municipality
796,9532320,18,38246,17742566,Municipality
797,16406502,3,24345,22947655,Panchayat
798,20631752,11,84454,15024928,Municipality
799,21792683,3,96193,14445695,Municipality
800,8388361,11,20372,9659004,Panchayat
801,14489089,7,31818,22287260,Panchayat
802,1984911,9,3327,13439149,Municipality
803,24974605,4,70135,11664293,Panchayat
804,43739483,10,90458,29667092,Panchayat
805,6636259,6,75864,22385328,Municipality
806,41957201,8,30509,11746199,Panchayat
807,37649715,3,11095,10650998,Municipality
808,13019079,2,62964,2383575,Municipality
809,13822474,18,86647,5958446,Municipality
810,34907538,11,42938,29607203,Municipality
811,15192997,2,43089,9323276,Municipality
812,47144749,9,3534,2347167,Municipality
813,45498763,12,92316,14306246,Panchayat
814,43457796,4,42548,29746278,Panchayat
815,22352955,14,54960,772606,Municipality
816,20093485,11,20946,13879385,Municipality
817,8377329,3,78909,28965214,Municipality
818,14600556,10,15641,28857057,Panchayat
819,10792311,3,90691,26922492,Panchayat
820,28470390,6,29094,1351881,Panchayat
821,42189725,1,86892,12255869,Municipality
822,19394440,17,74141,1536378,Municipality
823,19002993,9,53352,5523296,Panchayat
824,36968880,16,68725,14383941,Panchayat
825,26502393,8,91430,2411167,Panchayat
826,14906509,5,18665,3938513,Municipality
827,24556325,8,58812,14502658,Panchayat
828,27887426,18,35925,2921889,Panchayat
829,2790720,4,76526,26402796,Municipality
830,3005896,11,97206,599330,Panchayat
831,30643479,13,35062,24124848,Panchayat
832,41487416,1,15085,28721141,Municipality
833,10358341,7,21224,5834054,Panchayat
834,15299385,17,85574,21812631,Municipality
835,18321499,6,51229,24913785,Municipality
836,15303685,19,16878,17820309,Municipality
837,46726742,16,97085,2704583,Municipality
838,31461742,12,73151,11444762,Municipality
839,29215645,8,52709,5088406,Municipality
840,6204025,7,5056,26518594,Panchayat
841,28092861,15,79514,12701176,Municipality
842,29943932,2,99802,29859608,Panchayat
843,30582571,10,46733,17247977,Panchayat
844,10402646,19,19036,19011089,Panchayat
845,48121656,12,59863,25817176,Municipality
846,16533409,17,3999,884949,Municipality
847,17603558,16,34026,1418353,Panchayat
848,48436565,5,42920,13851480,Panchayat
849,13230938,12,5323,8609559,Panchayat
850,11822973,19,89731,29185081,Municipality
851,42125401,17,21211,24388789,Municipality
852,25131896,4,16131,28052260,Municipality
853,26203760,11,23664,19576802,Municipality
854,7924750,10,47381,13302230,Municipality
855,31644281,11,22750,7872340,Municipality
856,40249262,3,27658,24471386,Municipality
857,21637897,16,2620,3753128,Panchayat
858,40810782,8,87845,15268052,Municipality
859,45317345,9,34017,24779058,Panchayat
860,2247913,16,18323,5221986,Panchayat
861,1854792,8,12054,23298892,Panchayat
862,10768762,15,10829,23010650,Municipality
863,31914732,8,80105,11482735,Panchayat
864,39478453,9,78975,25539733,Municipality
865,16806403,11,66747,1896525,Panchayat
866,28166481,8,45863,19646584,Municipality
867,35935565,11,44044,2934241,Municipality
868,39148161,15,45636,17192689,Municipality
869,45457166,12,21541,10433491,Municipality
870,20363248,13,14459,3280509,Municipality
871,42508326,18,15818,2605165,Municipality
872,37575711,5,51124,17426835,Panchayat
873,17345568,7,18986,15345590,Municipality
874,22584839,14,26909,21909920,Panchayat
875,8005169,18,12469,4861963,Municipality
876,30296429,3,36251,17417299,Municipality
877,32777781,15,9398,8215011,Municipality
878,20851607,4,29471,25025099,Panchayat
879,13697860,4,77778,25558500,Municipality
880,4904526,15,36122,22345902,Municipality
881,4835518,14,26355,28435699,Panchayat
882,3181420,17,30191,14638686,Municipality
883,10858643,19,95266,1931692,Panchayat
884,36621754,3,44234,18236778,Municipality
885,22863146,17,96044,12848874,Municipality
886,29762872,3,8341,1576568,Municipality
887,14746234,8,54387,22183940,Panchayat
888,45449834,5,16631,19512608,Municipality
889,18608355,19,86510,27145213,Municipality
890,23641635,19,19298,24252137,Panchayat
891,22139219,2,71469,24289047,Panchayat
892,5624581,13,57549,22796219,Municipality
893,20464573,18,96431,6876474,Municipality
894,41127845,19,93575,27471744,Municipality
895,46768795,1,85961,14126713,Panchayat
896,23068918,5,19771,3405702,Panchayat
897,29980190,15,51550,4236286,Panchayat
898,21745923,17,12441,11556191,Panchayat
899,39735704,13,17814,11757632,Municipality
900,15653600,19,55163,27484656,Panchayat
901,7360365,3,90363,27902024,Municipality
902,44306910,6,48211,12631868,Municipality
903,15563257,13,44804,3642241,Panchayat
904,1018708,10,33914,18628801,Municipality
905,36143359,8,18771,14509507,Panchayat
906,7686409,7,18007,14298420,Panchayat
907,7877110,16,45956,7410114,Panchayat
908,25532308,16,957,14601489,Municipality
909,27348140,1,99826,2537180,Panchayat
910,11387867,18,85546,25360537,Municipality
911,34325690,6,13233,12898424,Municipality
912,10787430,6,45626,21749588,Panchayat
913,7263051,8,8854,16047286,Panchayat
914,20557476,5,65875,3741351,Panchayat
915,37321620,4,64472,16616658,Municipality
916,9734223,14,33778,2401389,Municipality
917,1302450,6,33964,9810549,Municipality
918,11012961,7,91545,818482,Panchayat
919,18401140,10,31894,4426513,Municipality
920,9883979,9,13768,14453906,Municipality
921,42664530,13,6043,21871999,Municipality
922,24087187,15,59169,27110325,Panchayat
923,30065668,18,14820,16584470,Panchayat
924,12783289,5,70251,4587083,Municipality
925,2319460,5,80032,15055145,Municipality
926,31204133,4,11356,3553575,Municipality
927,44043587,11,21002,19215056,Municipality
928,48941239,12,38182,16007575,Panchayat
929,44446308,18,73962,1299784,Municipality
930,34356948,14,66271,21083088,Panchayat
931,26138964,8,29852,24827780,Panchayat
932,44423123,2,36701,2546934,Panchayat
933,49098082,12,47124,9106004,Panchayat
934,6681235,18,54400,1243672,Municipality
935,18068330,14,80531,8931268,Panchayat
936,18999859,19,61699,23449551,Panchayat
937,28379156,3,50735,17565589,Panchayat
938,40632610,6,73291,1522741,Municipality
939,1443660,9,93414,3412155,Panchayat
940,5286489,18,23841,4734535,Municipality
941,43490243,9,59313,4781715,Municipality
942,32586286,6,74328,1560450,Panchayat
943,10197668,14,56795,14235303,Panchayat
944,48340306,19,42621,4053413,Municipality
945,12334927,7,85851,26726243,Panchayat
946,30678426,10,31431,20070767,Panchayat
947,48988321,4,27496,20993862,Municipality
948,8796855,6,21110,27551537,Panchayat
949,33910241,2,73872,563496,Panchayat
950,6813826,19,93470,24567514,Municipality
951,7768597,8,33779,11939807,Municipality
952,9154416,11,20159,23927195,Panchayat
953,45173691,2,75413,29018045,Panchayat
954,28155379,12,74448,12575814,Municipality
955,45852351,16,93719,11779057,Panchayat
956,16766454,1,58200,27681479,Panchayat
957,3671931,10,74476,1330936,Municipality
958,5705962,2,70561,27396359,Panchayat
959,30305351,7,2879,25409538,Municipality
960,4658687,1,45105,27183500,Municipality
961,13944340,6,39072,29769556,Panchayat
962,13416411,6,47033,11267700,Municipality
963,4930797,13,59534,3937681,Municipality
964,30205467,1,91553,9360061,Panchayat
965,34943863,16,21489,23589791,Municipality
966,32037400,4,57504,28171795,Panchayat
967,44075122,19,67912,20921236,Municipality
968,18690564,7,65153,16043893,Municipality
969,49863232,17,22849,14154617,Panchayat
970,47188896,11,92332,15029787,Municipality
971,4383660,10,78566,2917478,Panchayat
972,32470318,17,11588,10428434,Municipality
973,31956571,11,83890,26470694,Municipality
974,17755994,17,49593,3573941,Panchayat
975,9817533,2,96289,20965495,Municipality
976,25697249,8,54750,13974275,Panchayat
977,16689176,3,13517,24340878,Municipality
978,7212234,8,63981,5394756,Municipality
979,15678806,12,72445,10505164,Municipality
980,20348571,3,44148,7602542,Municipality
981,10733611,2,66794,2478550,Municipality
982,43440456,19,94809,17715629,Municipality
983,41852898,13,86289,7400695,Municipality
984,14338773,1,21719,8298475,Panchayat
985,3005097,12,86970,26327031,Municipality
986,46835744,5,13143,26619941,Panchayat
987,10768582,1,88141,21651940,Municipality
988,6672087,14,6817,10509218,Panchayat
989,10260196,12,10268,4718336,Panchayat
990,30680330,13,29716,9094805,Municipality
991,19642949,12,90480,503642,Municipality
992,40013209,18,63850,7180703,Municipality
993,25267800,9,8855,20369570,Municipality
994,6832056,18,84066,8051581,Municipality
995,37083524,10,10371,19358522,Panchayat
996,10597248,17,59009,17193197,Municipality
997,23434573,10,72574,15281026,Municipality
998,45191648,7,93310,28959278,Municipality
999,42309025,15,38393,29607074,Municipality
1000,47884530,6,66538,1808834,Panchayat
1001,37528083,13,20608,20088696,Panchayat
1002,23675134,18,45622,7001864,Panchayat
1003,38042543,6,52662,12438801,Municipality
1004,2170244,3,39641,13049122,Panchayat
1005,44960497,18,20267,26559468,Municipality
1006,41733879,7,69383,5932931,Municipality
1007,8082979,8,30554,21752015,Municipality
1008,1366763,18,29642,26804486,Panchayat
1009,41751559,12,51380,4823798,Panchayat
1010,29243337,18,47758,16664397,Panchayat
1011,40442165,19,67959,1377577,Municipality
1012,8908027,11,67120,13855026,Panchayat
1013,37020146,2,20456,28585702,Municipality
1014,48508101,6,6969,19276051,Panchayat
1015,11011642,1,10741,14090867,Panchayat
1016,15185093,15,60849,29955441,Municipality
1017,8005790,4,22154,23162467,Panchayat
1018,45605384,17,4182,18844551,Municipality
1019,11165723,11,24733,13379909,Municipality
1020,22506972,17,63488,12595130,Municipality
1021,8732150,18,48655,15472288,Municipality
1022,29969074,4,2739,29444442,Municipality
1023,14322621,12,51704,18805555,Municipality
1024,36088628,19,30900,15318327,Panchayat
1025,34993123,15,31497,18845909,Panchayat
1026,44133543,9,17365,19144784,Municipality
1027,42203922,6,83548,24746113,Municipality
1028,14738052,8,76974,16001110,Municipality
1029,13380526,13,55525,5205105,Municipality
1030,19103925,5,65887,18764845,Panchayat
1031,28592535,2,73396,4419931,Municipality
1032,16813376,17,96077,1533272,Municipality
1033,37050150,10,52940,27479157,Panchayat
1034,32795654,12,78013,18353135,Municipality
1035,34556154,14,65405,21586694,Panchayat
1036,3088532,10,90018,9241425,Panchayat
1037,27991914,16,62835,10499040,Panchayat
1038,42958271,17,20593,25443630,Municipality
1039,39501564,4,78859,24215720,Panchayat
1040,29178385,15,88795,20095521,Panchayat
1041,32709582,9,68109,26087159,Municipality
1042,7708478,16,55373,27715444,Panchayat
1043,21527979,14,49177,8428854,Panchayat
1044,36443363,8,61577,3938434,Panchayat
1045,43459968,17,95391,1514008,Panchayat
1046,38003111,3,97656,17443341,Municipality
1047,5407567,1,19817,9785510,Panchayat
1048,49049776,13,79886,18046230,Municipality
1049,18231175,14,20312,27801340,Municipality
1050,26472974,5,72443,16234785,Panchayat
1051,11128155,2,75744,6002659,Panchayat
1052,39655155,10,9477,13871475,Municipality
1053,19599405,5,90074,10507041,Municipality
1054,33622786,14,76360,25130365,Panchayat
1055,15964982,6,22622,8572424,Panchayat
1056,8745332,3,69564,14617326,Municipality
1057,31990679,12,32596,23220486,Panchayat
1058,48182438,4,83444,20677540,Municipality
1059,8672088,9,28127,28563690,Municipality
1060,18406589,8,56252,20561300,Municipality
1061,24497380,17,48108,29699885,Municipality
1062,4037871,14,51771,19688682,Municipality
1063,38045065,5,17481,9323809,Panchayat
1064,26703234,18,62828,16085522,Municipality
1065,30666885,5,53676,14849091,Panchayat
1066,31607202,17,57596,3961287,Municipality
1067,3438745,13,1096,18826478,Panchayat
1068,22371118,18,7350,27171905,Panchayat
1069,45208808,1,68139,16775611,Panchayat
1070,23603438,11,19112,3156133,Panchayat
1071,6997558,3,19757,25692375,Municipality
1072,17493029,8,77692,18183018,Municipality
1073,3541151,3,98817,15021292,Panchayat
1074,12300317,4,12433,18588014,Panchayat
1075,43287388,18,2751,18426228,Panchayat
1076,21856140,3,79852,1581646,Municipality
1077,35362964,16,81299,29452823,Municipality
1078,40594986,3,90452,19716408,Panchayat
1079,35926938,16,24269,17384192,Panchayat
1080,18982695,9,24648,12794488,Municipality
1081,35473931,10,26112,6798570,Municipality
1082,24938304,2,30568,17770336,Panchayat
1083,24739832,11,5791,7571985,Panchayat
1084,6335536,19,96993,28022709,Municipality
1085,38942959,9,1197,27860221,Municipality
1086,44159256,11,23722,8663201,Municipality
1087,10650698,1,4496,3840264,Panchayat
1088,18013800,12,76537,23944605,Panchayat
1089,23535715,8,18535,28889769,Municipality
1090,33436898,12,42841,4549176,Municipality
1091,48322758,8,90967,22558387,Municipality
1092,34832630,5,64252,23469557,Panchayat
1093,44566483,3,97865,8285357,Panchayat
1094,33931964,19,55087,5207767,Panchayat
1095,21954812,9,46624,23239327,Municipality
1096,6974971,4,19366,14825885,Panchayat
1097,8124206,13,96132,22871097,Municipality
1098,48045175,18,90268,29333306,Municipality
1099,37069162,2,46131,4494613,Panchayat
1100,35802954,17,92291,7301741,Panchayat
1101,49893654,13,39490,1655101,Municipality
1102,4404456,7,4974,18530273,Panchayat
1103,10134711,9,77527,21660498,Municipality
1104,8214297,5,3000,24219629,Municipality
1105,43576163,7,79274,25524362,Panchayat
1106,13786731,4,18433,22114733,Municipality
1107,47413545,11,63957,26792733,Panchayat
1108,26526814,3,98097,6282360,Municipality
1109,8596733,3,9085,18284870,Municipality
1110,26481257,1,31439,20316553,Municipality
1111,24123435,11,15126,17114272,Municipality
1112,17845174,6,42986,21260612,Municipality
1113,8730978,1,69706,23207901,Municipality
1114,33987127,6,96245,27101816,Panchayat
1115,46388226,13,24570,23581552,Panchayat
1116,25677331,11,32229,17446145,Municipality
1117,48722240,18,4042,7362116,Panchayat
1118,17387050,14,75057,23412854,Municipality
1119,3592566,3,32168,28061398,Panchayat
1120,46968798,18,75131,4973777,Panchayat
1121,35882213,10,77763,27445116,Panchayat
1122,21151217,12,66737,3542471,Panchayat
1123,33050896,7,74059,28295970,Panchayat
1124,1162998,19,94783,6290511,Municipality
1125,30415186,15,97300,7367654,Panchayat
1126,43005353,17,78852,20440914,Municipality
1127,23277128,19,47484,12245144,Municipality
1128,48819136,2,17984,1974212,Municipality
1129,28504873,1,94450,5440848,Municipality
1130,31292773,11,72487,9180766,Municipality
1131,16151369,19,80092,8669528,Panchayat
1132,37450765,5,55779,26827508,Municipality
1133,6694617,12,50040,11703752,Municipality
1134,28489559,3,21107,17535840,Panchayat
1135,30940445,3,70568,25479976,Panchayat
1136,2358319,16,43737,14717654,Municipality
1137,43475689,15,57943,6451853,Panchayat
1138,35656349,8,5613,3993965,Municipality
1139,30095890,11,3864,17070295,Panchayat
1140,15448649,1,835,4326272,Municipality
1141,10720543,3,93931,21035780,Panchayat
1142,43874767,9,18565,26678879,Panchayat
1143,19613592,18,90824,20294487,Municipality
1144,27107486,11,30850,19531106,Panchayat
1145,47131655,9,8412,14865269,Municipality
1146,44664220,10,5542,2023554,Municipality
1147,36016529,9,2511,9695902,Panchayat
1148,28037074,18,33997,18214674,Municipality
1149,29903198,3,64563,29840432,Panchayat
1150,15628212,4,1300,21097374,Panchayat
1151,31237440,18,19217,11790565,Panchayat
1152,35131715,4,88604,22499570,Panchayat
1153,48229849,14,21597,2772414,Municipality
1154,33652064,16,80979,7651489,Municipality
1155,20346459,15,89548,17884793,Municipality
1156,33162542,19,22750,23265833,Panchayat
1157,13152502,4,21991,14846779,Municipality
1158,38590334,4,691,11039152,Municipality
1159,10506597,15,73984,24981232,Municipality
1160,4748193,10,42174,24755344,Municipality
1161,28117931,17,45634,27141341,Municipality
1162,10941822,10,1055,8636829,Municipality
1163,47465137,15,77499,29364447,Municipality
1164,43873805,13,90743,18240115,Municipality
1165,14850438,2,23181,2985685,Panchayat
1166,10494203,3,99965,2299429,Panchayat
1167,17712474,16,49858,1493714,Municipality
1168,30391215,9,40653,22892483,Municipality
1169,18496247,8,53311,23560290,Panchayat
1170,27638883,13,91469,21778118,Municipality
1171,16264581,10,93626,18583300,Panchayat
1172,2627806,11,23466,27118163,Panchayat
1173,38944312,7,30950,9172107,Panchayat
1174,13727853,15,30269,16268275,Panchayat
1175,2327294,4,10874,17031004,Panchayat
1176,49075871,16,36079,25040791,Municipality
1177,11353603,14,96941,8136548,Municipality
1178,28971233,14,60146,12153328,Panchayat
1179,48492042,17,49271,2486800,Municipality
1180,22874892,7,92646,12698491,Panchayat
1181,30504936,13,32856,26760925,Municipality
1182,22068487,6,11710,10588803,Municipality
1183,8617612,10,65040,11248729,Municipality
1184,13052530,8,18105,5795374,Panchayat
1185,3425789,6,55191,28918101,Panchayat
1186,33817864,9,61035,25668464,Municipality
1187,38195261,7,5423,26654968,Panchayat
1188,33336231,3,44537,2187215,Panchayat
1189,49979447,7,1943,23351448,Panchayat
1190,12797966,17,89351,28444827,Municipality
1191,4588041,2,74075,26980781,Panchayat
1192,2486212,1,77720,8231683,Municipality
1193,15591336,5,71394,1140205,Municipality
1194,34276420,10,46458,8054088,Municipality
1195,19060952,7,37197,17506034,Municipality
1196,24328295,17,51813,27239485,Panchayat
1197,10880431,5,11442,16740379,Panchayat
1198,45194294,19,80059,12794942,Municipality
1199,41565818,6,94580,19435534,Municipality
1200,31952385,15,58450,29273508,Municipality
1201,9594330,1,68766,12070720,Panchayat
1202,38944148,6,70854,6993076,Municipality
1203,8287688,16,11404,18158888,Municipality
1204,33608048,11,1440,26487546,Panchayat
1205,19336756,3,15438,9595102,Panchayat
1206,20492038,3,80380,17651703,Municipality
1207,38856191,18,98393,21818679,Municipality
1208,3342978,8,61929,1577363,Municipality
1209,15159830,16,56277,15497768,Panchayat
1210,1887058,18,13975,21203776,Municipality
1211,11381351,15,46761,29105148,Municipality
1212,10998920,17,43805,25800473,Municipality
1213,19883206,8,9888,28406579,Municipality
1214,37637620,18,55260,6288410,Panchayat
1215,24903085,1,42366,4175855,Panchayat
1216,32282114,12,70688,28360053,Municipality
1217,25488270,11,17364,28572143,Municipality
1218,37221313,10,78052,20680354,Panchayat
1219,29449942,12,3853,4971838,Municipality
1220,38132016,5,82422,23490317,Municipality
1221,28565611,13,21444,29337837,Municipality
1222,32381957,1,58242,24123655,Panchayat
1223,8071896,4,11280,9766511,Panchayat
1224,16149956,14,18249,5772144,Panchayat
1225,1735801,14,65138,25998095,Municipality
1226,26116587,19,99687,28622390,Panchayat
1227,5521610,15,34994,7285035,Panchayat
1228,30373911,16,80446,12369413,Municipality
1229,28258305,8,33251,18583083,Municipality
1230,40062894,8,81070,1839567,Panchayat
1231,33733686,16,18535,21217249,Municipality
1232,32374949,19,95533,29598785,Municipality
1233,28150094,4,37280,29188792,Municipality
1234,24971704,6,10814,16673746,Panchayat
1235,1344322,3,42309,26946942,Panchayat
1236,49580057,4,26459,16097220,Panchayat
1237,21687172,3,21543,21493520,Panchayat
1238,13411716,12,94610,2827676,Municipality
1239,1178752,2,34646,25683646,Panchayat
1240,3844221,17,42193,10241694,Municipality
1241,36637823,13,91873,1524626,Panchayat
1242,41561121,17,25770,9150569,Municipality
1243,4526806,11,8322,1640024,Panchayat
1244,28336035,4,51357,7427739,Municipality
1245,33111660,4,73424,28361070,Panchayat
1246,23643135,13,10102,10003117,Panchayat
1247,22899048,9,39380,24198871,Municipality
1248,24283494,6,65064,6920758,Municipality
1249,29427258,12,12156,13165393,Municipality
1250,2109563,10,48693,29235124,Municipality
1251,10729691,19,82975,28304455,Municipality
1252,25913245,13,32627,7796488,Municipality
1253,29493332,2,36787,13465840,Panchayat
1254,29534906,7,44728,25614213,Municipality
1255,38703581,16,80273,27367846,Municipality
1256,24098989,13,48023,21682208,Panchayat
1257,39527043,15,7326,3503563,Panchayat
1258,47019546,17,45667,16081403,Municipality
1259,33567480,19,4115,29036019,Panchayat
1260,18607934,4,39873,5659337,Municipality
1261,3142745,10,34706,27707805,Municipality
1262,3393968,15,77278,15411379,Municipality
1263,23805875,17,22827,9517781,Municipality
1264,27451997,5,23059,25689527,Panchayat
1265,24290094,14,77908,13527331,Municipality
1266,35809171,3,33365,10706742,Panchayat
1267,4537540,7,61688,17431478,Municipality
1268,48147415,16,68199,18123603,Panchayat
1269,42440526,13,47396,5623350,Panchayat
1270,13595187,18,19693,17516722,Municipality
1271,6346984,1,98416,13134913,Panchayat
1272,39694480,4,96607,19447411,Panchayat
1273,45269771,6,82829,27305209,Panchayat
1274,2286996,12,6532,26957906,Municipality
1275,3686880,4,75304,15411451,Panchayat
1276,49590427,15,62744,29839827,Panchayat
1277,23744467,5,55615,24197758,Municipality
1278,33789254,18,20510,1589492,Panchayat
1279,40977654,19,49723,20142184,Municipality
1280,33864553,12,81873,8944753,Panchayat
1281,46090050,5,99745,5623884,Panchayat
1282,38403384,16,39755,22644881,Municipality
1283,37296987,15,55712,19622881,Panchayat
1284,48916346,17,66382,6181604,Panchayat
1285,27698761,12,50149,10081439,Municipality
1286,1435234,16,15703,14621457,Municipality
1287,25568754,1,12819,25117839,Panchayat
1288,16978107,2,56165,17320474,Municipality
1289,12965158,2,95883,6650589,Panchayat
1290,20676567,7,21698,11502490,Panchayat
1291,27424217,10,10636,2679719,Panchayat
1292,14639479,12,25557,23649181,Municipality
1293,32923182,11,85429,16704762,Municipality
1294,34827160,6,58207,24157061,Municipality
1295,27527575,9,39875,11208511,Municipality
1296,34189085,9,91908,742100,Panchayat
1297,23512738,17,24298,6089456,Panchayat
1298,48983688,3,3806,18161871,Panchayat
1299,31820649,2,47674,3694163,Municipality
1300,44594677,18,9655,6789946,Panchayat
1301,29804046,15,73799,19377964,Panchayat
1302,5183345,10,12655,9247715,Municipality
1303,47417442,2,29103,5055689,Panchayat
1304,22257884,3,45413,10720374,Panchayat
1305,18218248,14,76798,10849340,Municipality
1306,41014095,7,62636,9308662,Municipality
1307,36085375,14,42429,10496198,Municipality
1308,38867672,2,92885,18156853,Panchayat
1309,38951448,6,34993,20873844,Municipality
1310,27470573,16,92122,6391483,Municipality
1311,24563013,16,77497,9614318,Municipality
1312,6221060,16,26826,20652073,Panchayat
1313,8359158,9,47608,20778591,Panchayat
1314,15553084,7,90475,16401128,Panchayat
1315,26010979,7,5444,10779823,Municipality
1316,19960163,4,9763,16147557,Municipality
1317,25340200,14,12640,17764556,Municipality
1318,34757099,2,88941,23772091,Panchayat
1319,35479621,8,25032,7577271,Municipality
1320,42471024,1,2272,11848457,Municipality
1321,6204027,15,50102,27089953,Panchayat
1322,42753655,4,45698,8114501,Municipality
1323,40504218,12,77728,1212614,Panchayat
1324,32906636,14,20223,3837451,Panchayat
1325,8574880,9,13498,10358985,Panchayat
1326,49553431,3,53400,24412371,Panchayat
1327,45347073,13,84649,11805236,Municipality
1328,35057198,14,33653,22488599,Panchayat
1329,9362146,7,45432,5078850,Municipality
1330,44436702,16,26767,19239242,Municipality
1331,48670474,6,15529,22852753,Municipality
1332,44259302,16,40503,9062061,Panchayat
1333,10269883,2,59747,17529999,Panchayat
1334,12010937,5,8142,23099867,Municipality
1335,22434164,4,38210,15807104,Panchayat
1336,19674105,19,59858,10764224,Municipality
1337,34773700,6,43769,4065508,Municipality
1338,33088705,11,48858,17751389,Municipality
1339,32515843,18,54151,16572925,Municipality
1340,36376738,8,94346,24469058,Municipality
1341,17683225,6,68417,22927039,Municipality
1342,34537021,14,61324,17643022,Panchayat
1343,39248063,15,84997,21419165,Municipality
1344,15393875,6,61236,21345718,Municipality
1345,17677043,3,84997,6074339,Panchayat
1346,3625328,5,70492,16754190,Municipality
1347,10903454,1,45938,15654146,Panchayat
1348,16453453,13,60676,20422094,Municipality
1349,4486020,5,76039,17967098,Municipality
1350,43331214,18,17069,21012809,Municipality
1351,16665508,17,42287,8602721,Municipality
1352,32603822,10,8412,2233942,Panchayat
1353,36920876,7,56152,24108260,Panchayat
1354,46489203,16,21250,6376638,Municipality
1355,8729404,5,13804,25613946,Municipality
1356,30944140,13,32307,5197567,Panchayat
1357,39969932,1,48432,27646000,Municipality
1358,21340818,4,74592,4735656,Panchayat
1359,2919420,5,31660,1080951,Municipality
1360,47809719,4,92529,1660477,Panchayat
1361,22367999,14,79160,14982964,Panchayat
1362,49082511,2,64216,23926345,Municipality
1363,8959337,4,51959,16280607,Municipality
1364,29078501,1,79429,7502833,Municipality
1365,3120595,19,89729,13531908,Municipality
1366,15671268,8,99581,3766728,Panchayat
1367,48563564,12,88465,4500199,Panchayat
1368,19356785,18,7279,25219708,Panchayat
1369,36782629,13,53831,3021015,Panchayat
1370,28113645,5,47672,27766544,Panchayat
1371,29434182,15,68382,6516835,Municipality
1372,3887060,17,97560,28760177,Municipality
1373,29867814,13,76393,11458627,Panchayat
1374,28708083,18,27784,29665528,Panchayat
1375,6100203,11,27260,17432248,Panchayat
1376,8991486,12,51611,28442266,Panchayat
1377,20197351,1,11689,1902933,Panchayat
1378,6277733,10,65148,23807374,Municipality
1379,22984066,15,86950,3455641,Municipality
1380,12297174,1,21191,20804826,Municipality
1381,47170803,8,95403,7252817,Municipality
1382,2953160,17,17178,6682641,Panchayat
1383,6139794,2,64372,12617717,Municipality
1384,13893305,10,11482,29355527,Municipality
1385,10627497,14,24119,19541012,Municipality
1386,39032491,16,84722,942332,Municipality
1387,11941804,5,70995,564383,Municipality
1388,29826976,1,26946,24267982,Panchayat
1389,15967687,18,35355,17355474,Municipality
1390,18255353,10,7343,20894169,Panchayat
1391,39816007,7,70411,7846744,Panchayat
1392,22693460,3,39532,28818464,Panchayat
1393,11923201,15,82849,2066097,Municipality
1394,1697673,14,23612,2147832,Panchayat
1395,5834931,2,35039,9433860,Panchayat
1396,44269949,15,32217,20571664,Municipality
1397,13679486,4,30073,10739200,Municipality
1398,6705929,15,82502,1264851,Panchayat
1399,2874033,9,36868,22361743,Municipality
1400,34244222,10,25654,4560963,Municipality
1401,32803251,11,4174,561876,Panchayat
1402,26389644,19,78282,19123355,Municipality
1403,47075277,5,65767,17098712,Municipality
1404,4976362,7,16698,7230836,Municipality
1405,5711946,18,76560,4512530,Panchayat
1406,13774793,1,59953,13845104,Municipality
1407,18838741,8,9262,12170356,Municipality
1408,25996105,16,68682,4131360,Panchayat
1409,17463525,7,51697,1306894,Panchayat
1410,24103177,3,78498,9332594,Panchayat
1411,25963469,15,38321,20442837,Municipality
1412,36519914,9,1442,11676791,Panchayat
1413,46459159,15,5009,10601473,Panchayat
1414,36550116,3,21187,16670714,Municipality
1415,5408923,2,38358,5588944,Municipality
1416,30055874,6,56498,9946841,Municipality
1417,38444100,14,66687,15918823,Municipality
1418,27610872,18,30135,10715231,Panchayat
1419,2415010,16,13507,3393637,Municipality
1420,35051565,3,80215,11226527,Municipality
1421,15645193,16,88198,841025,Municipality
1422,34923973,16,66770,5868773,Municipality
1423,31537775,15,24233,29110708,Municipality
1424,41057015,9,15056,20337641,Municipality
1425,21665952,3,43574,10394772,Municipality
1426,18145229,10,18277,19682914,Panchayat
1427,10095072,18,57554,2099094,Municipality
1428,6574239,8,75957,17104512,Panchayat
1429,5541888,13,26324,27852192,Municipality
1430,38801690,12,76210,2761337,Municipality
1431,26231308,11,55631,11692365,Panchayat
1432,33447930,6,58443,5958438,Municipality
1433,19900581,7,7490,17239960,Panchayat
1434,40500901,9,76861,28409449,Municipality
1435,33486627,9,12726,26328355,Municipality
1436,39082843,15,75739,23291489,Panchayat
1437,26577908,12,22289,26137503,Municipality
1438,17521025,16,74010,22970070,Municipality
1439,11385792,6,92429,25929472,Panchayat
1440,42703406,16,13241,11470977,Municipality
1441,16809831,10,93157,2193884,Municipality
1442,48019992,4,5221,17320485,Panchayat
1443,46215286,6,720,1401374,Panchayat
1444,21131215,2,21471,22589097,Panchayat
1445,45798027,8,75912,19475855,Municipality
1446,15042988,16,43852,28116225,Municipality
1447,5027798,14,74195,3384095,Panchayat
1448,41328811,3,54471,5524335,Municipality
1449,40868804,6,28823,7143407,Municipality
1450,19358412,17,95657,15832470,Panchayat
1451,29807426,10,26336,17422833,Municipality
1452,23502908,3,26129,12935642,Municipality
1453,24655734,1,66552,12593887,Panchayat
1454,23747272,2,22313,2607728,Panchayat
1455,4958499,19,31682,17320889,Panchayat
1456,17564784,11,94011,26630675,Municipality
1457,1446078,12,30951,17516233,Municipality
1458,4930254,19,13827,27901523,Municipality
1459,40075771,4,10249,7231664,Panchayat
1460,45842280,2,32251,22020006,Panchayat
1461,5255111,6,69940,10164612,Panchayat
1462,12552431,19,12460,21131749,Municipality
1463,35022683,11,12761,29290088,Panchayat
1464,47470851,3,61002,10126908,Municipality
1465,19599154,16,34413,27628113,Panchayat
1466,45500293,5,9475,2422470,Municipality
1467,21318884,1,13976,12943533,Panchayat
1468,27644251,19,12713,21547544,Panchayat
1469,26526819,4,65911,16190335,Municipality
1470,4965022,10,32021,22497610,Municipality
1471,19240926,16,35889,19785706,Panchayat
1472,30726733,1,98814,952573,Panchayat
1473,38923801,12,52911,18446697,Municipality
1474,18920816,15,79800,14148033,Panchayat
1475,3928211,4,1016,23539581,Municipality
1476,43807733,1,94166,23408791,Municipality
1477,48632122,11,3327,1054876,Municipality
1478,36901274,7,54376,8193907,Municipality
1479,2724918,18,78712,1525844,Panchayat
1480,40080109,10,62808,19654765,Panchayat
1481,3173420,5,57893,18619824,Panchayat
1482,35366409,12,94727,2445870,Panchayat
1483,14483561,4,42592,13223484,Panchayat
1484,43455946,17,10853,17154373,Municipality
1485,25314942,15,41905,27380471,Panchayat
1486,33958489,12,40718,13505330,Municipality
1487,18668716,6,97717,7535542,Municipality
1488,8172675,10,59974,18672856,Panchayat
1489,42261607,10,10091,15146951,Municipality
1490,33386913,3,93975,16145776,Municipality
1491,21793790,13,54661,7739257,Panchayat
1492,22969705,7,93214,25187246,Panchayat
1493,42448757,17,69936,15665877,Municipality
1494,47934553,12,86172,9223393,Panchayat
1495,39081222,6,83717,29058572,Panchayat
1496,15406602,16,36825,21597561,Municipality
1497,42379013,11,79079,27095998,Panchayat
1498,5849786,14,84864,2369572,Panchayat
1499,44416725,7,81928,2437413,Municipality
1500,25790464,7,41965,16916328,Municipality
1501,48247496,11,54195,22082352,Panchayat
1502,2934251,15,44512,9791494,Municipality
1503,45884827,3,50915,17905746,Panchayat
1504,28143297,4,7994,5279751,Panchayat
1505,2526711,5,96763,10100509,Panchayat
1506,34240248,11,2854,9979355,Municipality
1507,45888171,15,55439,16036038,Panchayat
1508,24432952,2,61738,15270250,Panchayat
1509,31981307,14,58735,21140358,Municipality
1510,43487783,19,64081,28809339,Municipality
1511,31639487,3,82804,14808437,Panchayat
1512,3247019,18,9901,24072306,Panchayat
1513,35736676,8,67197,26861400,Panchayat
1514,35629269,12,45957,21932035,Municipality
1515,12373508,11,87955,12596206,Panchayat
1516,27796950,17,89991,7490603,Municipality
1517,33125245,1,68332,7774185,Panchayat
1518,28772988,11,95960,28833073,Panchayat
1519,46415748,4,51951,18127824,Panchayat
1520,26290931,2,30795,9687441,Municipality
1521,37832621,5,37985,14108488,Municipality
1522,6364116,4,53569,26177178,Municipality
1523,29665333,19,58131,28034663,Panchayat
1524,4153989,10,74181,28936361,Municipality
1525,47423491,5,10330,6705564,Municipality
1526,40843984,5,61832,25569780,Panchayat
1527,27066460,13,24400,20753642,Panchayat
1528,23664779,4,33366,27385195,Municipality
1529,22851879,7,21191,5488761,Municipality
1530,1677128,18,58085,15020671,Municipality
1531,12753848,18,18715,18548589,Panchayat
1532,23336726,9,40586,2353132,Panchayat
1533,26601910,11,11547,10083557,Municipality
1534,11018991,7,65767,10165469,Panchayat
1535,42304058,16,98343,28044689,Municipality
1536,28624277,11,98840,17416605,Panchayat
1537,14329423,1,80021,13720972,Panchayat
1538,37823979,12,88260,15000499,Municipality
1539,25844692,8,92311,17121604,Panchayat
1540,31130506,6,30246,10991270,Municipality
1541,10963640,13,58672,22408730,Municipality
1542,41951736,8,91451,16694014,Municipality
1543,25698308,2,20197,12246023,Municipality
1544,11171671,6,29272,14232722,Panchayat
1545,28943058,16,40414,21287569,Municipality
1546,43631750,10,9421,24185447,Municipality
1547,15941274,13,55295,2186820,Panchayat
1548,11971752,19,17777,7753670,Municipality
1549,18027796,5,1507,13180940,Panchayat
1550,29319131,17,44528,10502847,Municipality
1551,23441807,19,13170,6076596,Municipality
1552,29658435,15,50493,14360658,Panchayat
1553,13678167,7,22087,22985080,Panchayat
1554,14303131,16,65834,11950493,Panchayat
1555,35209904,1,32363,29938250,Panchayat
1556,48342419,12,59479,5581446,Municipality
1557,28142228,14,75417,18144907,Panchayat
1558,37099366,12,71959,10475046,Municipality
1559,45375542,10,98605,10806605,Municipality
1560,33941511,4,20399,20006193,Panchayat
1561,3329652,5,53032,26719577,Panchayat
1562,31064792,14,83817,14952097,Panchayat
1563,23258469,11,8468,24639940,Municipality
1564,7973883,11,31088,22762037,Municipality
1565,17805888,7,54902,24745790,Municipality
1566,48388090,3,83505,28248488,Panchayat
1567,48968760,15,21850,6068853,Panchayat
1568,30508120,1,90856,19289921,Municipality
1569,21149862,4,53136,17737454,Municipality
1570,1128085,11,3276,29915426,Municipality
1571,11822171,1,80388,3678765,Municipality
1572,33692857,2,8963,12012376,Municipality
1573,36490985,12,86798,29691849,Municipality
1574,9526528,12,49514,24933500,Panchayat
1575,12590167,3,26320,2284277,Panchayat
1576,16011704,12,75354,1571085,Panchayat
1577,2553837,4,82664,4921593,Panchayat
1578,12216276,8,12769,9716688,Panchayat
1579,47121796,5,64697,20186173,Panchayat
1580,21882691,5,98156,14489954,Municipality
1581,43903508,17,11160,14565000,Panchayat
1582,47300933,8,9290,25723496,Panchayat
1583,26827603,15,86453,16063879,Panchayat
1584,3748744,13,78777,27616641,Municipality
1585,19446117,15,39089,10405772,Municipality
1586,48190276,18,19353,1378792,Municipality
1587,21350910,18,94230,29982632,Panchayat
1588,8256401,8,70691,26484685,Municipality
1589,30602658,17,43847,20448995,Panchayat
1590,48240713,16,47316,15685970,Panchayat
1591,34592724,11,39394,28010837,Panchayat
1592,34888669,11,65686,17154439,Municipality
1593,42098092,19,90057,28675491,Panchayat
1594,25620524,17,41679,14928829,Municipality
1595,41612324,5,48377,23354054,Panchayat
1596,47513004,14,30152,4410436,Municipality
1597,6823414,17,29674,7274905,Municipality
1598,22780499,5,37209,25362486,Municipality
1599,37017845,16,80661,26876866,Panchayat
1600,45684079,16,23769,2805844,Municipality
1601,46124076,9,71979,23559144,Municipality
1602,38913562,10,8664,21586000,Municipality
1603,19630572,6,43475,22422500,Municipality
1604,4347453,18,24478,19981765,Panchayat
1605,27221229,7,27616,7947009,Municipality
1606,28712091,2,55800,3369163,Panchayat
1607,46965070,4,10079,24920094,Municipality
1608,13799974,18,71359,25089559,Panchayat
1609,35293494,5,64499,3616242,Municipality
1610,12793469,9,66426,26620574,Panchayat
1611,41684659,1,11056,29686372,Municipality
1612,24012353,14,81988,7115703,Panchayat
1613,5665575,18,34712,10959376,Panchayat
1614,4341168,19,74948,15161170,Municipality
1615,32260933,12,29897,21190629,Municipality
1616,11358874,3,49114,17157192,Panchayat
1617,39409396,1,90073,8552425,Panchayat
1618,34355308,9,59344,22661371,Municipality
1619,3379359,10,4031,23455016,Municipality
1620,19337093,15,81667,19285070,Municipality
1621,38666949,10,33278,3445634,Municipality
1622,49916590,17,13913,4438537,Panchayat
1623,2108107,10,9929,9337353,Municipality
1624,2941210,8,64591,22684936,Municipality
1625,29618290,5,27168,15106313,Municipality
1626,41305128,17,35001,1012267,Municipality
1627,22841460,12,71441,9276392,Municipality
1628,48606419,19,82075,6124852,Municipality
1629,42852556,16,21574,17741648,Municipality
1630,7693520,1,69618,8646541,Panchayat
1631,45222780,12,85456,19115602,Panchayat
1632,32480286,15,16918,16028891,Panchayat
1633,1848042,11,60426,26407415,Panchayat
1634,33788627,10,23879,4463426,Municipality
1635,26231230,17,67953,15092978,Panchayat
1636,49844805,6,56299,7109317,Municipality
1637,38084406,7,14146,28815046,Municipality
1638,44745100,16,42011,5952919,Panchayat
1639,49684591,11,32916,5462405,Municipality
1640,24995986,18,42641,4732250,Panchayat
1641,36057665,12,52704,12456727,Panchayat
1642,1497209,6,27188,29933793,Panchayat
1643,27180521,5,6203,21272097,Panchayat
1644,7290914,8,5486,9866724,Municipality
1645,36520762,18,65598,1814677,Panchayat
1646,10690129,1,42985,25562310,Panchayat
1647,37674454,13,13583,27027341,Municipality
1648,22885970,16,94227,28987433,Panchayat
1649,33363179,9,31712,6446414,Panchayat
1650,13611661,4,7727,29117306,Panchayat
1651,7113588,5,58438,22279900,Municipality
1652,33027186,6,87851,6709315,Municipality
1653,26868750,18,41129,2871925,Panchayat
1654,25816399,10,97320,20498250,Municipality
1655,11602762,18,49210,8223654,Municipality
1656,18745019,5,49075,19071558,Municipality
1657,19333095,10,35496,5509635,Panchayat
1658,1729398,17,16873,8582919,Panchayat
1659,36523999,2,72544,24799618,Municipality
1660,2925707,10,6884,6809940,Municipality
1661,49188456,16,63238,27153779,Municipality
1662,18482283,7,44821,12851666,Panchayat
1663,2866505,3,35741,555770,Panchayat
1664,37756153,12,17414,7133346,Municipality
1665,36762170,11,54965,4364418,Municipality
1666,37565680,9,74395,4268591,Municipality
1667,19902863,7,30263,17337935,Panchayat
1668,26236377,4,26174,10379869,Panchayat
1669,4499472,19,63105,29303922,Panchayat
1670,41685613,8,21745,24080085,Panchayat
1671,28545011,9,42822,1818619,Municipality
1672,10322401,16,33835,5223698,Municipality
1673,22081549,14,4099,11270400,Panchayat
1674,13659758,13,23917,21817967,Panchayat
1675,38840184,5,91788,11298815,Panchayat
1676,14621492,2,59838,15254648,Municipality
1677,45382203,2,39794,6113211,Panchayat
1678,12539688,19,25499,9347852,Panchayat
1679,40280738,18,65613,21918877,Panchayat
1680,31854713,14,53601,5711167,Municipality
1681,44294682,8,15267,21874254,Municipality
1682,12817192,5,6582,24554153,Municipality
1683,23454427,14,76593,17598584,Panchayat
1684,30508065,11,88289,15265187,Municipality
1685,6986232,11,23160,28199056,Panchayat
1686,29296394,14,1399,20791056,Municipality
1687,41398960,16,64723,22133393,Panchayat
1688,8423400,13,67556,11839157,Panchayat
1689,18944226,18,67620,3041168,Panchayat
1690,11108982,15,67499,26168469,Panchayat
1691,49260753,19,7337,19364562,Municipality
1692,4666675,14,42814,14450437,Municipality
1693,7434726,14,25462,10519439,Municipality
1694,7134914,3,58444,28659584,Municipality
1695,41291423,17,7447,17642432,Municipality
1696,24612030,5,21638,19770712,Panchayat
1697,3347435,12,95647,29184397,Panchayat
1698,15463624,11,90647,5749177,Municipality
1699,12905407,2,86004,20047773,Panchayat
1700,31242260,6,55246,17186424,Panchayat
1701,4290366,3,44324,1002077,Municipality
1702,30363437,17,36670,29020991,Municipality
1703,44173147,2,26327,13808527,Municipality
1704,8394216,16,6092,4570199,Municipality
1705,38164955,7,24522,1068106,Panchayat
1706,11277555,5,58527,16604318,Municipality
1707,31182723,14,95704,10683015,Municipality
1708,12552599,11,32193,4000256,Municipality
1709,36380100,15,61820,23123469,Municipality
1710,21462094,13,31722,16543102,Panchayat
1711,37248114,7,5253,24327599,Panchayat
1712,38623031,17,34506,3689763,Municipality
1713,36497108,13,61928,24568897,Panchayat
1714,6867462,9,14786,4351885,Municipality
1715,13721158,13,85756,18416842,Panchayat
1716,38100021,16,61312,11437158,Panchayat
1717,33206997,5,40183,11906812,Municipality
1718,19382228,18,29309,6375219,Panchayat
1719,5522177,4,31520,27065119,Municipality
1720,7159978,13,29709,19961582,Panchayat
1721,11154136,1,17045,18307183,Panchayat
1722,41212624,4,37098,29177273,Panchayat
1723,13768988,10,11958,935224,Panchayat
1724,43121670,3,91921,11244981,Municipality
1725,31787918,9,60297,24642845,Panchayat
1726,41904000,5,19918,23585468,Municipality
1727,19396733,4,23116,28491726,Panchayat
1728,9127846,5,63779,26232375,Municipality
1729,40252147,12,82709,24076463,Municipality
1730,49391349,16,4834,21114322,Panchayat
1731,40825787,4,82493,13232662,Panchayat
1732,1631763,17,44331,17153289,Panchayat
1733,6321778,1,93260,12089883,Panchayat
1734,10388392,18,63795,10882361,Municipality
1735,43011084,12,32982,5901105,Panchayat
1736,29884922,6,33800,1561669,Panchayat
1737,16104265,8,50959,15161055,Municipality
1738,13243403,17,90643,22187709,Panchayat
1739,19961532,12,54593,11826162,Panchayat
1740,24160960,2,97640,3622581,Municipality
1741,37166512,16,26034,9618408,Panchayat
1742,38579078,19,66775,6788990,Panchayat
1743,5158016,12,1452,11254248,Municipality
1744,9453194,9,36138,5086604,Panchayat
1745,17519469,13,4054,18295446,Municipality
1746,18365826,6,75538,11299816,Municipality
1747,15282036,5,67182,3191317,Municipality
1748,15769739,16,95274,28757038,Municipality
1749,3487471,10,21686,10804840,Panchayat
1750,12825222,10,33348,15195021,Municipality
1751,34529477,6,40966,28638214,Panchayat
1752,10956188,6,62982,24385055,Municipality
1753,23320046,14,29065,6159198,Panchayat
1754,40054256,5,20095,8780646,Panchayat
1755,4127049,3,44379,18560320,Panchayat
1756,42634972,1,12416,21726210,Municipality
1757,6001547,12,94966,21740396,Municipality
1758,41303731,10,71697,10154777,Municipality
1759,43378508,15,50791,6067405,Panchayat
1760,19048042,1,43324,25893283,Municipality
1761,1557767,11,20801,29475064,Municipality
1762,22375042,14,83702,2303205,Panchayat
1763,2394153,18,72703,28961005,Municipality
1764,49635456,1,9679,22506848,Panchayat
1765,46698168,13,58619,20996022,Panchayat
1766,36233061,2,62848,14354819,Panchayat
1767,10825669,19,77447,20948761,Panchayat
1768,12441191,12,47051,23959501,Municipality
1769,13017530,9,94655,1381007,Municipality
1770,3274684,14,75156,29023594,Panchayat
1771,2762727,12,64514,25400758,Panchayat
1772,32997024,14,75737,8411120,Municipality
1773,49643961,9,90481,658670,Municipality
1774,39640190,16,47283,15695511,Panchayat
1775,24209525,11,24348,10695534,Panchayat
1776,23417719,2,89088,8411370,Municipality
1777,12955307,12,79409,6964212,Municipality
1778,1243490,1,47404,17509398,Municipality
1779,26553922,17,21742,20374152,Panchayat
1780,11381464,7,89253,11413293,Panchayat
1781,19193999,3,23826,18632875,Panchayat
1782,9522299,19,53937,5831816,Panchayat
1783,49349689,12,4138,12805750,Municipality
1784,21921394,6,12004,16020785,Panchayat
1785,46350042,13,10654,14071730,Municipality
1786,44846560,17,29879,2600959,Panchayat
1787,45397249,10,51989,14886834,Panchayat
1788,43084701,4,68851,7908112,Panchayat
1789,19056864,5,90747,9387885,Municipality
1790,33369033,14,2944,25331911,Panchayat
1791,17259551,14,83357,20776724,Panchayat
1792,22093912,17,47884,9061464,Municipality
1793,23562485,15,72044,6762406,Municipality
1794,21752315,1,54427,27203046,Municipality
1795,22443575,19,45062,938832,Panchayat
1796,41008875,5,96322,8709682,Municipality
1797,22302427,17,84248,16631598,Panchayat
1798,13518410,15,22566,25795646,Panchayat
1799,45605436,17,77071,29904012,Panchayat
1800,47653784,15,57867,28992555,Panchayat
1801,42267363,18,58014,5114329,Panchayat
1802,12799750,10,27829,12301385,Panchayat
1803,6514738,1,20302,22431777,Municipality
1804,44712805,10,11758,3919617,Panchayat
1805,13500067,11,99348,15640190,Municipality
1806,8809752,16,43725,625585,Panchayat
1807,9743619,2,98083,23608586,Panchayat
1808,36933344,1,39696,5922270,Municipality
1809,5183649,1,75810,24052742,Panchayat
1810,25256550,5,57648,15252366,Municipality
1811,1919593,6,27890,3837808,Municipality
1812,36784166,9,44692,11501174,Municipality
1813,37191178,19,68213,11423776,Panchayat
1814,3917747,6,25508,878794,Municipality
1815,7138296,9,70755,28338974,Panchayat
1816,25340532,14,66828,23634895,Municipality
1817,40750918,5,77615,5194476,Panchayat
1818,22535413,6,29993,9453683,Municipality
1819,15532212,3,42044,26522874,Municipality
1820,16235710,15,61412,19079670,Panchayat
1821,20058390,18,68347,3908501,Municipality
1822,33356105,2,31012,11919750,Panchayat
1823,26285195,9,30803,24143224,Municipality
1824,9120063,5,87656,15615429,Municipality
1825,40839404,10,77339,4833237,Panchayat
1826,34453699,2,11367,1561676,Municipality
1827,6824166,18,33130,7505616,Panchayat
1828,17555055,9,62825,28200424,Panchayat
1829,30770899,19,14669,9287045,Panchayat
1830,24983041,19,57246,5158415,Panchayat
1831,16314646,5,99705,22892138,Municipality
1832,7829369,13,29914,3993670,Panchayat
1833,45828188,10,6855,12810533,Panchayat
1834,15136294,14,13852,10821838,Municipality
1835,23833775,19,70142,4000920,Municipality
1836,33590314,18,56712,9421503,Panchayat
1837,33636372,11,70668,5139881,Municipality
1838,45000176,6,52808,15411922,Panchayat
1839,30886349,1,60665,8029641,Municipality
1840,20910976,4,79507,3081193,Panchayat
1841,42556150,18,99359,16705470,Municipality
1842,3522512,4,12769,1165325,Panchayat
1843,5678704,4,22514,15676033,Municipality
1844,22452249,12,58058,25803297,Municipality
1845,40870520,17,56946,22563547,Panchayat
1846,36611911,17,81655,10380330,Municipality
1847,23404117,16,44040,24993741,Panchayat
1848,19924964,14,70893,5005560,Municipality
1849,21247747,16,8448,13069941,Panchayat
1850,20681499,17,32948,13961358,Municipality
1851,34387220,5,40655,7465577,Panchayat
1852,46970277,14,97816,6681751,Panchayat
1853,17120600,15,5880,27593813,Panchayat
1854,32649391,10,2167,17545360,Panchayat
1855,41359090,5,59721,29187169,Municipality
1856,3768143,17,28802,5078043,Panchayat
1857,15821981,1,61969,1303763,Municipality
1858,27486193,16,39852,16902119,Municipality
1859,33488788,16,34127,29199158,Panchayat
1860,33194951,19,41120,9900201,Municipality
1861,42224870,13,46353,14371499,Municipality
1862,38949184,2,1927,9807812,Municipality
1863,30565984,10,93003,18553142,Municipality
1864,21805781,19,88274,5593685,Municipality
1865,38763088,13,38500,6460105,Municipality
1866,4325014,19,59651,13736548,Panchayat
1867,22910886,12,46716,9136039,Municipality
1868,37265879,3,71415,9184252,Municipality
1869,44350656,14,27634,23647655,Municipality
1870,7697340,1,75235,29662235,Municipality
1871,38036533,16,68532,20711314,Panchayat
1872,30150611,15,22332,21425518,Municipality
1873,10775875,5,39714,21895723,Municipality
1874,4951470,16,60688,20318278,Panchayat
1875,32967192,13,62019,5165569,Panchayat
1876,21724972,15,15313,6224215,Panchayat
1877,38435063,10,34394,13016239,Panchayat
1878,38012465,10,25661,1190759,Municipality
1879,18281959,13,46987,22863260,Municipality
1880,25140494,6,71939,10792258,Municipality
1881,43707345,11,13039,29460999,Municipality
1882,38656400,10,49539,20403929,Panchayat
1883,12037990,2,12063,29753070,Panchayat
1884,34851486,11,82860,19520707,Panchayat
1885,18109628,7,48653,26047433,Panchayat
1886,47307819,14,64652,4027181,Panchayat
1887,4562180,16,60086,20764050,Panchayat
1888,1775053,5,21413,21358390,Panchayat
1889,16757810,17,52029,29780669,Panchayat
1890,7350673,3,51914,8214059,Municipality
1891,24612209,19,24406,560698,Panchayat
1892,36034885,8,82032,3809828,Municipality
1893,4453564,4,23618,14549983,Municipality
1894,5221252,10,34884,21549214,Municipality
1895,15321265,6,93402,21029823,Municipality
1896,19300649,17,52133,3129902,Municipality
1897,25478708,17,927,1308551,Municipality
1898,28815314,7,67674,19051563,Panchayat
1899,14198453,3,2927,28130055,Municipality
1900,15326093,7,9657,13809453,Municipality
1901,8163296,15,33028,1151857,Municipality
1902,44348772,11,3316,5024728,Municipality
1903,24872907,7,1228,4443566,Panchayat
1904,24797742,12,74107,18991022,Municipality
1905,37741419,2,55887,18418103,Municipality
1906,37113309,18,66953,13533974,Municipality
1907,45170123,14,3140,15434391,Municipality
1908,39807091,16,5454,14600517,Panchayat
1909,7732457,16,17504,5802625,Municipality
1910,39409479,13,12508,11477852,Municipality
1911,21312280,17,95407,11231091,Panchayat
1912,7562577,14,6733,25661719,Panchayat
1913,48860251,2,22303,26865903,Panchayat
1914,18205618,16,55086,21761268,Panchayat
1915,25868221,8,81065,7227369,Municipality
1916,8057264,19,99668,8089794,Panchayat
1917,15099612,11,14542,25611489,Panchayat
1918,14309044,3,39165,28579500,Panchayat
1919,4832778,5,77820,11299264,Municipality
1920,35041352,16,6193,23549001,Panchayat
1921,1150083,3,38066,13016714,Municipality
1922,33862286,11,3727,18777053,Municipality
1923,41941717,13,17274,21258050,Municipality
1924,32327299,2,25654,19667199,Municipality
1925,44243925,18,19823,3486669,Municipality
1926,40326029,1,63700,6582898,Panchayat
1927,46804447,17,54415,11280716,Panchayat
1928,48879659,10,69036,7123042,Municipality
1929,20092095,4,799,22843340,Municipality
1930,42972616,4,14956,8552459,Municipality
1931,26508779,19,70836,5698195,Municipality
1932,47168797,3,80227,4478943,Municipality
1933,9104518,15,82888,22163601,Municipality
1934,15866342,3,56678,20087037,Panchayat
1935,17720218,15,28604,1288869,Panchayat
1936,47681035,10,72369,1897610,Municipality
1937,2970295,14,51621,10034067,Panchayat
1938,47223365,10,60305,25198118,Panchayat
1939,46496776,16,5564,20047961,Panchayat
1940,17345130,4,65462,16971397,Panchayat
1941,14528066,4,96366,16705182,Municipality
1942,9396399,15,78356,8889642,Municipality
1943,43093617,3,17553,24040919,Municipality
1944,33754866,8,90505,1554859,Panchayat
1945,49035853,14,13803,26529928,Municipality
1946,48570457,9,5551,19872166,Municipality
1947,35093150,5,11304,24116514,Municipality
1948,39771897,15,33909,4157032,Panchayat
1949,48551367,17,83728,17392798,Panchayat
1950,32629207,19,84579,15951498,Panchayat
1951,21686032,11,23340,6178026,Panchayat
1952,29323122,19,70921,4900599,Municipality
1953,5343518,7,67821,6639015,Panchayat
1954,9568831,12,72948,24707828,Municipality
1955,5005312,17,92607,23701360,Panchayat
1956,8764078,12,21772,11006898,Municipality
1957,49743407,11,24838,22926417,Municipality
1958,11546576,7,10641,23397797,Municipality
1959,3426493,5,65073,10379035,Municipality
1960,43801533,18,82405,24693035,Panchayat
1961,20427789,5,27298,10155240,Panchayat
1962,7833544,1,87241,1817828,Panchayat
1963,8713087,16,80168,27510069,Panchayat
1964,42950262,10,65773,7780902,Municipality
1965,49510094,9,30128,21641324,Panchayat
1966,7862614,19,48184,17773263,Municipality
1967,48060134,7,17510,15530737,Panchayat
1968,17632872,10,22358,21821594,Panchayat
1969,10080312,3,63093,19420798,Panchayat
1970,1485627,18,63019,11002072,Municipality
1971,11557948,13,39964,26391668,Panchayat
1972,4693344,15,46837,18250408,Panchayat
1973,31536221,18,1283,3935796,Municipality
1974,42896381,9,85114,18803781,Municipality
1975,26269922,9,62926,10127566,Panchayat
1976,23181138,10,45379,15043610,Panchayat
1977,14014970,3,33860,23972253,Municipality
1978,21960823,11,33365,23725914,Municipality
1979,18196990,11,42957,17073620,Municipality
1980,38015454,17,30575,8583226,Municipality
1981,12451478,14,49941,19216441,Panchayat
1982,1373358,8,7418,27771412,Municipality
1983,8922407,6,32928,5963010,Panchayat
1984,29733077,17,44493,3748785,Panchayat
1985,13888594,12,43152,2516413,Municipality
1986,13593050,9,46413,29785627,Municipality
1987,11556499,5,50099,1254021,Municipality
1988,29773190,18,72903,20344641,Municipality
1989,46212307,19,36665,17534888,Panchayat
1990,29590487,8,49841,26334393,Municipality
1991,10374324,8,84724,16887387,Panchayat
1992,22286692,16,54577,4967134,Municipality
1993,40622848,12,24645,20077351,Municipality
1994,19701417,4,84919,8402389,Panchayat
1995,28279716,6,71459,3267434,Panchayat
1996,4134603,2,24777,25189566,Panchayat
1997,24151527,3,37312,12209116,Panchayat
1998,17677055,13,10289,11314238,Municipality
1999,10514344,6,34162,1669084,Municipality
2000,17708819,16,3902,27750056,Panchayat
2001,9199719,6,80528,17660163,Municipality
2002,27736324,8,86057,24741177,Municipality
2003,12463178,9,43060,29340750,Panchayat
2004,44667807,5,18189,12440226,Municipality
2005,41781549,5,63534,21101515,Municipality
2006,7975719,2,97081,13102854,Panchayat
2007,18135685,11,84601,8779160,Panchayat
2008,34729656,1,61108,5340014,Panchayat
2009,40990419,7,90096,28623732,Panchayat
2010,38841391,14,96010,25642662,Municipality
2011,8269063,10,50888,4221157,Municipality
2012,35899504,4,46202,13555259,Municipality
2013,13719720,17,96336,19189989,Panchayat
2014,8682950,14,97964,20631575,Municipality
2015,1760312,17,15589,26083716,Panchayat
2016,25509395,2,44408,13851249,Panchayat
2017,49473866,11,33952,21388937,Panchayat
2018,25700063,15,6493,20734057,Municipality
2019,18870861,14,37079,25379663,Municipality
2020,28704404,13,48531,11375543,Panchayat
2021,16836271,3,15325,13277324,Panchayat
2022,23546094,19,91890,2955545,Municipality
2023,9991771,18,57909,26381580,Municipality
2024,17179604,7,1438,5756152,Panchayat
2025,9738542,4,76898,19985328,Municipality
2026,33464539,7,15103,24728563,Municipality
2027,39204114,13,87831,20791253,Municipality
2028,34320570,3,61647,26351208,Municipality
2029,18878572,15,31296,28980876,Municipality
2030,22991146,15,19089,20997135,Municipality
2031,16506043,3,12520,15106693,Panchayat
2032,35946888,10,12349,6033734,Municipality
2033,39113325,1,95006,9221170,Municipality
2034,21592499,7,43764,11914125,Panchayat
2035,17771127,11,50212,22204637,Panchayat
2036,35562533,11,34978,3985317,Municipality
2037,22707309,2,65384,18080531,Panchayat
2038,44635902,10,10589,8483676,Municipality
2039,12650679,15,18756,18947907,Municipality
2040,1973858,7,66881,638821,Panchayat
2041,4078149,9,47541,14341597,Panchayat
2042,15835632,19,63521,14155386,Panchayat
2043,23354961,8,20316,21159221,Panchayat
2044,14230265,15,53690,18197683,Municipality
2045,8679616,14,35879,16020091,Municipality
2046,4434243,14,38349,22877480,Panchayat
2047,43847104,13,84140,16899971,Municipality
2048,22493761,14,26063,9611411,Municipality
2049,16459822,2,14704,12862573,Municipality
2050,41980437,9,60815,2936107,Municipality
2051,38337100,10,57470,23998417,Panchayat
2052,37315487,17,9319,11351729,Municipality
2053,8414886,6,29245,22981127,Municipality
2054,22469895,19,21501,10227985,Municipality
2055,36550122,8,2690,21647977,Municipality
2056,18345667,13,94628,9573316,Municipality
2057,38682927,1,80029,6128284,Municipality
2058,9183831,17,82934,13025435,Panchayat
2059,2812806,4,26996,26950690,Municipality
2060,44177349,5,62303,21499118,Panchayat
2061,49833953,6,84721,25855626,Panchayat
2062,37387441,19,74559,22363416,Municipality
2063,49615389,9,29229,7229674,Panchayat
2064,37910470,6,46998,5908611,Panchayat
2065,31036604,3,26100,25477457,Panchayat
2066,23245827,9,35055,6384403,Panchayat
2067,34720648,17,52988,4171320,Panchayat
2068,29785615,16,59065,24279340,Panchayat
2069,36855515,11,46957,7331713,Municipality
2070,34717869,10,99738,4403533,Panchayat
2071,43899704,15,59790,15830785,Municipality
2072,9939064,19,38714,5026558,Panchayat
2073,33656531,19,24704,26473897,Panchayat
2074,19261492,15,23842,23978337,Panchayat
2075,42279560,3,94381,23186755,Municipality
2076,33976968,9,73155,24185261,Panchayat
2077,31646925,17,65277,2088665,Municipality
2078,49956643,16,69096,4267003,Panchayat
2079,48429584,7,21013,22638192,Municipality
2080,2904011,8,65793,28379311,Panchayat
2081,11701375,10,19797,12633429,Municipality
2082,36210907,15,9783,8299213,Municipality
2083,11028050,2,26101,17157508,Panchayat
2084,42074816,6,82984,9593652,Municipality
2085,9294334,7,45111,28751357,Municipality
2086,34830901,7,11859,4637584,Municipality
2087,25359941,16,39626,15509431,Municipality
2088,44904978,1,44219,1427406,Panchayat
2089,23713801,11,25715,27321619,Municipality
2090,44550624,10,68599,5361277,Panchayat
2091,43258231,2,53705,3979025,Panchayat
2092,4206814,11,78424,22187983,Municipality
2093,30112492,11,83883,1643555,Panchayat
2094,46825360,19,40748,2952548,Panchayat
2095,14831074,11,27318,25616473,Municipality
2096,20891558,8,5364,3761459,Municipality
2097,47326122,5,60856,24627647,Municipality
2098,38276736,18,15388,20529725,Panchayat
2099,7352254,11,47729,27424385,Panchayat
2100,29306959,19,43462,1324033,Panchayat
2101,7307289,18,34854,5617682,Panchayat
2102,2359089,2,14133,5012672,Panchayat
2103,24957486,13,51587,22219302,Municipality
2104,14593065,12,29364,11969653,Municipality
2105,48423444,14,80624,22958118,Municipality
2106,27890776,7,72983,18675193,Municipality
2107,16778097,7,6167,16874511,Municipality
2108,43647146,14,83350,21334777,Municipality
2109,39103986,18,28486,1954575,Panchayat
2110,42130752,19,42991,930688,Panchayat
2111,13844595,11,19448,9151028,Municipality
2112,26525637,14,96305,13525378,Municipality
2113,8537518,17,64307,3545331,Panchayat
2114,11052139,2,20391,2044519,Municipality
2115,22075087,8,80412,26561916,Panchayat
2116,13899798,17,46775,4071226,Panchayat
2117,4314975,7,95777,6626153,Municipality
2118,41285449,5,40029,15398957,Panchayat
2119,6024696,19,3337,19611564,Panchayat
2120,39170501,19,29920,17604712,Panchayat
2121,47555843,4,54196,29744600,Panchayat
2122,35989564,19,41162,29133820,Municipality
2123,36451089,8,76783,26541791,Panchayat
2124,43125018,9,81172,28493671,Panchayat
2125,45740091,9,28066,22057862,Municipality
2126,8161013,13,62864,11351965,Panchayat
2127,20455641,15,66059,18810823,Panchayat
2128,46678918,12,88907,16434372,Panchayat
2129,14177651,1,21900,10528442,Panchayat
2130,10253974,13,5383,14729132,Municipality
2131,11839788,17,2702,28485403,Panchayat
2132,33936503,14,70699,27118665,Municipality
2133,31093275,13,47138,5075508,Municipality
2134,5753014,3,69318,18073998,Municipality
2135,43748196,12,86066,17939198,Panchayat
2136,29984960,11,64154,12424654,Panchayat
2137,38691514,14,66538,7048505,Municipality
2138,24447514,3,52538,13583715,Municipality
2139,46464109,3,56428,20552009,Panchayat
2140,5633567,3,39661,21232649,Panchayat
2141,15465388,18,86735,7403993,Municipality
2142,9684212,7,64954,17982388,Panchayat
2143,27037619,9,19318,29081310,Municipality
2144,5082559,5,3820,22057912,Municipality
2145,39739747,6,41756,15605796,Panchayat
2146,41604113,15,39146,1622652,Panchayat
2147,14482303,18,70498,22666873,Municipality
2148,25643084,4,26575,20487194,Panchayat
2149,22196336,11,89857,17294259,Municipality
2150,39065864,4,74687,11765123,Panchayat
2151,37254693,6,12361,6021813,Municipality
2152,43596745,12,14084,10256715,Municipality
2153,3886419,14,60365,1061660,Municipality
2154,38358932,1,33909,25088223,Panchayat
2155,23023414,15,81387,16533374,Panchayat
2156,40205189,13,91097,27545736,Panchayat
2157,47036976,11,8126,23661477,Municipality
2158,31266344,17,35027,18230668,Panchayat
2159,45380273,5,23070,19317316,Panchayat
2160,31094473,18,31951,20168562,Municipality
2161,12505482,12,52417,6189607,Panchayat
2162,2455415,5,3061,21923876,Municipality
2163,26244369,19,44260,24708795,Panchayat
2164,1584221,8,38317,6662769,Panchayat
2165,32785574,10,81562,13589425,Municipality
2166,47085733,11,13360,5520859,Panchayat
2167,33622698,15,94159,19218997,Municipality
2168,27152699,12,97663,19625390,Municipality
2169,5099067,8,70016,21593838,Panchayat
2170,41062429,4,32690,22621260,Municipality
2171,21343076,13,90348,5649385,Municipality
2172,44738912,5,45669,26532480,Municipality
2173,20425702,11,74065,27942232,Panchayat
2174,13663121,16,94714,720295,Municipality
2175,22269499,1,68324,16440359,Panchayat
2176,33589245,14,11521,11344106,Municipality
2177,9254802,9,85752,21843560,Municipality
2178,29297266,6,58316,6101735,Municipality
2179,6342029,11,16391,3503028,Panchayat
2180,23782242,7,61253,8852898,Municipality
2181,33612636,7,592,28863234,Panchayat
2182,39085025,14,21820,1362457,Municipality
2183,10016455,11,27428,19082133,Panchayat
2184,11379562,11,19549,6967124,Panchayat
2185,22842792,17,87127,27358084,Municipality
2186,23315285,16,84246,28990388,Panchayat
2187,48431579,5,59201,28278375,Municipality
2188,26268175,15,3145,25207821,Municipality
2189,25321691,13,97762,2425607,Municipality
2190,19095901,4,40681,15426172,Municipality
2191,34603571,7,75623,21491014,Municipality
2192,38644279,7,39684,8942218,Municipality
2193,33995505,11,67328,22915551,Panchayat
2194,2603430,16,65864,8290405,Panchayat
2195,13350939,5,68300,26247766,Municipality
2196,11857943,13,82682,12210661,Panchayat
2197,35113465,5,86788,15532765,Panchayat
2198,22928271,4,85867,17282576,Panchayat
2199,23807451,1,42836,4429127,Panchayat
2200,9853650,15,82446,13377700,Municipality
2201,8103668,15,98923,18311808,Panchayat
2202,6915618,18,64426,21249982,Panchayat
2203,30634152,19,52620,15262620,Municipality
2204,20845476,17,40898,23924809,Municipality
2205,11817096,2,1993,28846628,Panchayat
2206,4337019,12,79486,3552160,Municipality
2207,49760370,14,82515,29108532,Panchayat
2208,27487224,15,12577,3355475,Panchayat
2209,13338941,7,90440,19033645,Panchayat
2210,1858864,13,22630,2377780,Municipality
2211,6725126,14,14729,22940677,Panchayat
2212,46135892,9,90670,8329366,Panchayat
2213,40019917,16,61493,17532794,Municipality
2214,6605326,2,67997,8569057,Municipality
2215,8562389,4,97612,20615541,Panchayat
2216,15160795,4,66558,20101747,Municipality
2217,43626362,16,85981,12272812,Panchayat
2218,36832266,15,16997,25106770,Municipality
2219,40397727,17,89036,15848759,Municipality
2220,7362985,2,44181,21907426,Panchayat
2221,36199594,5,71959,21799255,Municipality
2222,37809360,12,90445,25221871,Municipality
2223,35036004,18,89360,25634349,Municipality
2224,48212427,14,17842,8108041,Panchayat
2225,47042257,17,26070,12019124,Municipality
2226,48018739,16,70082,27692444,Municipality
2227,21305541,13,35450,2230108,Municipality
2228,44581187,9,81497,21280969,Municipality
2229,30621355,13,25299,5733426,Panchayat
2230,30018786,18,65881,12462021,Municipality
2231,16371086,19,14763,2992474,Municipality
2232,17225205,18,37935,26052887,Municipality
2233,4103637,10,26916,28254950,Panchayat
2234,46967171,3,51858,20817040,Municipality
2235,31903542,18,27444,3328212,Panchayat
2236,46162377,18,15988,17194358,Municipality
2237,38077713,14,98259,14652057,Municipality
2238,17714249,1,40843,3833882,Panchayat
2239,8662300,3,64272,11236171,Panchayat
2240,15688245,13,20304,14271985,Panchayat
2241,46465739,17,34757,17410287,Panchayat
2242,45962148,8,77805,6089520,Municipality
2243,29234653,19,870,7568431,Municipality
2244,35527058,6,27175,21413939,Municipality
2245,31077788,7,6548,5962136,Municipality
2246,43187576,7,30330,21294611,Municipality
2247,1262466,16,75820,6589356,Municipality
2248,24565963,6,39563,19769908,Municipality
2249,4065215,12,60650,6746619,Municipality
2250,7370968,1,66855,22384949,Panchayat
2251,3680874,10,98140,2982997,Municipality
2252,32024288,8,25208,9898859,Municipality
2253,31104527,4,99446,16176624,Panchayat
2254,37311271,14,68959,4835854,Panchayat
2255,1082749,2,90366,7360414,Panchayat
2256,20910129,17,24709,10409343,Municipality
2257,11538302,16,33833,29846731,Municipality
2258,40452188,9,81425,4303088,Panchayat
2259,7606855,8,31745,11948244,Panchayat
2260,19734501,4,2657,23068142,Municipality
2261,23908020,6,70507,24922233,Panchayat
2262,24123954,3,3085,12809126,Municipality
2263,11393265,15,86964,29485898,Municipality
2264,45077798,14,73899,28447357,Panchayat
2265,45071448,18,74653,28728117,Panchayat
2266,27542039,17,43433,2087249,Municipality
2267,10806260,9,67733,7649171,Panchayat
2268,28283072,4,95578,26061931,Panchayat
2269,14465322,5,92142,5204042,Municipality
2270,35785769,13,76966,1146999,Municipality
2271,20719077,5,74085,8295844,Municipality
2272,27583357,12,36027,16566856,Panchayat
2273,18676949,16,90828,8235546,Municipality
2274,4617229,8,22608,11646449,Municipality
2275,23118176,15,27432,14025416,Municipality
2276,28692771,19,14931,3079692,Municipality
2277,47323716,7,907,19203291,Municipality
2278,19382368,2,63497,28605604,Panchayat
2279,11833355,15,70188,12327288,Panchayat
2280,14274310,4,19585,2262916,Panchayat
2281,43042248,12,44050,10955726,Panchayat
2282,35809267,12,48117,1003911,Panchayat
2283,17031739,9,12041,24509897,Panchayat
2284,18067253,2,44560,19150722,Municipality
2285,4193721,12,12994,7684573,Panchayat
2286,3828016,12,75961,4124290,Panchayat
2287,12414349,15,86035,27681636,Panchayat
2288,27893466,12,80135,20572019,Panchayat
2289,37097874,9,6229,4249878,Panchayat
2290,21576446,13,898,13687586,Municipality
2291,1262505,5,21257,26021537,Municipality
2292,10894410,6,18991,11019893,Panchayat
2293,21165860,15,65312,12068074,Panchayat
2294,44408207,12,23462,1732494,Panchayat
2295,35832053,14,62408,1656031,Panchayat
2296,21868614,2,93151,6365548,Municipality
2297,49993181,15,92508,24097353,Municipality
2298,32907324,12,79071,12230612,Municipality
2299,30330655,10,40301,682285,Municipality
2300,31761624,3,95227,2001436,Municipality
2301,21675334,5,66985,3112062,Municipality
2302,16113251,16,98953,970039,Panchayat
2303,8187937,12,55156,22026514,Municipality
2304,22486837,13,73137,20723228,Panchayat
2305,22868894,12,28630,3385165,Municipality
2306,44162297,17,36980,7455454,Municipality
2307,4710000,16,3891,21768796,Panchayat
2308,1706351,13,31289,4998411,Municipality
2309,45315306,5,7210,5269952,Municipality
2310,46401705,15,46695,4540007,Panchayat
2311,1388681,19,76380,29586837,Municipality
2312,47528310,5,25657,25540702,Municipality
2313,13087774,18,20180,16062679,Municipality
2314,10586549,2,19342,4795840,Panchayat
2315,2384870,12,61984,5556734,Panchayat
2316,41916444,15,85702,29168569,Municipality
2317,35637429,5,70216,7997327,Panchayat
2318,6917798,4,77799,16149001,Municipality
2319,31905650,11,60387,8083816,Panchayat
2320,8047499,9,29320,10850244,Panchayat
2321,23520806,10,1248,16754822,Municipality
2322,49193339,15,13628,20573451,Municipality
2323,43546025,13,97980,14671525,Municipality
2324,18349568,2,84058,11046068,Municipality
2325,7257769,15,54385,19831861,Municipality
2326,1527727,5,38122,8833938,Panchayat
2327,45371494,10,23527,17058268,Municipality
2328,16324409,10,27464,10774425,Municipality
2329,4030310,9,67002,29438753,Panchayat
2330,2204097,4,32918,9124275,Panchayat
2331,29080153,6,29611,22288748,Municipality
2332,17177009,10,58926,22853326,Municipality
2333,41050783,13,32584,29760460,Panchayat
2334,16682981,14,46263,10405381,Municipality
2335,15431948,8,67543,18395731,Municipality
2336,24268746,11,7469,19543845,Municipality
2337,46563253,6,84390,27756932,Municipality
2338,12026188,2,13441,23791068,Municipality
2339,8240732,7,76610,13000814,Municipality
2340,20054605,7,96495,905498,Panchayat
2341,36146623,18,25988,4274846,Municipality
2342,41794312,12,79694,25464761,Panchayat
2343,6315902,5,73515,7716943,Municipality
2344,13666438,4,51889,20069936,Panchayat
2345,5482207,3,17494,13141176,Panchayat
2346,35239273,18,83897,4832024,Municipality
2347,22186800,7,34757,14343860,Panchayat
2348,33407916,5,85530,21129519,Municipality
2349,22026414,3,41160,7802758,Municipality
2350,39527106,17,95679,13563021,Panchayat
2351,40761201,11,82782,5710618,Municipality
2352,9101152,5,94734,27708968,Municipality
2353,46681631,1,24915,23769099,Panchayat
2354,41443730,9,12016,27351480,Panchayat
2355,48995057,19,34971,28513844,Panchayat
2356,2962305,13,24847,3877358,Municipality
2357,20325648,11,92117,24027923,Municipality
2358,40565263,9,14872,11914244,Municipality
2359,14191220,14,57150,29949577,Municipality
2360,27018168,13,71656,12330613,Panchayat
2361,31151190,16,82311,23191823,Municipality
2362,7966085,8,97680,20259824,Panchayat
2363,17613223,8,56133,521535,Municipality
2364,47411250,17,46515,24978619,Municipality
2365,28776266,19,41264,4580410,Panchayat
2366,20580069,16,7335,17472433,Municipality
2367,32551594,2,96322,20362217,Panchayat
2368,23296702,18,48593,18874223,Panchayat
2369,19507897,4,59414,4015477,Municipality
2370,23799136,11,99365,23282075,Municipality
2371,37208549,12,8427,11567307,Panchayat
2372,8988044,4,33771,6248683,Panchayat
2373,22547931,9,38584,3488591,Municipality
2374,10376027,1,20035,14850904,Panchayat
2375,30060735,11,75477,24448574,Municipality
2376,32762222,14,51710,10359584,Panchayat
2377,25881671,7,2632,13565127,Panchayat
2378,33384037,1,30089,20747535,Panchayat
2379,9076499,2,16691,13104710,Municipality
2380,20249207,7,43988,20217530,Municipality
2381,41741467,5,29739,20600907,Panchayat
2382,39861732,1,81559,21662590,Municipality
2383,48820204,9,89971,24703481,Panchayat
2384,19145579,13,47651,558024,Municipality
2385,21914317,4,27534,4043059,Municipality
2386,5611977,8,19299,8401783,Panchayat
2387,43715191,19,15558,19345580,Municipality
2388,7917138,11,74412,28829316,Panchayat
2389,18799153,10,59538,10688337,Panchayat
2390,24654016,15,32126,22363427,Panchayat
2391,13677335,9,5121,6435111,Panchayat
2392,12816129,2,70346,7509119,Panchayat
2393,48022646,4,16261,12909548,Panchayat
2394,37664594,11,91737,16439499,Municipality
2395,47146893,8,3183,9997408,Municipality
2396,19068313,12,56294,8292318,Panchayat
2397,21347854,12,38794,26007066,Panchayat
2398,34783913,3,25913,1077304,Municipality
2399,30296790,10,48323,2550484,Panchayat
2400,35919346,1,68695,8549133,Municipality
2401,38123266,8,79090,12352907,Municipality
2402,16170653,7,10785,15239939,Panchayat
2403,31645870,8,37862,11816182,Panchayat
2404,8940120,11,34643,1096410,Municipality
2405,5651515,2,7293,11434675,Panchayat
2406,42419309,9,97663,25295467,Municipality
2407,14146996,15,16163,14092291,Municipality
2408,25721687,4,44822,3082667,Panchayat
2409,47031218,12,29072,17814751,Panchayat
2410,27465818,5,53820,10092333,Municipality
2411,27699621,17,3008,6591838,Panchayat
2412,5515362,14,67897,6866812,Municipality
2413,25755502,15,84889,26019117,Municipality
2414,40411269,3,57743,2534842,Municipality
2415,34815984,17,96462,15319105,Panchayat
2416,22040542,9,85707,17478176,Municipality
2417,26566250,13,85319,12699052,Municipality
2418,2373730,7,41577,12736197,Municipality
2419,29206418,16,19756,28651629,Municipality
2420,10954040,19,3978,26195541,Panchayat
2421,42858126,7,78860,12974660,Panchayat
2422,7970710,13,97044,9038883,Panchayat
2423,4802542,16,72508,19091723,Municipality
2424,11745128,17,90005,19452333,Municipality
2425,2099664,7,7158,28988922,Panchayat
2426,16141050,10,26055,25586266,Panchayat
2427,16320423,1,79792,12542665,Municipality
2428,48193008,13,4013,10393868,Panchayat
2429,17474854,14,79029,26520954,Panchayat
2430,31974064,14,86665,14105488,Panchayat
2431,30731023,10,3749,25574191,Municipality
2432,16768980,15,47254,27112351,Municipality
2433,18077244,12,89453,20469824,Municipality
2434,15404993,18,46181,11756561,Municipality
2435,20119758,11,27299,5013956,Municipality
2436,28830179,8,54457,1546137,Panchayat
2437,4969874,16,83582,13494063,Municipality
2438,46842957,11,13492,3669160,Panchayat
2439,37000180,4,14484,1971175,Panchayat
2440,26675401,7,87331,22415284,Municipality
2441,2664377,9,95100,16179373,Municipality
2442,32442430,18,93563,19232369,Municipality
2443,45495860,10,70214,10579564,Municipality
2444,5658681,3,60484,10548973,Municipality
2445,36500365,6,8528,14104701,Panchayat
2446,8649073,4,29039,7570497,Panchayat
2447,47296120,13,55320,21833538,Municipality
2448,45957448,11,46410,2634068,Panchayat
2449,28884145,1,3273,8068678,Panchayat
2450,26389938,3,46407,27327991,Municipality
2451,47503029,1,99812,26215063,Panchayat
2452,24768702,4,22184,1234456,Panchayat
2453,25074940,8,41684,26424027,Panchayat
2454,28140356,16,84925,20114543,Municipality
2455,22041047,14,5730,1190885,Panchayat
2456,15749105,16,6736,28034699,Municipality
2457,42284433,3,96965,578705,Panchayat
2458,39437280,14,28086,28543470,Municipality
2459,38692421,12,46894,1349919,Panchayat
2460,30206894,4,44054,14698944,Panchayat
2461,34223763,12,82667,8737049,Municipality
2462,2502089,8,95393,26203338,Panchayat
2463,48918067,9,20688,27451428,Municipality
2464,29924184,3,73797,1819573,Panchayat
2465,49291817,6,83260,19665641,Panchayat
2466,33672122,12,22443,11582691,Municipality
2467,28699592,17,7486,9214221,Panchayat
2468,46990164,13,10102,21906652,Panchayat
2469,4645353,10,62805,9381532,Panchayat
2470,42798943,1,67209,26814356,Municipality
2471,16017628,11,46763,14123756,Panchayat
2472,17616104,15,88545,5896678,Panchayat
2473,30937090,2,72319,23756120,Panchayat
2474,29689937,3,51551,15208734,Municipality
2475,25193825,17,65611,26813708,Panchayat
2476,3971402,4,93520,16228010,Municipality
2477,3119491,11,57568,25283884,Panchayat
2478,31923665,9,64534,23572869,Municipality
2479,42547319,7,79522,26379770,Municipality
2480,12132994,8,79247,15746990,Panchayat
2481,2339112,7,94728,11568395,Panchayat
2482,38881993,6,5733,6212948,Municipality
2483,9646210,18,46976,8990430,Panchayat
2484,24230417,16,15692,21241525,Municipality
2485,46901079,11,55667,9711881,Panchayat
2486,24891645,18,39553,25303646,Municipality
2487,30511573,1,36604,21982562,Municipality
2488,38317732,7,35885,21121194,Municipality
2489,25473209,8,95944,17743249,Municipality
2490,42820927,11,44631,21491704,Panchayat
2491,48741563,6,63210,28251932,Panchayat
2492,16142577,17,66041,19599867,Municipality
2493,25822627,7,44792,6445712,Panchayat
2494,29607414,13,80723,25306907,Panchayat
2495,34215839,6,29103,29154397,Panchayat
2496,2103256,15,71892,12311294,Municipality
2497,10020459,10,90687,24302948,Panchayat
2498,36202130,8,42405,28748317,Municipality
2499,49699753,6,86647,28777096,Municipality
2500,45296744,2,82437,14921613,Municipality
