town_id,electricity_access,water_access,sanitation_access,road_connectivity_index,internet_penetration,pucca_houses_percent,slum_population_percent
1,95.22,77.42,47.83,5.7,60.71,65.09,9.67
2,69.54,57.83,90.9,3.48,48.49,94.42,25.53
3,64.95,63.6,55.41,6.78,71.63,62.28,30.66
4,96.23,79.5,46.32,5.37,67.08,53.48,13.74
5,85.24,54.91,64.73,7.68,57.56,51.59,36.19
6,61.04,70.61,69.41,1.81,68.93,52.99,28.77
7,90.38,67.97,88.19,7.95,51.78,93.74,22.68
8,97.92,52.53,45.35,1.44,51.63,89.12,14.21
9,80.73,53.33,79.93,2.12,24.79,57.67,31.17
10,60.85,93.01,41.47,1.48,61.45,48.62,12.66
11,61.59,74.4,86.77,6.06,37.04,88.42,37.05
12,75.92,92.83,94.43,1.45,43.04,97.06,35.98
13,81.14,93.5,78.54,5.02,27.28,64.98,14.9
14,92.83,89.11,82.38,6.71,31.56,39.85,31.73
15,98.35,53.68,72.57,8.1,24.59,71.94,24.81
16,72.25,94.0,67.71,9.43,80.49,52.36,7.13
17,86.62,75.6,96.2,5.54,49.62,77.36,9.66
18,74.05,56.21,85.61,3.11,74.14,32.7,5.1
19,78.44,96.86,42.42,7.27,30.77,74.62,13.29
20,81.99,66.82,50.68,7.44,82.54,54.75,0.13
21,70.15,92.98,52.95,7.67,35.45,45.61,33.69
22,87.31,88.46,48.53,1.59,81.47,79.38,10.39
23,60.27,83.56,54.25,6.51,86.71,79.41,24.37
24,77.3,58.88,69.89,9.48,24.54,42.04,24.2
25,89.1,87.02,58.98,4.3,57.13,98.97,0.91
26,68.88,87.98,95.72,3.78,35.69,61.33,12.57
27,98.07,81.21,86.19,5.48,21.1,38.88,16.7
28,91.36,98.82,82.51,1.79,81.61,85.04,0.01
29,94.57,74.16,71.46,5.32,91.73,74.88,33.32
30,71.1,91.47,58.54,2.91,41.05,93.53,37.82
31,85.2,59.47,43.87,5.5,71.89,73.82,4.04
32,92.68,76.15,84.94,2.17,49.48,99.94,36.92
33,97.13,53.49,66.52,1.42,86.76,40.09,12.01
34,84.51,84.69,55.71,1.31,84.64,93.75,34.11
35,74.7,93.3,90.27,8.96,88.67,79.92,24.5
36,94.1,79.55,73.47,3.03,52.69,69.88,13.57
37,79.72,88.42,65.43,4.34,80.27,75.23,34.11
38,94.09,74.32,99.65,9.78,41.7,92.04,25.93
39,89.49,59.33,51.32,5.97,25.25,46.27,0.74
40,92.36,97.5,73.52,8.15,22.54,69.49,1.02
41,89.9,66.8,63.01,8.24,88.35,31.56,15.72
42,61.27,89.39,56.69,9.39,65.07,66.83,31.1
43,87.83,77.48,52.43,3.09,57.25,90.81,15.36
44,61.46,66.5,53.4,1.43,69.39,47.46,18.35
45,65.41,93.06,55.21,5.39,47.52,61.72,35.23
46,86.69,83.2,63.73,4.17,72.63,57.61,17.44
47,97.57,61.76,48.38,2.04,42.21,69.69,8.6
48,70.12,79.73,96.1,9.75,84.12,42.76,39.75
49,96.67,50.67,88.18,9.64,75.02,99.07,23.84
50,91.87,63.5,54.18,4.17,67.27,94.57,1.4
51,91.44,82.49,92.74,9.43,23.92,47.42,25.36
52,97.43,80.53,90.97,5.32,50.37,73.33,28.29
53,68.94,91.96,49.67,7.93,72.98,59.25,30.22
54,71.91,97.95,81.55,3.25,40.19,30.43,12.53
55,89.33,88.54,69.93,2.34,63.73,52.55,37.25
56,97.78,89.95,42.05,9.26,45.51,54.78,5.87
57,93.24,56.06,78.43,1.59,24.94,81.85,34.67
58,73.33,58.55,42.96,7.37,84.83,47.04,5.2
59,69.3,60.98,90.74,7.38,80.81,51.55,9.05
60,77.5,58.19,63.26,8.51,83.86,75.71,3.34
61,93.71,78.42,58.76,3.72,90.01,66.29,2.35
62,63.23,91.51,62.59,2.99,80.37,98.29,14.01
63,97.09,98.26,46.72,4.03,72.2,60.22,34.08
64,76.03,87.19,72.97,8.85,88.39,41.63,37.33
65,84.76,58.99,40.38,1.41,29.3,83.58,25.87
66,83.97,82.42,96.73,6.08,66.82,45.51,10.61
67,63.06,96.02,80.91,3.25,20.25,87.79,36.48
68,86.29,64.79,47.26,5.61,45.33,43.26,39.14
69,68.77,70.72,95.96,2.31,33.14,32.1,8.92
70,77.18,61.68,92.69,9.98,24.98,66.13,33.01
71,87.9,84.74,83.42,4.13,48.88,77.87,3.47
72,63.49,79.02,59.75,9.72,41.23,76.46,10.65
73,69.15,72.13,83.49,8.68,93.28,46.83,36.5
74,88.36,52.01,63.58,7.97,54.85,55.37,5.12
75,83.05,86.33,71.51,1.11,59.58,56.51,39.21
76,97.87,59.16,51.4,7.34,32.39,91.17,32.91
77,74.96,95.78,41.14,6.8,92.83,56.61,21.87
78,88.98,98.33,77.34,3.28,48.83,49.46,13.0
79,94.04,76.52,79.99,4.78,27.38,56.72,11.81
80,93.53,63.59,55.19,3.55,91.84,45.3,5.35
81,81.04,53.84,85.15,6.94,60.02,73.36,11.3
82,87.96,73.47,96.04,8.79,59.7,67.26,20.44
83,62.6,50.64,87.66,8.82,90.83,99.57,21.22
84,62.43,90.23,58.92,9.37,41.63,87.44,3.43
85,95.78,74.33,53.1,7.44,64.06,81.79,21.71
86,92.14,82.31,55.84,2.56,75.97,94.1,17.2
87,67.99,80.58,77.01,3.21,43.37,69.42,20.18
88,89.97,51.15,94.99,2.06,72.79,65.96,18.2
89,80.04,97.23,41.58,2.13,57.2,30.65,13.15
90,89.85,83.82,92.45,5.04,34.77,38.63,6.67
91,67.57,58.67,73.94,5.25,53.23,41.01,34.68
92,64.23,77.77,84.01,9.32,59.88,99.54,19.82
93,73.58,68.57,67.8,3.32,72.86,52.03,34.99
94,80.19,98.74,91.75,6.46,64.74,94.03,7.32
95,88.42,81.09,74.03,7.9,73.56,39.0,37.82
96,66.81,93.6,98.04,1.15,25.33,83.27,33.1
97,94.24,81.28,43.37,8.04,38.32,36.84,33.26
98,73.71,87.87,53.59,2.42,26.11,87.35,2.63
99,89.59,90.87,65.92,3.11,48.92,95.65,35.95
100,77.15,90.45,60.52,8.55,51.36,73.57,23.57
101,90.59,73.2,71.03,1.49,88.4,70.86,8.69
102,67.96,86.51,75.53,5.02,69.81,44.36,39.13
103,83.99,62.5,69.12,2.35,21.37,63.36,29.22
104,99.62,70.0,87.14,4.52,26.67,51.43,29.54
105,90.38,69.23,46.38,4.02,93.08,97.84,37.14
106,66.34,78.93,91.13,4.11,34.3,77.52,30.06
107,72.08,97.6,55.36,8.17,84.06,42.32,18.36
108,75.23,66.73,91.02,6.48,55.5,52.18,11.13
109,75.36,91.9,91.88,5.06,57.67,33.67,14.52
110,96.76,93.35,53.67,5.15,41.95,91.09,22.53
111,78.55,51.79,67.78,8.62,70.98,75.97,21.07
112,85.6,90.41,82.71,1.25,80.56,38.97,32.88
113,81.89,81.78,70.33,4.96,27.9,97.12,23.14
114,67.45,95.77,41.54,2.54,66.09,85.71,11.62
115,76.66,88.7,60.71,1.38,27.52,99.64,9.56
116,67.4,99.0,62.97,1.9,33.8,48.39,28.56
117,93.57,71.23,67.54,7.76,71.32,35.63,18.27
118,87.05,71.08,64.32,3.37,47.19,33.05,1.98
119,83.84,59.27,65.1,5.9,62.46,96.56,23.09
120,89.99,90.39,72.73,7.44,77.38,51.47,12.36
121,68.39,58.58,69.91,7.72,77.1,67.26,38.99
122,88.59,58.07,96.65,4.89,42.52,49.8,37.86
123,95.01,93.9,76.33,3.38,23.32,30.57,27.7
124,80.1,62.14,94.41,2.46,93.42,37.27,27.03
125,65.88,87.3,92.19,1.8,38.84,57.93,23.41
126,75.21,69.95,72.85,4.63,43.26,88.7,21.52
127,93.94,52.64,92.61,7.43,30.04,79.3,29.97
128,67.06,64.39,93.4,5.81,30.38,57.28,8.3
129,94.83,81.95,59.54,5.54,70.47,67.04,0.63
130,69.77,99.98,41.54,7.94,41.82,46.44,9.85
131,85.56,89.64,80.41,7.82,22.71,88.2,35.49
132,76.17,67.12,78.5,7.99,37.65,95.64,21.98
133,70.59,63.11,44.6,2.46,65.33,96.74,23.62
134,81.07,56.09,50.07,5.79,90.94,58.4,39.69
135,81.94,97.4,71.12,1.2,81.99,38.78,30.56
136,99.95,99.25,69.99,4.94,30.8,59.1,12.94
137,95.48,93.82,61.76,6.55,45.92,33.91,24.46
138,64.68,74.64,85.49,9.9,93.01,94.76,16.99
139,83.23,85.49,78.17,6.95,67.84,37.15,35.45
140,60.6,72.76,95.42,5.44,38.27,60.45,25.46
141,97.28,63.83,89.88,4.4,65.86,81.2,38.6
142,86.46,87.95,44.09,9.85,51.09,54.16,1.67
143,65.7,77.9,58.55,5.8,26.48,89.01,32.66
144,89.95,73.89,84.63,7.8,50.35,32.18,34.38
145,89.52,77.85,57.74,2.53,63.33,89.63,20.54
146,83.01,60.63,60.68,5.86,67.38,37.56,16.16
147,95.39,89.71,84.77,6.4,43.47,92.05,30.57
148,66.05,70.22,58.33,9.08,83.43,96.62,27.89
149,71.18,97.08,92.61,3.47,92.19,39.57,21.3
150,92.69,68.24,88.02,2.27,55.11,90.47,9.16
151,65.05,91.16,43.69,7.23,66.36,40.66,32.78
152,98.28,54.84,64.94,6.22,47.83,61.78,39.61
153,79.34,65.26,88.99,4.87,70.19,33.47,12.72
154,73.18,96.53,60.73,2.99,92.56,52.9,32.11
155,73.52,58.43,45.28,4.65,70.29,75.69,30.15
156,62.28,94.83,43.2,1.08,83.86,99.54,20.48
157,72.82,90.83,41.2,3.32,33.87,41.65,36.24
158,92.54,82.14,40.68,8.19,54.95,61.88,19.25
159,99.14,55.42,76.89,1.34,26.8,50.29,24.4
160,93.38,55.78,79.92,2.88,78.94,61.09,36.02
161,88.56,97.35,89.54,3.91,63.82,39.25,11.74
162,72.35,80.31,47.96,3.31,33.5,43.96,37.75
163,65.54,98.67,88.43,5.63,82.73,73.65,23.34
164,72.31,70.95,59.78,8.8,66.7,79.6,20.81
165,90.03,69.51,52.13,8.17,29.33,65.4,37.1
166,75.77,79.41,67.85,4.52,47.3,93.75,10.26
167,82.56,67.6,75.12,8.28,45.06,61.06,33.88
168,96.16,88.5,95.02,5.58,87.54,71.93,32.23
169,95.12,86.55,57.41,4.9,60.18,32.92,33.84
170,70.3,73.25,40.22,2.05,63.54,63.86,9.42
171,67.23,50.67,64.52,7.17,72.07,56.96,38.15
172,92.09,59.0,82.19,8.49,26.39,33.23,0.26
173,84.49,52.3,93.57,3.32,81.86,77.07,17.14
174,79.13,92.4,71.05,2.52,68.62,85.5,7.11
175,78.98,62.25,91.13,4.34,50.43,43.29,9.46
176,66.96,95.0,79.64,6.36,60.22,75.7,7.74
177,69.79,60.69,84.84,2.7,51.53,90.48,17.27
178,91.9,97.7,78.81,4.83,47.49,54.42,11.19
179,96.6,61.14,67.95,4.44,55.63,80.43,17.06
180,88.35,71.61,88.05,5.47,23.13,62.39,38.35
181,69.07,77.24,49.94,4.53,47.85,41.25,2.96
182,67.79,98.28,41.31,6.61,82.84,62.11,24.38
183,93.98,71.12,97.9,2.25,69.27,66.15,30.72
184,63.27,73.54,73.06,2.86,27.97,76.98,30.71
185,70.13,61.34,40.82,4.13,89.56,38.21,29.81
186,84.38,61.39,58.62,3.28,93.37,50.56,0.67
187,77.22,69.74,95.58,9.4,25.97,82.86,16.99
188,93.93,88.51,59.82,5.57,88.5,66.21,39.02
189,85.21,94.72,63.34,4.46,86.08,66.64,26.71
190,80.22,84.65,92.0,8.26,53.28,96.81,34.82
191,87.36,81.27,41.18,9.96,74.88,88.49,28.38
192,89.98,90.08,40.07,9.0,53.72,43.12,21.48
193,74.74,87.32,87.82,7.73,87.56,54.32,12.05
194,96.92,98.95,95.52,8.81,24.39,30.67,39.05
195,91.61,52.87,50.02,2.55,66.8,55.24,39.86
196,61.8,71.17,61.9,8.57,89.51,78.97,10.18
197,71.82,60.47,61.75,6.94,94.24,35.38,25.64
198,90.64,65.97,45.54,5.28,33.18,68.57,17.86
199,74.6,98.46,71.41,5.4,49.69,75.04,4.61
200,69.56,70.03,88.66,9.93,32.34,51.93,1.49
201,89.18,63.08,90.37,1.9,33.37,64.19,39.64
202,98.59,55.67,60.2,2.37,40.36,44.7,0.37
203,60.02,91.21,97.16,6.66,87.15,62.17,32.02
204,73.62,65.64,50.85,8.51,61.54,67.04,10.3
205,98.05,76.07,72.86,3.08,43.28,36.26,39.58
206,72.46,67.95,97.16,7.85,93.19,80.47,22.78
207,90.44,52.58,73.58,1.71,91.71,96.47,21.72
208,81.83,50.27,72.82,6.56,31.53,44.29,8.83
209,72.92,82.78,84.6,5.22,53.82,98.61,22.78
210,68.09,70.73,53.5,3.43,80.4,55.0,35.1
211,75.9,83.42,88.53,5.89,81.79,50.28,39.21
212,88.54,77.66,70.27,5.98,88.43,84.74,34.28
213,70.8,77.84,84.66,1.28,68.88,50.55,27.0
214,73.16,80.42,67.41,2.9,31.68,61.79,17.1
215,84.3,54.73,82.59,4.36,64.55,56.06,36.07
216,67.91,99.84,68.15,8.23,52.76,93.84,29.96
217,97.02,61.06,66.41,4.27,26.77,43.28,38.54
218,65.58,84.47,95.43,4.16,81.32,91.85,38.45
219,67.61,90.78,48.85,5.64,89.48,93.97,22.4
220,93.74,93.22,89.67,1.19,48.91,40.65,29.66
221,62.99,50.58,42.12,9.74,72.78,93.97,3.92
222,72.71,53.69,78.58,7.38,43.35,92.02,6.44
223,81.26,97.46,76.31,8.33,50.1,87.71,0.3
224,67.12,69.02,56.96,4.55,38.85,85.91,20.56
225,78.47,74.52,50.78,6.58,67.37,93.27,29.74
226,60.02,87.31,82.28,1.71,60.71,81.39,27.2
227,70.61,78.21,48.25,9.1,41.19,74.06,20.35
228,68.0,94.2,42.49,8.99,72.47,73.0,32.6
229,70.46,71.17,96.1,8.12,29.47,34.01,6.54
230,94.78,96.98,53.3,5.79,35.3,51.84,13.98
231,97.99,77.81,92.6,9.2,64.31,43.53,36.98
232,60.52,87.94,74.98,3.99,76.59,57.44,31.97
233,83.78,77.08,55.55,3.83,71.53,62.88,4.54
234,98.63,58.25,81.14,2.17,48.28,67.12,9.53
235,88.54,85.77,68.89,1.92,44.24,82.63,5.41
236,84.9,51.94,50.43,3.02,69.74,32.85,18.67
237,87.05,76.95,51.01,3.15,77.06,34.28,8.06
238,64.02,64.0,56.73,3.16,88.07,40.43,0.03
239,99.57,64.45,40.15,2.36,50.13,94.23,7.24
240,93.73,59.33,94.67,2.06,83.09,65.27,16.08
241,81.91,86.4,80.26,5.94,90.05,61.14,12.96
242,73.21,88.13,72.47,7.9,68.64,96.3,24.84
243,98.06,67.17,66.53,2.07,60.34,93.54,31.33
244,63.85,63.95,57.71,4.78,86.86,92.65,5.81
245,65.41,99.93,62.47,8.44,36.15,69.7,5.02
246,70.42,90.18,75.64,4.64,76.51,47.37,13.92
247,97.3,76.29,88.06,7.7,66.21,86.56,31.67
248,81.64,78.56,95.55,1.25,76.73,36.56,30.1
249,75.6,98.88,90.53,4.56,27.49,81.88,28.33
250,91.59,61.32,44.8,3.64,24.3,31.28,19.45
251,82.05,54.65,80.15,4.56,50.35,42.29,19.78
252,64.44,89.01,60.42,1.29,69.75,57.55,0.0
253,88.03,96.13,87.04,1.87,90.02,81.58,35.82
254,92.42,90.36,46.07,6.11,48.71,44.67,36.65
255,73.25,68.23,40.16,5.95,49.85,66.01,21.0
256,85.15,94.03,47.73,7.27,86.56,92.82,26.62
257,88.47,84.08,64.79,8.2,28.05,55.73,32.54
258,95.8,80.53,41.28,6.01,78.73,53.99,14.82
259,83.13,56.16,80.87,3.24,43.68,43.01,35.44
260,84.59,96.84,80.07,6.53,92.88,59.64,34.33
261,60.88,54.7,86.87,1.48,25.53,83.01,33.23
262,64.08,65.2,44.67,7.89,21.51,74.9,37.16
263,60.04,77.19,63.12,7.66,36.84,40.42,11.42
264,72.65,95.02,58.52,2.6,60.31,97.59,22.34
265,80.08,97.0,65.12,1.78,21.79,58.95,24.59
266,79.13,68.09,56.92,3.32,84.42,57.55,15.82
267,99.66,68.82,81.43,3.63,36.25,89.24,11.33
268,70.9,84.35,44.93,2.84,32.18,76.84,21.78
269,65.41,87.27,75.05,1.02,40.31,84.88,13.1
270,95.31,80.44,40.24,4.81,64.71,65.02,12.7
271,85.92,83.47,42.02,7.58,31.9,52.24,38.69
272,66.06,84.93,43.1,7.66,59.07,74.38,6.68
273,76.05,73.44,45.86,5.82,62.42,71.74,24.24
274,70.6,99.42,81.48,7.13,37.67,46.36,36.74
275,60.36,70.49,78.87,4.98,92.6,85.53,6.58
276,74.35,52.1,96.63,3.63,61.63,38.31,24.26
277,69.77,96.54,60.21,7.06,76.41,39.89,21.68
278,83.18,91.66,60.39,6.52,78.69,87.88,23.47
279,90.46,72.63,65.79,1.26,68.94,33.07,31.2
280,60.59,95.41,43.68,2.22,43.16,90.78,21.8
281,79.51,94.29,59.53,2.63,30.95,60.84,15.5
282,60.87,61.32,66.44,3.61,41.92,33.68,22.67
283,89.29,58.98,97.97,5.26,74.63,39.08,3.84
284,64.03,59.26,48.48,7.44,81.03,41.83,7.13
285,76.22,54.86,61.29,3.92,44.37,96.14,31.92
286,97.97,86.89,61.5,3.98,51.96,84.49,6.51
287,77.37,88.89,42.88,1.09,44.37,44.44,34.44
288,75.66,98.42,95.96,6.07,50.42,48.23,13.1
289,64.58,86.33,48.27,8.7,93.82,56.26,14.04
290,75.57,51.45,64.88,3.0,23.47,73.35,25.74
291,87.01,88.68,67.09,9.92,65.49,35.28,22.35
292,92.63,51.28,85.73,3.53,62.43,33.25,39.44
293,90.59,81.71,90.98,7.45,54.32,58.33,26.61
294,69.28,66.86,68.51,1.41,94.81,65.06,28.01
295,90.54,58.81,67.41,1.37,28.92,94.79,12.83
296,66.69,99.51,50.71,2.91,94.78,35.49,25.02
297,66.4,63.98,98.05,3.45,79.94,76.79,5.74
298,65.58,61.18,86.62,2.97,46.57,75.71,12.25
299,79.73,85.2,50.31,2.04,28.69,78.09,34.48
300,88.21,60.68,99.65,2.76,37.51,53.29,21.45
301,98.76,73.26,59.09,9.48,64.56,90.75,23.27
302,67.06,79.35,51.51,6.45,26.62,92.89,4.78
303,65.16,70.94,71.93,9.73,43.18,69.94,0.56
304,66.11,99.5,49.84,9.32,63.79,65.81,11.81
305,86.18,99.81,62.36,8.01,22.28,52.83,30.94
306,73.16,72.41,43.23,7.83,41.27,52.13,29.78
307,70.14,83.97,95.42,7.56,36.24,92.51,25.77
308,75.26,98.1,80.32,7.94,46.39,40.47,25.78
309,69.4,83.52,53.38,8.23,68.25,50.24,33.44
310,87.89,78.0,77.62,4.73,84.08,83.54,38.3
311,72.08,70.47,67.47,7.01,61.59,72.37,14.52
312,79.77,60.15,64.25,1.25,73.61,45.36,11.58
313,68.03,56.34,90.66,5.57,67.62,66.47,15.23
314,73.08,99.94,56.55,5.94,59.39,41.47,19.51
315,81.94,63.04,58.43,8.12,61.98,49.28,39.79
316,69.98,92.92,89.57,3.37,61.0,61.96,34.58
317,79.84,57.42,89.9,5.74,28.0,40.75,29.49
318,99.47,94.18,59.12,7.34,72.74,80.53,18.38
319,83.1,59.83,79.07,3.38,24.71,82.35,33.32
320,62.74,81.66,43.24,4.88,48.45,63.69,6.4
321,90.18,72.41,61.06,9.13,56.61,66.68,16.6
322,95.9,95.06,95.37,9.5,64.04,45.0,30.0
323,88.42,95.64,83.41,6.3,62.63,32.5,23.98
324,80.26,65.7,83.74,7.39,83.42,63.04,25.27
325,84.12,80.3,60.32,6.56,38.91,34.63,16.24
326,86.9,57.16,87.95,4.99,84.35,57.77,22.98
327,65.78,89.33,66.0,9.31,71.06,98.97,10.36
328,68.61,98.71,83.43,8.15,47.89,99.07,22.81
329,67.13,71.96,72.74,1.8,28.92,53.51,27.4
330,73.76,73.82,85.19,4.94,51.3,99.25,0.14
331,65.66,51.02,86.76,5.94,20.72,73.17,22.28
332,85.1,60.61,53.9,2.75,38.12,57.22,31.13
333,81.52,89.26,90.63,4.18,56.86,54.55,21.69
334,84.26,81.75,56.78,7.83,85.74,32.77,3.56
335,61.91,84.65,94.28,6.84,42.18,45.85,32.6
336,74.7,86.07,64.77,9.08,55.85,92.73,12.93
337,80.96,87.23,47.97,3.33,52.55,41.14,0.1
338,93.24,54.89,89.75,4.72,33.74,35.19,2.52
339,77.74,66.83,80.11,8.42,42.57,74.83,5.58
340,92.12,57.15,91.74,9.61,71.42,73.04,21.59
341,61.01,90.97,69.29,6.57,53.42,57.24,16.74
342,78.64,61.42,70.02,4.88,91.48,68.94,13.81
343,60.66,94.08,71.54,2.15,77.74,54.46,35.3
344,84.31,71.48,64.91,8.89,43.74,53.15,14.15
345,74.3,59.3,89.39,8.61,77.81,58.48,9.4
346,87.07,80.66,52.32,7.68,54.74,30.73,3.74
347,74.13,91.93,92.61,8.4,68.64,97.86,34.7
348,75.96,85.81,84.8,2.02,24.7,85.69,26.22
349,66.62,69.32,70.3,2.96,55.49,72.43,14.96
350,69.46,64.3,68.29,2.29,88.07,85.28,4.48
351,99.77,98.24,62.06,4.42,66.38,91.86,1.71
352,63.72,88.05,70.91,1.88,92.76,61.24,5.61
353,74.97,66.49,63.59,3.99,28.61,35.45,32.19
354,71.94,63.03,57.38,9.45,24.53,84.26,36.97
355,66.27,64.91,70.58,2.58,62.36,60.54,23.52
356,88.59,69.87,96.87,4.57,94.78,61.71,9.4
357,63.7,65.56,49.11,2.66,58.62,98.73,16.05
358,90.78,96.77,83.95,2.05,25.32,68.53,20.18
359,98.64,86.89,73.15,1.54,52.01,42.73,14.35
360,95.3,85.51,67.28,7.92,39.68,64.56,24.41
361,98.95,70.73,55.77,7.61,91.75,74.85,20.88
362,68.26,76.44,53.49,4.48,26.74,91.73,7.93
363,75.31,66.75,57.94,3.34,52.73,45.5,13.83
364,78.27,91.32,93.87,1.3,86.56,59.96,3.94
365,78.16,84.7,75.78,9.84,94.53,39.14,5.85
366,95.21,84.46,68.61,8.97,93.89,54.73,21.62
367,83.66,86.51,83.41,8.79,31.21,47.11,10.51
368,97.03,64.7,67.07,4.58,23.97,82.69,14.98
369,74.2,71.41,64.51,9.05,81.6,75.78,1.13
370,97.36,89.1,50.94,2.98,59.15,86.42,28.94
371,89.53,55.21,98.69,8.41,23.63,55.11,37.83
372,80.22,98.64,46.25,9.26,71.98,47.92,9.19
373,94.83,99.73,40.31,5.42,38.4,31.21,4.62
374,62.77,76.8,64.97,4.18,41.84,78.16,18.42
375,95.43,55.39,73.11,3.5,85.9,33.44,16.68
376,83.35,86.03,64.5,4.07,22.62,86.76,0.68
377,60.01,82.56,64.33,1.22,60.05,93.27,2.19
378,99.71,88.78,81.24,2.97,49.41,62.8,35.83
379,88.4,74.58,75.82,1.68,69.23,75.15,29.95
380,61.37,81.18,63.29,3.5,44.18,80.15,29.82
381,85.32,89.75,95.5,4.92,43.83,79.88,1.33
382,68.14,58.36,48.73,1.18,40.91,40.73,19.46
383,68.47,55.89,95.07,5.25,20.63,96.58,33.03
384,84.15,91.59,78.1,5.04,57.81,64.68,32.89
385,97.02,77.86,57.81,8.98,28.89,65.75,28.29
386,94.31,57.77,82.9,6.78,82.26,55.49,7.56
387,97.2,92.73,91.31,5.63,39.24,98.16,12.9
388,63.65,51.32,51.18,4.95,24.67,39.69,31.96
389,82.56,72.41,49.64,4.66,32.0,36.05,19.16
390,60.16,96.25,88.71,3.21,84.57,59.21,11.11
391,88.83,85.69,97.11,4.02,20.51,43.44,36.23
392,62.33,80.29,56.51,1.05,52.58,40.56,21.88
393,87.24,98.96,44.62,3.28,28.97,53.64,29.93
394,67.64,50.86,82.86,4.93,55.98,81.82,20.07
395,80.71,78.18,81.42,5.91,82.2,91.86,29.37
396,99.51,91.35,91.62,2.8,27.51,64.69,25.37
397,88.63,60.17,57.99,5.12,33.1,46.48,12.6
398,61.49,60.79,78.75,1.19,60.14,62.79,14.42
399,91.15,93.29,76.66,8.5,52.43,35.01,8.02
400,71.25,64.67,82.01,2.11,41.84,84.38,35.05
401,87.5,74.11,56.59,6.5,29.95,35.05,18.43
402,97.14,91.7,47.29,7.83,46.99,98.92,3.55
403,72.78,76.27,98.52,6.47,46.93,32.03,38.24
404,84.69,74.65,53.09,6.78,93.85,50.99,11.29
405,98.53,58.1,53.14,6.9,92.02,35.21,11.73
406,83.5,56.67,58.98,8.68,40.72,54.83,24.63
407,77.18,64.87,42.73,4.65,50.14,69.43,13.76
408,62.4,51.11,83.41,8.84,91.55,69.6,20.93
409,68.26,54.0,84.45,8.47,82.04,75.02,17.73
410,86.17,57.72,62.3,1.11,48.05,60.36,17.16
411,90.29,55.2,71.88,1.03,77.22,37.23,2.73
412,75.14,82.89,70.43,7.19,58.89,68.01,22.62
413,84.94,69.2,81.2,6.06,23.01,63.09,0.29
414,73.28,63.74,89.13,4.9,90.62,73.33,25.9
415,61.95,50.56,58.99,3.44,81.58,54.21,9.49
416,85.11,69.61,71.46,2.58,91.49,56.6,3.56
417,87.16,83.73,73.38,9.58,37.85,71.39,23.5
418,95.5,95.04,65.74,3.72,38.54,37.78,24.09
419,76.93,54.84,88.49,8.74,78.45,38.51,39.34
420,64.73,89.54,59.42,2.7,57.59,62.65,7.57
421,91.54,96.62,74.84,5.19,28.84,70.61,22.1
422,69.08,80.05,95.12,9.62,82.24,71.71,34.78
423,84.4,88.51,60.25,8.22,71.84,80.37,21.45
424,97.77,95.24,54.59,3.55,65.98,90.21,5.66
425,66.02,84.8,84.07,6.97,22.54,89.91,21.49
426,75.45,70.74,63.93,9.35,59.09,32.85,23.72
427,88.9,51.76,44.61,2.74,26.5,66.34,18.81
428,64.46,96.89,87.27,7.26,85.31,57.96,14.07
429,95.35,93.59,43.47,8.78,48.38,45.57,16.77
430,65.88,83.59,57.6,7.87,94.59,99.31,33.64
431,72.98,66.95,63.38,1.94,37.7,38.49,26.26
432,92.01,63.11,47.88,2.25,75.46,35.33,31.07
433,65.06,50.8,48.46,8.27,27.17,51.0,5.33
434,78.4,55.28,57.52,6.33,74.3,73.5,26.54
435,66.28,80.7,81.58,4.77,31.28,33.81,14.7
436,87.36,95.42,98.64,7.73,39.13,83.71,37.15
437,78.09,70.66,48.27,6.78,86.06,67.71,27.43
438,63.56,65.12,59.75,2.98,94.9,71.46,28.27
439,85.93,87.71,89.81,9.85,55.85,99.78,36.98
440,67.75,72.3,67.6,1.9,76.75,60.48,18.12
441,95.16,56.27,45.03,3.07,40.98,65.46,11.68
442,64.79,95.2,47.0,9.43,81.51,92.0,7.97
443,70.94,89.01,71.52,1.14,53.03,82.7,30.96
444,61.07,78.27,58.47,6.93,48.23,58.21,12.47
445,78.05,54.47,80.46,8.25,47.09,62.3,23.84
446,67.95,73.47,81.36,4.73,25.53,54.23,9.76
447,69.11,87.54,97.17,3.84,84.46,45.01,22.71
448,91.58,75.23,71.6,5.96,77.64,41.58,37.56
449,79.96,75.12,72.97,4.01,51.76,82.62,38.86
450,84.06,59.11,62.64,7.83,81.27,66.13,17.23
451,86.42,70.32,51.26,4.24,57.06,56.25,5.32
452,95.96,96.85,91.87,4.06,55.86,36.0,10.69
453,86.21,67.12,90.08,6.63,29.39,58.01,27.31
454,64.69,70.92,92.15,4.56,81.94,34.89,23.6
455,78.09,52.93,54.28,2.69,89.16,67.49,9.5
456,61.47,95.87,82.41,3.53,89.01,73.67,22.05
457,65.25,70.45,63.46,7.22,59.93,62.56,18.79
458,65.97,73.93,61.43,5.0,80.04,61.29,6.76
459,94.3,87.99,79.55,3.98,87.94,77.0,11.04
460,81.31,51.25,94.23,7.47,45.48,74.43,35.51
461,70.59,89.42,60.84,7.57,79.76,71.62,35.88
462,81.28,86.26,99.89,2.97,89.9,50.45,39.98
463,84.19,58.13,51.04,9.1,30.71,42.49,31.58
464,68.38,81.1,71.5,1.07,68.83,64.68,13.76
465,61.77,97.7,91.43,4.89,35.07,38.77,30.56
466,91.03,72.26,93.31,2.88,79.55,77.5,13.36
467,86.43,66.95,84.19,5.46,62.76,35.02,15.64
468,69.63,77.32,72.11,3.94,83.8,47.22,4.42
469,97.87,91.2,63.6,6.48,24.98,61.8,0.32
470,66.46,70.1,49.23,4.49,58.23,34.85,27.9
471,64.83,52.55,57.52,3.66,39.91,42.16,35.91
472,96.93,75.51,63.92,5.23,24.46,93.42,10.62
473,72.93,80.48,71.95,1.09,55.08,76.81,23.81
474,96.71,69.7,74.36,4.91,56.1,68.66,20.73
475,63.75,55.07,85.73,9.42,94.03,51.92,23.83
476,65.65,56.55,95.75,3.9,42.98,62.83,1.33
477,89.0,79.28,42.25,5.79,91.42,98.49,9.59
478,88.26,95.12,84.33,4.46,23.34,30.33,14.04
479,70.14,67.48,86.89,5.73,80.66,50.31,2.35
480,89.41,51.27,98.84,8.67,47.02,76.58,39.33
481,78.85,96.5,99.51,4.31,50.03,73.14,7.5
482,73.48,62.14,60.75,9.66,69.36,42.27,31.42
483,88.99,70.05,55.36,3.42,50.79,76.09,35.68
484,86.38,53.11,98.82,7.96,23.81,66.04,19.17
485,91.41,85.58,96.54,8.19,86.48,63.28,29.7
486,64.04,81.74,93.02,9.36,53.45,96.14,22.25
487,93.39,83.1,84.29,3.13,65.97,39.93,10.1
488,75.7,66.37,97.48,4.24,25.24,94.24,37.89
489,60.19,96.67,43.82,1.59,47.57,75.27,18.17
490,91.52,61.42,57.51,1.99,91.75,57.29,25.54
491,90.02,68.64,42.78,9.83,67.05,79.85,26.5
492,79.7,79.76,99.82,9.15,68.86,35.78,3.3
493,95.27,54.58,52.0,2.86,66.57,33.97,33.36
494,72.42,92.54,97.2,6.81,64.61,47.29,6.83
495,94.91,57.63,40.55,7.22,52.35,45.58,9.94
496,93.45,82.92,98.57,1.43,52.93,52.58,27.35
497,61.73,69.63,93.02,8.3,47.22,87.56,22.95
498,72.77,67.92,84.88,1.34,50.53,72.78,30.48
499,68.59,58.88,43.09,4.42,87.0,55.44,15.39
500,76.96,76.33,88.72,9.81,56.33,89.4,31.31
501,77.61,90.77,75.93,3.81,29.42,89.3,12.26
502,85.3,72.79,70.31,1.1,52.47,84.95,15.95
503,93.55,86.91,62.05,8.75,70.24,60.23,3.24
504,98.41,84.1,82.63,9.21,73.89,51.47,38.2
505,79.71,53.21,55.97,7.15,90.74,55.58,8.98
506,97.49,68.45,68.45,1.37,45.66,65.03,19.93
507,87.84,53.27,52.88,1.29,45.09,36.33,15.84
508,85.12,81.0,69.19,3.02,85.39,57.19,30.8
509,75.4,95.56,98.82,5.33,32.41,73.82,18.46
510,92.18,55.94,63.42,5.76,58.32,66.13,29.49
511,97.36,71.19,54.33,3.51,27.6,35.56,22.26
512,84.73,60.49,49.13,8.21,65.94,86.46,19.41
513,88.08,51.86,94.19,1.72,70.13,95.02,6.12
514,85.36,55.76,59.6,6.56,94.22,77.97,24.08
515,60.27,57.02,44.42,3.72,89.16,70.56,0.02
516,84.72,59.3,60.21,5.53,59.03,46.24,13.9
517,97.12,95.57,67.5,3.74,72.67,58.46,13.56
518,70.47,98.24,60.43,6.63,30.29,88.58,10.49
519,60.32,92.02,72.54,6.45,73.02,30.84,15.48
520,76.3,91.7,69.98,1.75,39.23,65.76,26.04
521,97.09,53.15,73.33,2.82,39.46,95.21,38.16
522,60.02,84.8,70.96,1.71,34.29,42.06,25.1
523,86.81,55.58,42.91,6.37,51.26,89.34,3.98
524,95.57,68.2,98.15,8.0,67.95,54.71,1.36
525,81.24,75.58,91.21,2.05,92.46,47.37,39.97
526,93.22,84.92,83.03,8.28,32.58,92.0,27.14
527,60.81,85.48,65.83,7.61,89.51,64.06,36.23
528,63.4,66.82,65.42,7.69,25.24,86.08,20.82
529,86.34,60.2,50.38,1.78,36.53,82.34,7.8
530,78.6,87.54,87.43,3.09,64.37,64.03,19.0
531,95.17,88.12,84.79,5.13,50.44,85.54,32.55
532,72.55,88.42,58.76,9.22,75.12,32.03,38.56
533,75.69,87.22,54.7,3.5,36.51,65.36,36.23
534,61.61,60.75,45.52,8.71,69.87,68.17,37.88
535,80.97,83.93,47.16,3.21,44.47,38.87,29.49
536,94.68,69.93,60.89,9.11,30.53,87.7,17.6
537,97.75,88.7,54.1,5.25,32.57,84.44,14.47
538,94.93,57.16,66.71,2.01,29.0,46.21,29.43
539,82.04,96.29,57.73,4.63,54.71,61.73,30.63
540,76.55,96.16,68.34,3.71,85.47,32.84,36.3
541,71.83,73.52,47.33,4.88,77.35,76.57,10.55
542,70.81,79.68,97.56,4.88,85.99,76.74,6.15
543,75.26,62.8,62.38,2.36,51.46,81.12,14.4
544,90.36,58.95,70.22,5.37,64.14,42.31,9.42
545,73.25,92.4,91.31,7.99,22.27,56.97,27.67
546,61.46,72.07,78.27,2.32,33.67,48.33,5.3
547,78.42,63.51,55.89,2.73,76.4,42.31,39.23
548,77.49,54.74,80.93,2.32,33.05,88.68,11.85
549,74.23,67.36,47.17,5.79,71.55,73.42,6.06
550,76.68,99.96,91.89,4.07,41.49,50.6,25.21
551,95.98,73.9,53.5,8.47,40.4,41.91,11.7
552,65.97,84.33,83.16,6.57,20.86,93.76,2.54
553,81.3,59.23,53.45,9.72,64.73,66.59,0.44
554,68.88,92.21,44.64,1.5,24.52,95.42,11.84
555,74.15,59.05,40.03,1.07,89.74,99.99,28.36
556,80.3,85.16,45.19,4.97,76.33,76.76,18.85
557,66.01,53.56,74.35,7.83,42.66,83.93,6.12
558,86.24,72.3,69.93,5.45,79.97,65.79,20.78
559,80.83,81.49,50.78,8.9,72.22,50.13,9.9
560,87.67,83.1,62.19,1.21,41.97,60.7,7.58
561,74.34,99.34,79.08,2.89,35.84,95.82,20.04
562,98.0,54.83,98.31,3.84,26.3,43.52,24.56
563,66.59,80.15,69.76,7.47,65.26,41.94,11.62
564,90.89,52.75,77.33,8.55,22.05,69.13,20.24
565,71.64,57.18,95.91,9.82,26.4,35.18,22.94
566,86.91,67.58,63.57,5.76,61.2,53.37,31.89
567,93.4,64.48,86.14,8.41,86.66,33.59,14.04
568,79.0,79.31,46.17,2.84,65.52,46.24,9.91
569,88.86,98.24,53.89,8.44,60.69,38.11,30.06
570,91.15,77.9,90.71,9.41,34.34,66.78,11.51
571,70.22,61.37,84.71,9.82,38.94,80.28,30.42
572,67.21,95.99,46.68,9.85,76.53,87.86,37.36
573,81.57,60.22,94.95,5.08,83.91,85.87,24.75
574,89.37,79.58,88.73,2.62,28.85,85.62,20.29
575,98.05,67.74,97.25,5.1,94.72,41.99,22.59
576,77.73,86.99,90.16,3.88,76.47,70.56,28.19
577,61.45,51.16,64.36,8.73,93.27,37.59,15.67
578,89.56,83.99,50.5,3.67,93.21,50.5,2.99
579,90.76,99.98,55.76,9.08,69.22,68.85,8.02
580,82.36,78.92,67.3,9.48,86.98,52.16,38.76
581,69.51,56.51,62.42,2.66,81.08,69.74,22.91
582,87.43,62.6,57.06,7.73,83.13,60.5,4.74
583,99.74,60.12,96.04,4.99,66.21,85.72,28.48
584,93.6,82.69,62.02,6.71,26.36,50.53,13.92
585,87.71,58.09,77.06,5.64,49.05,44.07,10.31
586,91.75,85.94,66.28,6.79,42.08,81.55,31.66
587,68.07,63.45,61.49,9.43,55.54,64.59,38.75
588,64.92,78.62,63.56,6.04,47.09,35.3,21.5
589,69.09,67.2,97.37,7.27,80.48,87.58,29.82
590,92.85,56.17,43.16,8.38,86.62,67.8,26.89
591,69.85,87.01,66.56,1.08,30.87,77.55,37.91
592,65.59,71.47,97.42,4.58,92.35,71.12,21.9
593,76.48,66.78,75.39,8.8,31.11,63.89,16.95
594,69.81,98.1,99.65,3.45,55.92,54.64,15.17
595,86.21,60.65,72.97,7.83,41.39,95.32,6.76
596,74.52,92.81,74.04,4.47,29.47,87.63,35.6
597,86.87,68.66,73.17,9.68,66.72,84.01,38.53
598,94.83,59.19,67.22,5.71,37.12,59.81,4.01
599,76.05,97.49,62.46,8.02,87.94,91.51,19.81
600,65.58,75.29,92.76,2.82,21.04,67.74,20.28
601,80.15,54.72,86.11,1.08,91.31,69.16,3.16
602,84.32,93.59,83.05,3.58,23.09,76.72,25.3
603,73.58,64.09,95.15,2.73,34.1,93.87,37.98
604,88.31,84.9,63.28,3.88,36.88,75.59,30.53
605,89.07,61.31,50.03,1.29,65.91,35.93,20.71
606,72.91,99.44,61.9,7.82,93.29,40.77,36.48
607,90.38,61.65,57.33,8.1,82.14,67.5,32.92
608,93.21,98.36,47.03,6.82,39.23,81.28,26.13
609,61.96,67.47,88.4,3.34,83.74,78.89,25.06
610,64.42,61.15,87.11,3.78,37.26,43.28,7.32
611,94.07,63.26,95.85,1.1,70.76,61.32,35.08
612,84.93,50.91,88.79,8.61,22.48,96.61,6.69
613,99.55,74.02,45.02,2.2,91.32,41.0,34.52
614,84.88,51.11,57.19,4.83,73.69,91.17,13.64
615,95.92,98.95,67.93,5.26,78.84,56.14,2.26
616,73.89,72.15,49.78,2.13,44.75,68.7,18.33
617,71.11,83.82,43.17,6.45,77.06,91.78,22.93
618,77.43,65.14,81.4,9.09,92.42,35.27,7.08
619,89.61,65.38,73.51,1.57,58.22,53.49,8.92
620,96.52,61.74,54.41,8.62,71.15,98.56,37.43
621,81.58,99.78,89.41,5.3,54.75,99.92,18.44
622,80.89,91.56,75.93,2.47,38.55,30.04,15.96
623,63.61,56.26,66.21,6.44,77.18,67.74,8.3
624,85.05,91.45,53.97,8.23,75.46,44.15,32.16
625,60.39,50.01,70.14,3.22,23.91,47.27,4.19
626,70.04,92.81,78.81,7.18,21.82,86.93,1.47
627,69.84,58.18,45.67,4.49,44.28,34.92,26.14
628,77.21,87.41,77.61,7.95,52.94,64.77,39.43
629,99.96,84.18,85.84,5.48,54.33,99.3,7.78
630,84.33,70.8,69.83,9.41,81.58,66.46,11.01
631,98.43,78.38,92.16,2.93,49.76,86.4,15.19
632,86.9,72.4,87.26,3.64,92.06,30.16,38.91
633,80.37,69.39,92.76,2.91,48.09,60.54,28.93
634,64.3,76.01,64.47,6.42,44.92,39.04,32.61
635,60.11,50.08,60.32,2.13,43.77,84.11,22.88
636,92.09,75.75,72.87,2.42,59.02,45.1,38.46
637,60.67,87.4,68.07,1.89,49.81,52.97,29.27
638,89.36,94.61,43.86,1.02,36.05,33.28,12.14
639,61.5,85.09,43.01,8.85,44.77,50.11,0.68
640,60.23,57.55,47.11,9.84,24.27,53.61,28.68
641,67.47,68.12,61.0,2.44,39.25,55.86,25.77
642,94.85,64.34,53.81,2.96,69.61,80.88,5.59
643,63.18,61.22,97.99,9.68,35.2,38.4,28.7
644,79.8,51.13,68.2,6.92,66.57,67.49,37.48
645,90.05,71.97,72.46,1.47,41.73,46.41,6.86
646,64.23,97.74,40.67,1.92,57.54,71.11,38.38
647,76.26,80.29,93.71,4.51,84.54,79.28,39.01
648,87.02,84.87,71.39,2.11,64.32,93.55,26.0
649,86.25,93.02,96.4,5.82,75.97,55.02,10.38
650,88.24,91.48,40.77,3.68,47.03,86.21,17.57
651,71.37,88.28,69.15,4.23,51.84,57.6,25.56
652,60.32,81.63,54.5,2.28,27.86,76.35,10.89
653,96.43,81.72,48.63,6.89,60.71,44.64,28.3
654,70.97,65.62,40.68,5.23,62.06,38.05,14.13
655,61.84,70.02,59.29,5.56,54.94,91.76,32.1
656,61.49,59.08,58.47,5.71,57.57,67.95,34.39
657,90.44,83.96,44.75,1.42,40.22,45.84,9.42
658,82.28,72.28,87.94,1.9,93.3,77.38,18.76
659,62.98,85.09,45.5,1.35,58.53,70.28,38.17
660,80.34,53.66,90.71,5.85,38.04,60.67,13.86
661,60.77,71.38,83.84,5.26,68.45,99.36,8.45
662,80.77,73.47,45.35,5.25,56.44,75.94,3.54
663,80.09,52.21,42.57,4.62,73.22,86.92,8.3
664,70.95,61.43,92.72,3.55,39.35,44.79,3.54
665,76.81,92.47,85.0,3.73,21.31,86.0,14.92
666,92.2,83.77,80.35,1.23,62.72,56.04,28.93
667,63.85,73.46,57.83,6.6,53.26,70.76,1.84
668,79.56,66.81,65.91,3.4,40.27,77.83,15.49
669,78.03,66.47,96.03,1.88,86.89,99.18,7.16
670,79.61,66.07,69.81,7.38,85.34,65.51,10.33
671,73.88,93.83,51.73,3.52,69.22,70.23,8.5
672,70.76,50.92,98.95,7.71,39.62,51.72,28.52
673,96.9,79.36,92.4,2.39,78.97,90.26,5.71
674,79.26,94.72,61.14,6.69,42.93,80.0,28.11
675,79.08,70.55,88.7,9.25,72.09,75.26,30.11
676,68.23,78.63,58.3,8.03,62.27,73.62,5.61
677,87.62,84.01,96.35,5.89,89.78,32.61,34.6
678,85.6,65.36,56.28,7.82,84.23,60.71,14.08
679,77.63,78.7,82.55,1.55,41.08,73.95,4.34
680,60.32,61.74,76.6,3.44,27.84,88.3,22.96
681,91.51,77.83,78.86,3.07,36.77,45.19,35.81
682,73.24,95.43,51.28,2.17,47.85,82.92,2.04
683,84.74,96.1,92.83,5.49,21.9,86.44,25.03
684,91.94,50.03,58.4,7.2,82.55,87.21,21.45
685,88.95,87.59,53.87,3.74,72.1,62.63,22.07
686,77.52,83.09,73.04,3.85,64.82,52.37,31.17
687,67.31,85.08,96.33,1.0,55.85,38.63,2.41
688,77.88,74.3,93.35,1.82,20.27,76.37,28.33
689,71.65,89.86,82.37,5.75,58.32,71.59,14.21
690,60.75,93.33,92.97,3.53,36.76,49.23,16.99
691,97.26,66.53,45.08,8.29,93.6,92.78,26.8
692,69.5,89.55,68.74,9.03,30.33,40.25,5.89
693,79.53,84.8,65.27,7.18,88.93,78.41,35.36
694,85.68,62.72,79.05,2.63,84.18,33.2,22.35
695,86.9,94.48,58.65,2.2,86.24,67.78,4.57
696,99.91,91.06,75.15,2.79,69.0,70.32,2.27
697,66.61,52.58,58.88,3.59,83.27,99.25,8.28
698,81.35,67.65,45.11,3.8,69.71,85.07,1.6
699,93.71,82.08,79.45,7.05,90.02,47.7,28.14
700,99.28,58.57,91.7,7.69,65.47,63.68,24.32
701,81.17,55.73,89.01,2.46,66.15,36.67,29.72
702,94.89,71.43,94.23,1.44,26.25,37.73,34.24
703,63.32,92.92,42.4,2.32,68.19,92.66,6.95
704,88.96,64.16,68.44,8.18,33.98,37.2,36.99
705,97.84,60.96,79.69,3.93,79.41,68.12,27.57
706,67.13,53.94,47.72,6.58,48.64,42.29,28.6
707,72.94,74.26,81.25,4.78,71.0,84.99,0.14
708,81.93,58.99,92.77,5.6,57.76,42.57,23.94
709,90.86,61.2,55.49,7.42,60.29,94.61,12.6
710,82.07,68.57,84.55,5.6,89.32,62.56,22.65
711,85.74,52.21,85.99,7.2,31.54,46.3,6.27
712,91.57,91.57,86.69,6.13,26.18,35.55,0.43
713,73.31,51.12,51.92,7.0,37.55,88.65,22.51
714,87.03,87.07,86.0,5.33,72.64,67.29,14.61
715,81.73,95.99,76.14,2.84,78.56,72.19,22.83
716,81.05,94.26,90.47,1.61,59.06,83.67,7.96
717,80.92,80.85,91.32,2.24,57.7,83.03,39.47
718,60.6,62.39,69.76,2.36,28.05,41.28,0.97
719,80.89,92.75,90.87,8.93,23.72,45.49,2.81
720,71.1,58.94,48.73,7.24,29.7,67.87,17.71
721,91.96,76.56,43.4,8.19,30.46,98.24,5.26
722,91.71,92.62,97.26,1.94,59.87,80.39,13.83
723,98.34,52.54,74.27,1.13,56.22,49.13,5.37
724,77.39,64.25,86.87,4.72,52.69,33.41,34.82
725,69.76,95.42,90.76,4.65,54.26,35.92,33.77
726,72.96,91.94,53.4,2.91,52.08,36.87,34.29
727,61.03,66.12,50.77,3.95,51.51,30.36,39.7
728,73.83,91.9,81.95,8.61,67.37,35.51,12.41
729,91.2,62.18,51.68,1.84,34.71,44.31,14.67
730,82.14,70.16,62.11,6.93,33.73,36.34,10.64
731,98.38,84.75,87.57,6.95,88.63,52.96,20.89
732,70.77,83.7,88.22,6.91,91.08,94.97,38.92
733,60.15,69.98,42.22,9.61,29.81,75.73,3.25
734,77.79,54.0,72.8,5.58,52.85,79.49,20.82
735,65.13,62.49,99.78,1.58,44.68,38.45,38.35
736,67.27,76.87,60.43,9.77,28.37,85.16,0.54
737,62.54,51.68,42.84,8.35,74.19,43.17,32.37
738,90.82,59.82,84.63,1.52,92.55,65.76,8.29
739,90.75,55.6,57.1,6.24,32.99,49.95,12.18
740,97.31,68.12,94.39,1.33,94.36,48.48,17.79
741,95.58,50.29,84.82,2.96,81.61,91.2,8.28
742,99.99,56.33,78.01,8.44,22.55,51.26,5.73
743,85.24,98.95,58.77,8.47,46.93,97.53,34.74
744,76.33,50.0,70.48,5.48,30.12,57.93,33.69
745,83.48,61.18,57.47,2.2,48.27,84.97,19.45
746,63.8,52.53,65.07,6.1,56.66,49.7,4.66
747,64.43,51.9,91.58,8.48,21.2,71.83,2.45
748,68.19,66.92,54.38,7.16,48.11,93.66,36.99
749,69.44,56.59,48.94,6.89,62.93,65.12,12.76
750,82.2,81.41,52.58,5.49,50.81,89.29,12.88
751,97.67,84.42,60.87,3.34,70.52,96.47,23.51
752,77.49,95.0,43.13,9.06,34.21,89.86,30.85
753,81.06,52.97,99.27,9.37,33.08,80.54,23.36
754,89.89,87.53,57.91,1.18,31.87,85.87,21.18
755,61.97,75.03,95.53,6.9,30.57,92.64,25.63
756,78.92,53.73,54.98,5.89,54.78,79.5,12.14
757,65.61,95.95,40.45,3.36,87.79,36.84,29.3
758,89.93,77.52,53.53,8.65,41.77,37.88,30.22
759,75.15,98.65,65.43,4.56,60.78,49.4,1.74
760,64.21,64.52,96.99,3.54,94.47,73.55,32.16
761,92.12,72.4,42.17,8.16,40.98,35.02,24.77
762,97.63,78.68,97.49,7.97,26.77,69.76,31.59
763,67.68,70.23,65.01,9.41,86.72,69.32,14.51
764,91.35,79.82,61.17,3.22,55.86,88.18,28.46
765,99.56,98.17,46.5,6.67,37.58,78.36,26.42
766,89.33,62.9,96.57,9.98,71.84,73.9,20.63
767,67.85,91.16,54.18,8.88,58.22,45.83,34.63
768,72.9,86.61,47.25,1.99,84.56,68.47,21.89
769,82.45,61.13,44.78,1.87,59.39,73.53,30.92
770,97.92,83.74,49.87,4.0,93.21,57.78,32.37
771,81.99,99.89,82.18,6.87,90.15,53.66,15.2
772,84.56,50.93,90.43,7.34,25.3,80.15,7.63
773,60.22,56.7,46.21,4.2,24.74,42.46,27.87
774,74.4,59.9,63.57,2.01,33.57,73.57,14.45
775,70.6,81.18,43.68,7.99,87.02,37.54,18.6
776,74.51,99.25,76.61,7.71,34.12,90.37,2.65
777,70.47,74.99,91.07,6.52,59.51,30.69,33.8
778,60.92,56.74,61.44,7.22,78.5,40.07,29.85
779,85.04,77.53,79.92,7.71,66.02,54.22,8.24
780,77.03,89.63,80.59,9.6,39.37,98.35,39.0
781,60.73,91.55,74.94,7.14,46.14,79.76,32.39
782,87.63,97.95,94.12,5.67,40.93,39.27,29.54
783,67.5,55.99,60.05,4.97,88.36,84.46,0.46
784,67.97,68.7,85.28,6.08,41.96,82.33,22.3
785,91.47,88.59,63.76,4.04,45.44,38.13,4.4
786,79.6,87.28,88.15,8.02,28.31,50.23,8.2
787,86.49,93.84,92.7,2.99,63.77,77.58,0.64
788,76.81,75.1,69.32,8.47,83.24,76.11,8.06
789,75.66,56.17,62.79,7.34,79.97,59.14,9.75
790,60.64,60.33,78.95,1.14,33.72,61.58,27.33
791,85.81,69.51,44.19,7.11,27.42,67.17,27.26
792,65.24,98.82,96.07,6.56,85.12,97.62,39.72
793,97.89,76.36,88.11,2.82,54.96,34.34,38.63
794,77.19,79.84,61.88,8.86,44.72,64.42,10.88
795,64.5,50.11,86.37,1.76,39.59,33.21,36.88
796,93.38,65.51,42.72,4.93,51.5,90.02,24.63
797,67.21,95.17,67.18,1.09,85.15,64.92,24.74
798,67.37,82.02,88.79,9.06,46.23,47.77,2.96
799,88.96,87.84,94.46,1.02,42.61,56.37,19.4
800,90.25,84.96,51.93,1.5,47.17,32.92,18.44
801,92.4,68.53,55.85,6.2,69.65,34.08,10.55
802,80.22,96.17,63.43,1.03,38.08,44.66,17.86
803,85.48,58.85,74.69,1.27,64.12,31.38,9.95
804,75.53,60.45,52.15,6.09,84.59,92.12,3.19
805,78.79,93.72,44.11,4.86,89.11,31.53,13.88
806,73.99,62.27,56.33,7.2,37.35,57.87,15.58
807,79.03,79.48,40.6,4.73,28.85,82.27,26.77
808,93.47,98.77,54.95,8.23,50.29,32.14,15.82
809,68.92,97.92,93.99,4.04,30.34,65.02,32.57
810,63.14,92.48,47.24,2.97,23.95,97.81,8.21
811,75.65,86.87,78.98,5.7,21.66,77.4,4.54
812,60.04,80.7,75.01,1.64,72.86,98.54,3.59
813,68.92,69.37,41.49,5.57,56.52,79.67,18.97
814,93.78,67.69,89.99,8.86,65.44,69.34,35.69
815,76.1,98.55,68.26,7.38,66.11,92.51,17.5
816,92.82,55.01,59.11,4.97,77.75,55.0,2.1
817,96.53,80.46,89.97,3.95,48.5,36.22,7.23
818,78.93,64.43,41.19,5.1,94.63,39.56,34.19
819,91.87,50.15,59.5,3.38,52.66,42.15,26.18
820,87.72,88.79,82.64,1.73,80.29,67.8,29.22
821,63.41,99.72,46.87,5.91,62.25,37.69,19.0
822,94.96,90.64,94.16,4.99,37.82,92.87,20.19
823,87.81,93.63,97.04,6.72,30.26,57.32,4.43
824,81.31,79.99,75.3,9.25,40.35,84.24,36.66
825,81.5,93.9,61.06,6.17,62.35,95.7,36.92
826,98.26,57.17,78.58,4.78,42.38,70.34,19.46
827,78.18,62.63,78.59,1.17,61.84,98.06,0.06
828,60.11,72.3,98.46,2.4,22.73,64.17,29.36
829,71.33,53.58,80.17,6.08,21.88,74.65,29.1
830,76.48,85.91,96.35,1.24,69.6,42.37,3.06
831,91.78,50.63,63.99,9.53,72.5,42.81,7.59
832,62.66,98.67,84.7,4.31,51.86,61.15,12.74
833,90.57,57.98,62.71,6.36,64.76,97.24,33.6
834,93.77,56.47,79.69,9.5,71.39,87.62,34.55
835,90.57,66.45,71.69,2.54,61.43,56.55,28.4
836,90.94,88.66,45.47,9.08,76.58,32.93,3.21
837,79.7,69.66,54.69,8.64,44.73,61.31,35.03
838,72.02,57.98,51.1,7.23,72.51,44.47,14.77
839,74.8,73.08,90.44,1.98,56.45,91.26,15.46
840,82.99,63.01,40.32,4.68,24.46,70.01,38.85
841,72.75,78.22,48.55,5.06,63.25,66.67,25.17
842,85.15,57.62,62.53,3.18,93.65,61.91,19.7
843,72.06,64.45,79.95,3.0,87.03,38.99,39.55
844,89.98,98.57,92.45,8.21,30.95,38.16,39.64
845,76.57,54.02,79.53,8.48,25.61,79.34,32.45
846,86.41,50.74,83.44,7.77,90.01,80.4,14.35
847,79.94,67.45,49.45,6.56,44.5,58.61,13.39
848,87.69,54.21,45.84,4.75,47.59,65.81,20.83
849,98.78,95.68,78.77,3.04,60.32,66.84,11.25
850,80.89,81.34,76.53,1.88,24.13,81.77,1.79
851,64.81,93.91,86.62,7.94,77.59,36.21,23.06
852,78.48,92.74,45.36,7.56,68.73,92.5,25.72
853,98.03,60.55,69.03,2.49,43.39,38.9,35.75
854,64.64,58.78,76.67,4.33,24.64,82.5,29.66
855,75.29,61.19,61.66,9.94,20.28,40.13,26.42
856,88.61,58.3,48.73,2.54,26.59,52.25,32.82
857,62.43,86.01,46.94,2.57,23.97,44.04,39.31
858,73.59,52.23,42.39,6.41,87.19,67.57,19.15
859,73.12,59.2,63.95,9.59,31.26,65.47,19.42
860,98.51,80.04,91.09,1.47,37.47,90.87,8.5
861,83.91,69.63,67.27,1.81,41.92,38.19,2.85
862,95.26,51.95,41.43,1.87,38.18,90.78,30.6
863,71.08,96.48,78.22,5.45,35.69,99.9,11.01
864,91.58,84.31,48.05,3.41,41.59,87.76,39.6
865,66.01,52.85,53.36,8.99,62.57,98.65,29.06
866,71.53,85.83,61.07,5.85,53.22,77.4,16.76
867,80.66,58.03,92.5,8.55,48.23,56.33,6.86
868,79.48,83.66,99.11,4.18,29.07,43.33,6.76
869,75.26,52.02,44.26,9.9,43.21,35.22,8.37
870,65.83,93.4,68.52,3.05,77.28,57.59,20.43
871,63.9,87.61,48.14,3.16,66.53,71.4,6.95
872,92.42,69.32,47.34,3.52,86.27,43.24,21.68
873,91.26,79.17,73.52,3.3,37.31,36.48,2.86
874,97.99,58.22,73.46,4.28,62.96,30.56,17.36
875,72.58,92.81,54.05,5.05,82.98,95.31,28.15
876,83.46,75.04,44.08,2.96,60.35,62.7,29.57
877,78.58,69.86,97.17,2.46,82.3,36.44,29.95
878,80.06,54.93,89.03,4.37,61.17,30.76,19.81
879,72.17,82.35,41.3,1.36,20.99,32.76,13.01
880,63.58,79.12,83.32,6.93,56.65,60.07,31.51
881,95.84,59.67,72.57,1.83,68.26,70.63,3.45
882,63.35,77.17,61.86,8.49,91.2,32.32,29.39
883,60.76,90.54,66.12,7.51,53.35,46.54,14.5
884,77.99,56.87,71.06,6.66,23.72,88.23,25.23
885,94.74,55.02,57.23,8.89,82.96,30.93,17.04
886,76.24,52.03,84.99,9.65,64.87,60.01,28.51
887,80.26,78.23,48.88,5.67,59.79,78.49,32.02
888,71.9,59.09,45.82,7.01,94.71,92.43,25.44
889,68.75,64.85,58.38,1.31,80.67,42.5,25.6
890,90.02,82.05,86.08,9.19,84.14,71.47,28.23
891,88.24,61.32,40.19,9.02,26.3,95.8,27.48
892,82.61,75.57,55.39,5.39,83.92,74.99,0.26
893,79.64,79.77,44.16,2.43,76.61,85.77,37.1
894,89.86,70.71,50.6,3.0,28.72,88.14,33.53
895,90.65,96.83,89.91,1.19,78.01,64.99,21.52
896,84.44,97.57,78.99,8.92,50.93,73.24,4.73
897,87.78,51.86,57.59,5.59,53.41,60.58,1.59
898,68.08,55.65,66.2,8.34,35.53,46.08,27.83
899,66.63,81.32,63.36,4.25,66.19,85.14,23.71
900,67.56,71.86,82.34,4.54,40.82,35.65,6.06
901,93.0,99.01,86.1,9.31,83.32,48.66,15.06
902,96.77,58.82,91.06,7.3,87.59,97.79,10.21
903,94.3,75.96,68.88,5.2,68.02,86.75,6.77
904,60.34,60.52,67.61,9.91,65.19,81.33,16.9
905,72.94,81.63,88.36,3.54,23.18,38.82,18.14
906,66.0,75.65,89.92,9.86,63.29,86.22,34.07
907,65.6,72.29,89.7,9.96,79.98,67.45,33.17
908,88.11,75.5,84.35,6.25,70.64,46.57,39.13
909,98.96,79.68,99.38,9.11,73.37,40.43,19.42
910,93.67,63.1,81.15,6.5,43.65,84.04,18.99
911,68.3,72.02,57.98,4.92,83.32,37.46,2.69
912,69.17,96.87,52.65,7.89,75.94,62.48,24.07
913,64.56,80.82,88.15,9.94,89.77,65.87,16.64
914,68.62,86.48,99.03,6.94,89.1,49.51,4.15
915,91.46,52.52,63.37,7.81,22.86,78.92,27.19
916,67.7,88.25,91.12,5.41,51.03,96.03,0.68
917,92.31,54.78,58.45,3.02,59.86,36.31,1.84
918,62.81,91.97,77.65,6.12,45.31,47.65,29.32
919,89.69,82.66,93.62,1.63,74.14,52.24,23.93
920,94.54,79.04,44.06,7.45,36.17,35.9,22.53
921,83.66,63.53,82.98,4.69,26.83,97.3,5.13
922,96.35,94.25,93.84,7.61,68.26,83.73,3.2
923,70.6,66.54,53.3,3.54,80.55,78.7,28.79
924,92.95,55.87,55.05,5.58,31.3,37.35,15.56
925,95.13,68.4,70.36,3.22,82.94,59.35,22.62
926,89.92,52.83,50.22,3.3,27.55,68.43,28.0
927,88.66,98.65,90.66,7.85,52.62,38.82,0.52
928,80.7,69.16,69.36,7.11,57.93,74.98,13.77
929,67.71,51.36,66.19,4.37,88.06,91.48,12.38
930,78.29,92.26,89.24,9.85,88.54,59.47,29.87
931,63.3,67.15,75.95,9.74,59.27,88.09,6.39
932,82.47,93.1,69.27,1.41,20.34,71.64,26.91
933,81.47,70.22,73.01,2.56,58.24,77.57,29.28
934,99.63,72.99,92.67,5.77,23.88,52.37,28.02
935,83.19,60.87,93.17,4.18,89.26,81.58,28.42
936,91.37,57.46,76.45,7.29,84.92,79.95,3.72
937,84.48,73.64,42.66,2.5,30.93,53.87,11.74
938,65.05,63.38,59.68,1.09,57.23,73.76,4.06
939,60.43,52.16,49.7,5.06,87.3,37.7,33.8
940,76.62,82.36,61.19,8.48,40.64,87.49,31.29
941,84.11,67.0,92.79,7.41,34.27,65.59,18.55
942,80.25,95.11,95.84,9.1,61.85,68.4,3.78
943,60.54,66.14,57.32,8.25,83.6,44.04,5.33
944,70.32,90.37,77.74,9.16,64.3,67.05,23.59
945,64.08,57.61,67.13,6.71,26.63,95.39,6.72
946,94.04,61.35,52.78,7.14,61.41,62.3,31.74
947,72.97,75.94,61.58,4.23,85.61,55.11,36.56
948,99.15,86.56,82.82,1.63,82.36,44.84,29.81
949,75.91,54.0,77.28,3.62,37.24,30.94,35.54
950,65.25,90.6,57.68,7.16,50.08,92.82,33.54
951,69.25,77.98,44.55,6.91,23.95,42.96,17.97
952,73.08,70.27,97.13,9.16,30.36,99.66,30.14
953,85.23,81.57,94.52,9.38,31.68,81.79,13.05
954,98.11,79.78,83.45,1.89,73.24,59.18,21.42
955,76.4,75.68,94.33,2.33,32.51,98.2,30.64
956,77.75,52.53,67.0,3.28,66.82,42.82,30.72
957,83.73,80.54,83.88,7.3,68.81,97.2,30.1
958,82.64,66.96,94.5,8.97,57.76,72.71,39.07
959,89.66,60.96,98.68,3.79,40.19,67.23,21.98
960,80.04,50.98,73.67,8.93,68.9,35.99,32.68
961,97.98,67.7,67.77,7.85,85.53,33.46,29.62
962,75.2,56.38,62.55,9.37,91.7,97.59,11.9
963,64.66,80.01,54.38,8.6,84.94,90.87,10.56
964,68.33,98.13,58.89,1.36,90.37,54.25,20.88
965,77.19,99.64,40.78,8.7,85.65,63.89,21.19
966,70.95,53.96,41.48,3.18,36.35,58.95,34.0
967,67.69,54.9,54.1,9.68,74.51,51.62,22.2
968,66.45,70.87,57.96,7.04,86.34,71.48,17.31
969,75.86,62.27,58.55,9.44,57.89,33.0,12.55
970,75.78,65.43,41.07,7.66,83.12,61.73,30.42
971,89.42,90.33,43.17,6.45,57.08,41.65,0.46
972,94.49,73.41,92.21,6.36,24.51,61.33,28.19
973,94.11,98.82,93.16,8.52,43.71,67.17,3.42
974,89.89,93.63,50.92,2.35,30.09,82.24,7.61
975,91.1,64.69,55.92,2.49,32.43,61.46,3.15
976,90.35,79.04,56.73,8.23,37.39,41.82,6.32
977,92.2,78.42,45.28,8.81,41.58,80.78,20.09
978,69.59,70.74,50.7,4.03,28.28,59.07,10.19
979,65.71,67.59,89.71,6.41,81.12,94.66,11.09
980,78.07,72.73,42.63,6.91,87.49,63.67,39.8
981,93.77,83.79,40.39,8.7,60.15,74.62,6.26
982,86.56,82.14,78.46,2.36,63.96,88.87,6.54
983,62.58,73.82,98.46,1.59,33.26,94.51,18.92
984,64.93,61.71,94.77,9.44,33.73,50.53,1.17
985,72.24,74.25,98.86,6.84,84.75,73.26,29.94
986,65.09,56.1,78.16,5.06,25.78,42.22,31.5
987,60.51,94.49,93.32,5.26,48.71,78.96,39.17
988,80.08,77.0,52.69,6.62,33.88,77.73,7.3
989,64.44,53.84,55.9,9.39,72.19,63.32,28.81
990,65.32,72.3,75.61,3.37,67.43,80.71,12.73
991,97.28,57.14,84.55,9.11,75.05,59.01,9.24
992,75.77,69.92,83.27,1.27,39.92,45.44,3.66
993,76.92,67.4,69.85,3.14,34.48,47.22,33.44
994,61.67,75.38,81.3,9.87,87.59,51.33,37.1
995,69.95,81.74,95.41,3.32,49.83,31.28,18.68
996,93.93,61.09,48.26,5.26,33.92,89.2,4.76
997,87.31,85.06,88.55,4.42,55.14,97.07,34.74
998,71.86,96.03,99.27,1.53,73.86,95.81,23.82
999,65.04,81.1,49.56,1.81,43.76,73.37,31.23
1000,89.82,64.69,67.15,8.32,92.69,77.31,5.5
1001,88.58,96.73,49.4,8.71,26.14,41.76,9.29
1002,83.57,75.25,61.84,5.83,79.25,50.58,14.57
1003,78.91,57.71,91.96,2.88,27.51,71.51,21.09
1004,84.26,70.33,63.21,4.58,58.8,47.03,8.74
1005,87.23,77.23,58.17,3.57,56.35,61.53,15.28
1006,63.61,64.5,53.56,4.9,42.29,42.07,32.26
1007,62.93,98.93,40.5,9.73,78.04,49.48,7.72
1008,94.4,94.84,57.01,2.14,67.69,95.39,6.47
1009,89.36,84.06,73.95,5.32,69.27,52.42,14.81
1010,77.41,57.03,95.61,3.83,50.5,76.84,28.81
1011,81.8,66.12,55.79,5.29,48.97,79.83,15.16
1012,66.37,84.12,80.58,3.8,27.9,43.11,11.42
1013,72.34,87.96,40.37,1.37,72.07,40.49,16.92
1014,99.33,59.55,79.72,1.76,94.3,38.47,1.87
1015,76.55,73.9,80.36,8.95,33.03,76.67,39.74
1016,61.59,60.51,97.0,1.11,28.17,82.84,14.54
1017,82.58,77.02,98.72,8.3,35.55,64.57,3.88
1018,64.84,68.64,67.51,1.11,67.13,95.92,36.26
1019,69.25,77.53,71.82,4.19,35.92,55.2,21.84
1020,71.67,60.52,59.21,7.08,24.67,55.71,12.65
1021,81.19,58.56,60.03,1.96,86.58,78.96,23.08
1022,63.02,57.96,86.87,3.23,83.74,57.54,16.74
1023,77.38,85.51,41.89,1.5,86.24,82.54,39.14
1024,84.75,83.23,89.94,7.37,32.37,39.78,34.62
1025,62.48,83.74,85.24,3.59,49.04,95.41,23.71
1026,65.14,77.69,45.03,4.09,64.59,99.89,13.48
1027,80.46,98.12,98.19,3.94,59.77,46.7,10.1
1028,94.71,61.19,87.06,3.6,72.28,57.51,33.15
1029,95.41,66.16,42.17,8.03,20.29,30.6,24.52
1030,63.99,80.73,75.58,8.36,61.56,97.28,35.02
1031,93.1,85.82,47.11,7.58,57.43,59.0,33.23
1032,73.52,96.91,64.14,1.23,47.37,98.28,37.91
1033,76.64,97.57,94.58,9.33,66.76,89.14,39.25
1034,84.48,59.1,89.45,9.5,40.38,64.26,6.42
1035,78.73,65.07,48.93,4.73,85.96,64.53,11.61
1036,90.04,64.28,57.84,7.21,64.0,70.89,23.8
1037,98.08,63.22,47.33,9.65,55.6,49.8,32.42
1038,62.11,52.77,65.42,1.16,48.43,59.21,9.67
1039,77.65,50.83,89.63,9.32,77.8,98.11,34.08
1040,69.15,85.9,52.82,8.39,45.76,82.02,4.81
1041,76.23,86.21,74.39,3.23,20.65,97.89,9.43
1042,82.59,56.36,67.64,1.24,26.44,55.57,33.08
1043,85.96,95.88,64.92,2.96,48.34,31.54,13.8
1044,96.82,71.84,83.78,3.04,59.41,65.89,3.46
1045,84.14,60.09,71.37,7.8,24.36,60.86,27.3
1046,79.58,78.13,99.06,2.04,68.55,54.78,18.99
1047,96.21,57.97,81.51,9.85,87.44,73.7,23.88
1048,70.65,94.01,67.34,5.27,86.5,68.03,35.14
1049,61.09,90.95,42.68,4.64,50.04,92.62,28.49
1050,60.59,74.9,93.78,2.77,38.97,91.83,30.49
1051,95.59,74.65,78.54,7.79,84.61,34.79,13.4
1052,61.03,77.99,74.61,8.89,89.85,97.39,7.66
1053,88.82,73.84,78.55,3.12,29.81,48.34,33.47
1054,80.9,58.98,76.8,6.04,58.98,71.08,21.66
1055,77.84,64.63,88.54,2.94,60.95,34.02,10.81
1056,99.94,70.11,82.78,1.62,26.67,63.53,1.27
1057,72.0,68.2,40.62,9.35,93.78,36.68,35.34
1058,66.99,87.67,59.81,9.99,29.14,91.94,29.79
1059,99.79,91.11,52.94,1.04,66.19,39.41,11.94
1060,86.58,60.42,95.92,5.91,62.72,48.3,24.54
1061,69.59,62.37,73.48,4.37,24.92,81.93,23.03
1062,94.88,69.29,70.64,1.02,54.25,84.52,37.14
1063,80.24,54.74,88.01,7.91,31.06,57.65,1.57
1064,88.77,55.54,44.04,1.14,92.27,76.96,22.59
1065,87.73,50.02,73.71,7.89,87.6,49.6,17.96
1066,87.01,58.63,79.05,4.01,66.72,48.53,26.45
1067,84.65,85.34,40.43,9.39,76.35,37.93,0.31
1068,70.65,74.35,55.21,2.33,36.99,44.91,8.63
1069,85.16,87.54,56.85,4.21,23.81,37.19,23.55
1070,84.25,81.74,92.58,4.38,43.39,67.12,27.89
1071,89.07,79.02,86.25,6.61,53.03,97.19,11.48
1072,82.47,99.16,67.65,1.95,58.91,40.28,7.18
1073,94.44,96.85,66.0,2.62,43.17,58.91,7.65
1074,83.13,59.83,60.45,5.86,88.49,71.01,0.23
1075,91.38,83.53,46.36,9.87,41.69,38.78,19.5
1076,62.95,94.41,85.01,7.65,52.58,77.02,28.82
1077,71.09,87.35,74.18,2.14,37.75,44.57,5.69
1078,74.35,82.97,85.81,8.77,85.14,83.69,36.76
1079,92.92,98.9,88.71,7.22,82.13,33.97,39.46
1080,67.1,84.47,98.63,1.24,59.12,45.95,2.3
1081,74.43,75.05,62.74,7.22,70.13,79.49,12.13
1082,92.59,79.22,79.18,8.19,36.46,60.22,18.48
1083,83.87,71.52,68.62,7.28,62.37,35.18,34.11
1084,74.75,73.04,77.2,6.81,79.77,55.06,2.02
1085,94.3,60.12,80.85,6.65,39.92,98.5,29.65
1086,82.71,53.48,86.89,6.95,35.27,41.21,17.11
1087,72.31,80.87,42.14,2.49,77.03,33.15,22.87
1088,88.12,63.45,82.04,5.74,86.2,60.53,13.14
1089,92.89,66.09,82.11,1.04,41.02,81.68,30.93
1090,99.46,50.84,67.05,4.74,56.72,61.43,33.79
1091,64.36,76.99,92.91,8.01,77.58,96.53,6.75
1092,62.86,69.47,89.5,8.61,49.8,76.81,12.23
1093,90.77,92.03,62.44,4.61,45.88,43.58,25.89
1094,65.11,64.23,54.73,5.91,21.61,67.31,26.54
1095,61.46,93.75,60.48,6.14,42.88,36.6,7.53
1096,79.61,93.55,46.58,1.14,65.82,60.11,6.7
1097,86.96,65.84,73.09,3.57,68.66,62.32,39.45
1098,93.92,98.17,56.66,7.95,45.83,77.4,29.02
1099,78.59,75.23,83.05,4.09,65.92,37.72,8.84
1100,64.48,77.08,85.52,8.97,74.28,38.64,0.01
1101,61.92,87.43,75.46,3.94,89.46,50.44,15.94
1102,76.99,96.35,77.29,8.71,31.26,63.12,31.63
1103,93.29,50.04,68.61,8.4,90.26,62.04,3.26
1104,91.49,90.97,54.91,1.97,50.96,80.82,23.62
1105,79.67,73.65,65.4,1.67,45.2,64.67,3.77
1106,94.58,69.38,87.3,1.65,90.81,33.19,23.91
1107,70.88,51.79,56.49,8.08,36.22,74.35,10.36
1108,88.5,50.31,46.48,3.7,44.11,75.78,34.35
1109,60.14,76.69,51.04,6.03,65.09,59.88,32.97
1110,98.35,86.4,51.74,2.0,64.18,55.1,9.45
1111,90.48,82.75,45.41,9.46,54.81,41.17,15.06
1112,81.38,99.83,97.54,6.96,94.4,96.77,33.03
1113,66.01,66.72,55.54,9.07,25.29,88.05,33.17
1114,90.26,82.76,91.67,5.3,84.31,94.45,32.86
1115,81.85,82.81,45.95,6.88,73.35,97.72,17.57
1116,86.11,77.03,50.15,2.75,44.65,81.22,16.33
1117,62.67,96.62,49.78,1.7,69.59,33.5,8.68
1118,70.54,83.83,68.66,8.41,93.02,83.51,27.94
1119,87.93,83.41,66.41,7.94,54.39,80.41,13.79
1120,61.49,83.1,65.3,8.81,33.56,62.47,3.28
1121,75.93,59.0,73.92,7.07,42.08,77.82,31.38
1122,94.69,68.07,70.35,9.55,74.11,51.53,33.88
1123,99.9,86.35,64.59,4.99,81.84,43.6,24.08
1124,78.5,79.86,73.8,9.19,87.41,81.15,29.43
1125,87.43,74.26,46.24,8.62,94.98,32.47,35.64
1126,90.19,83.09,41.12,5.3,80.12,81.33,25.94
1127,76.35,73.23,81.06,3.86,84.44,95.18,18.89
1128,94.09,58.51,88.73,4.06,46.57,78.1,17.05
1129,87.45,96.27,53.22,1.06,49.44,81.05,14.84
1130,69.99,81.82,82.68,7.43,46.15,37.56,20.64
1131,85.09,71.76,50.94,7.23,50.1,87.42,29.11
1132,67.78,54.12,78.35,5.71,48.05,73.65,32.8
1133,84.93,67.18,61.02,5.38,57.27,71.54,25.67
1134,60.36,77.99,89.3,1.83,48.64,44.82,36.29
1135,68.4,70.35,87.7,7.29,39.89,63.38,0.61
1136,93.76,93.3,43.47,5.95,49.07,83.22,33.41
1137,70.55,51.11,84.47,5.05,52.36,83.01,7.31
1138,94.53,83.88,99.49,8.4,87.75,59.6,39.62
1139,98.97,51.57,72.55,4.34,37.54,55.27,2.6
1140,77.8,70.91,46.67,6.22,54.57,54.03,10.19
1141,64.43,75.55,63.3,8.65,86.14,61.27,35.91
1142,68.76,79.39,45.41,7.04,33.06,40.44,39.92
1143,99.7,55.27,94.65,7.07,31.91,43.38,32.62
1144,74.29,98.8,79.01,4.53,34.92,86.8,30.1
1145,71.81,94.88,65.7,8.17,80.7,34.26,4.86
1146,70.26,50.36,72.16,3.04,79.87,77.8,9.45
1147,75.14,50.43,94.32,6.65,29.34,69.25,13.37
1148,87.44,87.45,90.79,2.13,87.95,78.09,6.97
1149,99.31,60.32,60.19,7.33,89.68,41.94,6.3
1150,64.89,89.27,69.57,8.56,32.76,42.64,36.44
1151,95.31,97.58,43.51,6.49,83.12,74.93,30.33
1152,61.54,69.99,92.45,5.72,47.28,87.24,22.94
1153,90.77,54.83,40.62,9.5,34.32,50.01,21.18
1154,90.74,95.07,45.28,7.62,53.51,68.29,35.08
1155,95.45,53.06,47.95,4.94,83.21,44.97,18.84
1156,81.57,51.7,87.41,7.67,44.14,92.43,17.04
1157,87.5,57.06,87.05,3.38,42.39,44.22,26.5
1158,79.4,64.17,69.51,5.77,93.46,80.51,27.04
1159,70.64,60.97,54.65,8.38,74.53,36.32,7.27
1160,78.84,72.79,40.99,5.67,48.45,63.63,9.78
1161,77.83,51.63,79.26,3.96,43.29,92.58,16.13
1162,94.26,82.18,46.93,8.14,41.68,54.63,39.71
1163,80.48,76.73,65.81,4.28,84.63,75.9,5.69
1164,66.91,80.51,61.35,1.93,35.76,48.44,2.74
1165,75.33,51.11,82.58,1.05,59.86,77.39,39.71
1166,81.45,63.39,51.92,7.37,88.07,77.97,32.53
1167,69.76,87.78,57.26,7.8,22.76,76.78,24.8
1168,74.1,83.71,63.21,5.51,75.85,78.87,26.65
1169,89.79,57.57,58.78,6.95,77.46,40.54,9.08
1170,73.01,51.58,70.96,7.24,72.93,96.43,14.08
1171,83.51,98.03,82.1,4.91,54.73,43.28,2.46
1172,82.17,86.63,73.06,6.16,60.22,41.36,6.17
1173,65.64,86.23,79.32,7.41,53.16,68.02,21.67
1174,69.16,94.69,64.34,6.44,51.9,84.27,7.45
1175,89.12,56.24,65.88,3.03,83.84,33.15,13.2
1176,69.36,93.75,59.77,3.08,92.19,58.59,8.22
1177,64.12,52.57,91.75,1.94,46.87,83.8,28.01
1178,85.04,70.95,98.08,1.93,86.17,97.0,16.67
1179,95.77,62.36,42.61,2.43,78.25,68.49,13.16
1180,84.9,66.04,56.54,4.52,44.34,86.23,18.36
1181,91.9,98.51,43.82,1.89,22.65,37.47,17.99
1182,71.81,75.22,95.39,4.69,39.72,85.11,18.23
1183,74.15,77.37,68.12,4.6,69.01,57.21,13.11
1184,87.26,79.11,73.35,3.4,50.29,55.5,28.85
1185,71.05,58.95,58.6,5.16,62.85,93.99,3.63
1186,72.56,64.98,76.43,9.66,57.54,58.21,3.13
1187,94.22,96.37,62.87,6.35,88.95,48.36,13.51
1188,63.7,64.42,72.38,9.25,78.81,37.9,16.73
1189,74.51,65.05,49.81,2.54,61.2,72.95,25.99
1190,87.24,51.48,95.18,5.74,74.38,59.62,15.68
1191,89.84,55.36,81.48,1.77,20.4,99.31,7.97
1192,98.73,89.83,63.71,8.6,76.11,38.54,26.47
1193,61.29,52.97,82.17,1.9,47.72,73.19,39.52
1194,65.54,95.2,58.75,2.56,24.79,66.2,17.83
1195,63.41,81.21,53.61,6.24,45.96,82.83,24.58
1196,67.31,79.69,54.38,8.4,93.18,88.53,24.17
1197,82.89,83.33,45.14,5.51,36.44,37.45,32.7
1198,97.22,70.66,40.29,9.48,43.29,90.79,29.76
1199,97.09,88.56,77.39,5.26,59.5,58.23,2.57
1200,84.95,99.63,72.1,4.78,42.13,40.56,37.75
1201,77.82,59.13,55.06,7.54,25.84,89.07,30.79
1202,95.32,92.21,94.39,2.17,63.36,60.21,5.08
1203,85.03,84.73,97.73,9.93,87.88,54.47,32.63
1204,88.23,57.89,43.75,8.03,72.21,43.11,25.08
1205,97.77,78.38,81.63,1.56,34.68,76.4,17.85
1206,84.09,71.31,65.34,5.57,36.45,72.44,14.54
1207,75.96,63.72,80.39,1.15,88.86,85.44,4.19
1208,66.89,83.88,82.07,1.03,80.2,33.86,1.94
1209,61.88,64.92,56.9,7.03,35.57,79.07,14.31
1210,92.5,57.5,74.84,7.48,37.91,69.1,38.18
1211,99.71,86.88,53.09,5.28,54.53,63.35,36.37
1212,76.88,80.89,51.35,2.23,20.01,92.01,30.61
1213,87.8,91.6,71.17,7.62,59.38,74.82,33.53
1214,67.43,56.64,89.61,5.38,54.37,93.48,18.82
1215,99.91,57.69,41.2,1.26,72.64,84.11,7.03
1216,80.64,77.97,76.04,2.21,44.5,46.18,29.21
1217,80.32,96.32,43.37,4.77,20.13,73.9,18.25
1218,82.33,55.05,43.45,9.06,56.37,41.91,38.87
1219,82.95,70.79,41.54,8.52,49.45,76.85,28.19
1220,97.28,52.14,92.75,2.36,59.43,54.76,22.41
1221,63.57,79.48,84.44,1.2,60.35,98.35,3.46
1222,79.6,67.85,93.99,9.4,24.17,75.77,29.65
1223,71.41,52.47,96.87,8.93,30.54,43.5,10.22
1224,77.75,88.97,57.52,2.24,22.14,38.97,21.85
1225,76.9,75.55,80.66,3.58,51.9,77.04,32.54
1226,79.25,87.32,68.56,3.22,66.69,42.93,9.26
1227,84.26,60.41,46.64,6.55,88.01,96.0,18.2
1228,63.55,80.73,86.04,8.36,82.06,43.84,17.67
1229,62.61,76.24,92.74,5.0,71.74,65.77,6.55
1230,60.11,91.3,67.07,5.2,23.59,96.14,29.4
1231,89.9,55.26,74.29,6.83,83.41,37.14,28.31
1232,94.01,77.29,96.39,4.66,78.6,45.21,2.33
1233,67.5,64.07,69.11,4.8,88.64,62.34,5.13
1234,88.31,74.47,54.57,7.87,35.46,41.58,2.21
1235,70.08,73.9,69.55,9.24,48.11,55.02,21.4
1236,89.6,83.76,44.68,1.28,26.17,60.15,17.94
1237,86.13,55.52,66.09,3.37,68.81,62.66,19.79
1238,79.87,56.68,68.6,2.24,45.46,73.48,23.39
1239,80.31,64.59,62.1,8.48,66.57,98.26,3.65
1240,66.35,84.32,67.45,5.42,61.83,77.54,30.93
1241,89.46,63.92,75.03,7.21,46.93,45.78,23.67
1242,86.73,52.13,83.82,4.27,20.19,38.3,8.62
1243,98.89,68.6,43.73,3.83,26.6,80.06,8.85
1244,82.56,82.87,92.9,3.84,56.27,34.09,38.76
1245,91.97,74.7,44.74,4.33,93.95,38.35,5.38
1246,68.26,60.08,54.24,6.1,84.57,53.34,18.42
1247,90.81,52.83,48.24,8.93,89.7,95.98,2.27
1248,85.24,58.22,86.13,6.51,39.63,89.24,32.96
1249,97.51,99.27,76.61,2.92,46.65,84.03,33.93
1250,76.16,84.23,95.62,1.87,62.44,39.84,29.3
1251,93.77,57.45,89.22,9.72,74.32,84.8,13.09
1252,95.99,73.3,77.17,9.27,37.43,33.6,33.08
1253,92.3,56.22,95.42,2.36,39.77,33.82,15.55
1254,69.08,88.45,75.87,9.76,37.53,45.37,32.47
1255,94.37,94.46,61.22,8.89,91.42,50.1,6.29
1256,86.59,56.21,89.61,8.87,63.07,97.84,14.84
1257,64.69,82.08,49.77,6.65,79.58,70.53,3.55
1258,72.5,84.39,50.4,1.88,66.22,70.07,20.53
1259,98.77,93.11,95.03,2.01,85.38,78.87,7.92
1260,79.76,78.47,75.5,1.75,75.19,77.11,25.93
1261,80.23,54.56,53.08,9.32,90.74,36.0,22.49
1262,99.9,75.27,56.34,9.45,32.29,71.91,24.79
1263,78.89,53.21,43.74,3.18,81.16,76.37,8.47
1264,98.32,64.46,52.09,7.94,69.6,83.58,8.06
1265,67.46,93.56,90.53,8.19,70.14,75.72,38.2
1266,84.6,95.15,77.64,7.23,73.34,38.39,21.71
1267,68.86,73.98,75.61,9.24,51.99,37.06,2.19
1268,93.0,82.24,42.17,9.05,74.35,95.81,11.9
1269,85.33,94.65,47.37,6.83,35.77,39.66,25.24
1270,98.63,63.65,99.51,1.3,59.33,70.7,8.81
1271,76.85,51.51,98.31,6.01,76.6,30.91,11.32
1272,68.14,65.06,55.27,6.75,88.36,90.55,28.72
1273,62.11,53.05,98.66,4.75,64.86,70.48,12.24
1274,93.91,60.13,89.4,7.1,86.55,60.45,25.91
1275,90.24,72.33,64.34,3.45,55.42,53.37,28.19
1276,76.1,91.79,84.88,4.7,90.27,66.22,30.55
1277,67.4,97.66,96.37,2.21,58.28,60.67,19.24
1278,60.8,89.12,45.17,6.3,38.52,32.04,18.59
1279,74.2,73.07,57.72,3.88,78.11,41.87,39.75
1280,68.86,79.83,68.63,5.01,52.47,45.76,7.46
1281,87.12,50.91,41.75,1.88,67.99,43.44,16.77
1282,64.39,55.12,90.08,6.11,61.68,36.99,21.37
1283,91.42,60.47,92.6,8.02,58.04,55.3,8.58
1284,74.58,98.7,78.64,5.84,93.5,99.38,31.98
1285,93.98,59.39,64.54,1.1,53.21,75.32,38.74
1286,77.95,55.92,71.69,4.67,25.94,44.19,31.22
1287,89.9,96.75,64.05,2.19,53.22,78.9,25.98
1288,82.46,56.17,61.33,7.08,88.1,39.08,11.72
1289,74.07,84.51,96.9,3.6,39.93,77.06,23.8
1290,67.75,67.24,54.29,5.21,21.84,55.1,5.38
1291,77.39,91.81,75.36,6.24,61.45,37.13,39.04
1292,87.85,75.05,43.0,8.02,36.69,39.24,8.93
1293,89.69,78.41,87.3,8.97,85.26,58.59,5.58
1294,61.92,63.36,70.85,7.23,51.26,82.51,16.85
1295,71.72,77.35,92.66,4.45,46.83,54.88,35.32
1296,94.28,90.36,91.65,8.83,66.66,73.73,23.19
1297,70.13,82.71,75.86,8.29,32.81,76.06,20.99
1298,78.66,91.68,65.53,5.69,94.95,99.65,37.01
1299,66.25,85.05,86.46,4.36,43.64,67.4,34.29
1300,79.74,73.32,78.94,4.5,75.63,68.95,16.47
1301,85.93,58.52,76.34,3.55,24.25,30.45,21.09
1302,90.44,79.92,52.86,9.7,47.52,58.08,29.44
1303,80.3,95.97,74.82,7.57,31.96,31.72,6.12
1304,88.23,62.15,59.98,4.09,63.57,82.63,9.98
1305,99.09,95.95,89.48,5.04,34.36,82.57,24.99
1306,92.98,64.87,44.38,9.98,21.87,58.96,21.55
1307,99.24,54.89,75.12,3.23,26.46,83.94,8.86
1308,89.34,73.29,71.57,5.49,28.48,41.27,0.35
1309,85.47,69.39,59.61,8.66,58.25,41.49,21.15
1310,89.69,75.21,51.14,4.3,55.33,51.07,23.87
1311,67.9,91.9,66.22,5.55,61.62,91.14,31.91
1312,63.78,92.82,96.9,3.8,38.94,82.7,11.23
1313,88.78,75.43,96.04,9.19,69.11,42.74,24.16
1314,81.27,64.09,50.83,3.66,48.49,99.28,27.93
1315,75.72,98.76,54.93,1.3,87.76,54.44,22.68
1316,98.14,63.28,63.64,1.52,91.32,99.91,34.06
1317,87.96,73.55,65.02,2.74,63.66,42.35,25.05
1318,96.91,55.27,75.66,4.71,52.67,94.93,2.32
1319,78.59,64.54,82.25,5.6,20.16,96.29,26.68
1320,64.12,63.35,43.21,7.93,89.54,59.75,27.95
1321,62.29,88.53,64.4,9.74,87.36,60.65,25.12
1322,98.02,71.24,53.86,5.31,53.28,63.33,28.92
1323,82.64,56.91,58.68,4.28,83.51,73.77,9.54
1324,80.46,94.87,95.69,8.17,92.32,65.34,39.84
1325,72.62,71.8,56.79,7.84,74.21,84.05,14.94
1326,93.97,98.71,45.27,9.4,24.57,32.16,11.45
1327,75.77,70.86,41.9,7.5,87.47,37.85,26.29
1328,74.6,97.81,43.03,7.04,50.61,87.22,35.11
1329,97.92,53.96,88.72,6.42,67.7,51.81,1.82
1330,65.95,95.77,49.29,1.3,65.2,48.23,15.65
1331,67.42,65.18,74.81,5.1,93.51,74.21,7.58
1332,82.83,62.1,46.84,2.21,36.8,33.14,9.06
1333,64.79,53.9,59.76,5.06,31.99,50.26,10.21
1334,67.19,52.93,86.87,5.29,87.12,37.47,4.11
1335,96.52,97.48,84.34,2.76,37.53,63.72,36.29
1336,77.15,64.09,69.4,3.24,21.44,52.41,5.35
1337,72.4,62.49,76.34,6.37,36.23,84.27,26.27
1338,90.0,85.23,56.63,1.51,61.88,74.28,5.82
1339,95.96,61.93,64.44,1.93,50.64,33.95,32.64
1340,90.41,75.72,55.42,1.62,88.77,67.02,27.23
1341,87.55,97.04,66.62,8.64,58.69,37.94,21.63
1342,61.74,62.41,82.33,1.1,44.97,70.11,16.62
1343,69.97,50.08,63.08,6.66,51.11,75.57,17.64
1344,99.44,64.43,61.88,1.76,47.05,38.61,23.54
1345,73.63,70.78,53.14,1.19,63.15,80.54,8.32
1346,87.7,68.81,65.65,6.01,48.19,75.84,6.52
1347,60.85,79.45,83.47,3.65,45.43,54.13,30.62
1348,88.39,93.28,55.85,9.82,71.09,69.17,37.81
1349,60.72,71.01,92.49,2.41,64.91,47.32,8.5
1350,99.97,68.49,89.41,2.56,32.92,95.6,33.54
1351,63.43,88.6,40.98,1.18,68.76,76.92,27.74
1352,63.52,98.02,67.9,2.15,81.31,64.79,22.16
1353,93.79,57.89,96.21,7.78,57.72,70.68,31.05
1354,70.79,64.02,40.26,6.91,54.35,80.71,37.66
1355,98.01,90.05,49.08,6.73,49.88,74.85,14.21
1356,70.71,57.9,75.86,4.27,71.11,41.59,26.71
1357,88.98,77.92,98.55,4.14,26.69,41.95,23.18
1358,70.27,73.03,95.06,9.59,27.66,32.67,2.37
1359,64.11,93.29,76.68,9.77,90.71,72.12,15.98
1360,94.16,52.35,62.41,3.4,42.27,67.6,14.82
1361,94.68,68.71,45.16,4.8,54.06,71.72,23.18
1362,77.28,74.05,67.62,9.65,66.19,67.17,28.07
1363,69.14,64.53,88.85,2.46,37.02,34.81,12.51
1364,87.42,95.63,44.04,1.97,42.22,99.57,12.68
1365,73.28,75.87,69.33,4.35,56.43,95.93,37.47
1366,74.19,89.45,73.86,8.16,57.02,36.59,18.74
1367,66.3,58.54,45.13,1.63,85.52,61.69,20.59
1368,85.2,66.91,96.12,3.08,20.33,78.42,16.06
1369,92.04,73.99,81.24,8.5,74.05,46.27,15.11
1370,70.43,97.87,70.02,6.81,93.62,32.89,18.15
1371,83.24,85.98,52.62,4.32,94.35,93.42,17.77
1372,99.42,83.97,69.72,9.28,91.47,80.56,39.86
1373,80.88,50.42,63.85,6.07,84.61,90.43,37.04
1374,73.18,54.48,44.11,8.83,72.91,55.22,33.61
1375,83.18,98.96,93.94,3.87,94.27,31.92,32.86
1376,95.69,94.45,69.54,4.29,79.56,90.18,20.14
1377,94.82,94.64,50.24,3.05,54.91,99.11,38.41
1378,83.22,95.04,70.87,7.48,59.77,97.75,34.35
1379,60.48,50.61,92.62,1.62,40.28,70.33,24.3
1380,76.6,78.46,46.43,2.88,28.64,81.19,29.75
1381,96.18,67.9,75.36,8.15,91.22,74.49,7.53
1382,84.98,88.73,65.87,6.32,64.03,74.16,25.17
1383,76.66,86.37,83.18,5.98,86.2,48.07,22.19
1384,94.59,68.77,89.47,3.3,64.58,64.05,31.16
1385,86.74,61.71,80.04,1.39,75.21,59.35,4.74
1386,89.23,84.95,40.91,6.38,33.76,67.14,2.67
1387,99.02,84.53,69.84,3.82,37.2,35.86,10.33
1388,80.74,84.16,42.17,7.95,31.73,86.92,26.1
1389,74.56,85.88,40.04,5.13,41.8,53.37,30.2
1390,66.82,69.44,71.99,3.14,45.61,44.05,5.96
1391,99.11,76.29,42.4,1.03,79.46,42.21,35.82
1392,76.9,72.42,59.44,1.48,25.84,92.45,34.33
1393,100.0,75.25,56.03,8.29,42.97,50.59,11.31
1394,78.6,60.48,43.99,4.04,80.55,42.53,14.38
1395,69.99,52.26,75.6,2.6,87.18,64.83,6.13
1396,92.35,77.69,46.43,8.27,33.56,47.69,7.96
1397,70.81,73.1,95.75,4.94,93.54,69.12,29.74
1398,91.92,52.21,57.97,7.86,58.55,60.81,4.51
1399,67.38,75.03,84.83,1.93,51.63,49.33,9.82
1400,66.99,77.36,52.79,5.7,39.02,76.29,27.18
1401,60.7,97.62,65.32,6.68,28.46,63.22,31.78
1402,76.24,54.81,61.58,6.76,58.29,66.32,34.12
1403,63.01,51.58,66.24,6.43,43.24,46.61,36.36
1404,95.59,93.03,40.89,8.68,67.4,49.63,31.91
1405,64.79,59.18,96.3,8.92,68.63,66.97,14.45
1406,86.18,90.05,93.45,8.25,66.92,54.07,17.92
1407,91.01,83.05,57.74,9.81,65.6,63.32,12.19
1408,69.18,50.44,69.46,8.42,58.48,52.81,12.03
1409,78.12,51.76,95.63,7.05,64.38,96.47,38.65
1410,66.55,53.47,40.5,9.34,65.32,43.83,16.15
1411,84.02,61.16,91.08,4.43,80.95,97.07,31.5
1412,76.64,50.95,43.89,9.56,72.41,68.2,15.87
1413,62.56,60.05,45.39,9.1,51.9,69.01,39.85
1414,72.98,98.42,88.89,7.26,33.39,50.29,33.5
1415,85.98,97.16,83.4,9.49,27.01,79.19,23.35
1416,77.38,64.17,70.68,6.15,43.35,81.02,9.08
1417,77.98,68.94,70.68,4.98,43.78,97.15,10.75
1418,80.03,95.7,47.9,8.98,30.64,82.39,36.62
1419,77.06,81.75,59.66,5.29,63.15,94.09,36.57
1420,61.15,73.88,80.14,8.72,36.06,52.65,18.05
1421,87.72,64.05,61.73,5.41,67.57,68.31,36.01
1422,89.19,81.71,78.63,7.0,87.99,91.08,26.28
1423,90.09,65.5,50.52,8.42,27.77,77.7,11.45
1424,77.69,52.25,70.6,3.02,68.29,48.22,35.65
1425,90.13,60.11,49.86,3.26,70.05,58.11,33.0
1426,72.41,62.55,42.05,7.78,49.1,74.36,17.63
1427,97.29,64.85,88.32,6.74,35.99,77.92,17.13
1428,63.55,90.71,94.52,4.91,78.76,38.42,13.04
1429,72.47,65.61,50.5,1.33,55.87,62.63,13.21
1430,68.32,99.13,60.84,7.1,51.57,36.18,35.12
1431,83.65,91.71,88.5,4.38,65.65,74.61,28.91
1432,91.38,90.65,52.64,6.36,37.67,98.95,7.09
1433,68.22,61.41,48.44,8.52,88.67,88.19,35.12
1434,74.38,51.62,54.48,6.51,87.08,31.93,38.09
1435,90.59,76.23,79.52,3.02,50.89,35.68,21.51
1436,98.74,88.13,59.43,6.22,66.04,65.48,25.07
1437,99.61,50.67,86.68,1.2,93.59,84.49,24.64
1438,69.15,52.62,83.62,3.7,29.55,67.2,23.23
1439,72.77,87.39,45.25,2.3,72.92,42.63,14.48
1440,75.99,57.03,45.99,6.6,75.46,60.88,9.37
1441,80.92,52.82,53.41,9.46,59.32,43.95,7.17
1442,77.25,83.67,97.77,1.11,79.83,42.92,31.12
1443,63.52,59.9,92.4,4.98,44.45,89.95,2.43
1444,62.49,94.1,72.31,8.53,64.52,64.98,33.67
1445,78.99,83.19,81.47,8.36,73.22,54.9,26.76
1446,98.04,57.19,66.16,7.18,54.16,55.71,31.25
1447,71.48,66.38,72.02,1.96,24.3,90.77,33.45
1448,96.59,67.92,46.84,2.61,64.9,44.68,21.7
1449,68.45,78.23,55.97,7.72,22.48,32.53,38.68
1450,87.2,52.01,70.97,7.47,74.32,87.81,33.15
1451,97.81,94.64,97.96,9.52,49.55,89.82,31.07
1452,89.92,84.2,76.96,3.69,71.74,91.87,2.94
1453,95.04,67.24,60.27,4.11,46.74,48.6,32.16
1454,86.75,72.38,49.31,8.56,44.77,56.82,17.76
1455,99.9,70.31,50.41,9.4,87.79,76.65,16.94
1456,60.65,66.78,78.34,2.43,81.69,37.36,35.54
1457,78.57,95.58,51.72,5.09,79.02,69.63,22.15
1458,63.73,85.3,86.11,1.72,62.33,41.53,18.06
1459,98.22,99.6,70.98,7.29,63.09,67.99,10.09
1460,81.07,60.46,91.92,7.79,81.4,78.0,33.66
1461,86.81,67.62,75.34,2.53,62.21,52.62,21.34
1462,85.51,84.7,80.57,9.51,45.29,42.07,16.82
1463,79.73,81.04,86.46,8.05,91.53,64.15,25.69
1464,61.82,56.31,41.27,1.13,94.76,98.44,38.44
1465,87.08,58.46,50.25,8.3,76.16,93.04,19.93
1466,76.03,52.15,83.25,6.57,82.58,44.56,30.34
1467,87.73,84.26,94.26,2.35,39.19,95.61,23.46
1468,88.05,77.8,53.53,6.46,86.38,53.06,38.35
1469,63.27,80.3,53.34,6.18,51.17,43.48,19.47
1470,88.96,64.08,67.22,3.15,23.51,40.64,3.46
1471,63.61,90.79,75.06,6.08,50.71,79.95,10.35
1472,74.83,82.42,43.75,3.82,86.57,53.54,39.44
1473,72.51,78.91,57.44,3.94,72.06,76.1,16.29
1474,79.28,74.1,68.94,6.27,84.1,81.13,6.66
1475,94.28,93.48,94.22,4.12,89.34,48.66,27.75
1476,82.34,65.66,56.95,8.31,85.33,33.44,1.86
1477,82.65,61.58,73.19,4.41,66.07,77.67,9.22
1478,89.42,60.83,83.1,7.24,52.67,48.22,34.44
1479,60.11,99.64,74.28,5.9,66.02,84.48,10.43
1480,86.32,91.11,57.68,3.09,49.02,59.84,6.99
1481,88.58,54.61,92.0,5.61,80.4,48.27,26.13
1482,75.92,54.29,47.5,2.53,22.87,85.54,1.36
1483,78.49,64.16,63.89,7.32,61.94,61.18,22.63
1484,95.72,87.09,94.2,1.94,44.92,57.27,27.88
1485,91.82,89.94,62.92,5.49,68.78,43.5,23.15
1486,65.81,77.3,66.97,2.86,78.83,51.36,1.97
1487,66.54,89.43,61.35,9.8,25.2,94.71,14.19
1488,90.8,69.09,97.84,1.33,73.2,60.84,38.85
1489,75.06,74.35,65.15,8.39,32.54,41.58,26.36
1490,77.73,71.72,52.42,9.05,66.82,72.57,13.44
1491,65.24,55.49,71.82,9.29,53.39,64.1,24.73
1492,68.02,54.1,94.13,6.93,75.67,93.09,15.74
1493,67.02,92.08,74.11,7.88,40.94,76.63,4.48
1494,70.57,90.96,68.31,4.33,85.81,76.24,23.95
1495,86.97,60.69,71.88,5.63,38.59,81.38,38.65
1496,63.79,50.29,95.54,5.33,67.06,41.62,33.88
1497,60.4,60.26,88.17,8.95,20.24,94.02,30.58
1498,68.32,94.8,46.99,9.32,23.66,35.27,30.88
1499,74.23,69.41,81.1,2.05,26.39,90.15,6.98
1500,77.52,66.06,84.05,6.0,88.6,64.61,23.14
1501,83.75,83.73,87.28,8.66,48.49,36.22,32.81
1502,67.2,64.41,61.71,1.02,60.65,83.24,19.72
1503,73.64,57.79,83.94,2.04,21.68,36.17,18.23
1504,72.63,92.18,66.71,5.36,64.83,53.21,27.12
1505,75.79,58.13,54.22,9.49,45.33,55.61,33.14
1506,91.49,92.14,95.31,3.73,79.54,51.01,13.5
1507,89.75,73.25,48.05,4.36,92.75,52.29,10.46
1508,91.61,65.4,94.85,2.53,31.74,81.98,33.59
1509,79.71,91.83,57.77,2.56,45.29,93.13,26.56
1510,92.98,72.79,87.75,6.21,88.74,64.69,8.49
1511,80.25,88.29,50.53,1.91,45.28,67.78,9.92
1512,72.15,71.52,93.65,9.33,46.55,33.25,24.92
1513,64.62,90.53,53.57,5.36,44.79,43.78,37.12
1514,89.61,50.34,55.98,9.86,89.76,93.34,38.24
1515,70.57,52.8,51.72,1.99,78.96,43.85,15.6
1516,96.62,50.23,65.87,5.87,34.91,35.92,1.13
1517,84.65,98.59,51.82,6.25,72.37,75.41,12.18
1518,84.12,74.6,76.61,8.5,73.0,56.0,6.27
1519,72.66,91.93,98.82,9.59,51.72,55.69,27.35
1520,86.0,85.62,96.55,7.89,26.22,68.46,37.15
1521,80.36,84.13,68.31,4.48,61.57,87.62,9.57
1522,78.27,90.71,57.4,6.16,55.62,60.2,12.22
1523,95.2,98.34,61.57,3.07,75.52,80.73,28.2
1524,99.02,56.82,88.43,1.45,61.08,90.9,2.95
1525,78.02,52.06,74.8,4.65,33.2,88.68,0.18
1526,98.12,51.44,81.57,8.21,29.75,70.45,0.01
1527,97.01,54.66,55.84,9.16,78.44,75.17,27.34
1528,63.31,77.34,73.8,2.15,24.26,45.26,39.9
1529,98.31,71.39,52.13,6.46,90.45,67.12,4.69
1530,85.17,69.99,87.95,1.91,88.72,38.65,22.72
1531,82.28,54.2,44.53,5.48,45.35,88.11,12.07
1532,96.24,58.28,57.74,5.2,31.38,42.98,1.84
1533,76.42,77.57,86.88,9.98,47.98,42.49,34.85
1534,94.27,88.9,43.43,8.41,54.33,57.25,14.92
1535,73.62,54.93,87.43,5.3,37.58,83.18,8.52
1536,91.73,88.01,82.64,2.2,53.32,34.98,22.29
1537,98.25,53.74,59.46,5.8,23.96,76.75,36.1
1538,69.82,84.7,99.26,4.29,79.88,66.33,33.57
1539,77.51,61.69,84.78,4.15,34.41,43.51,28.47
1540,84.2,50.12,46.15,8.25,44.47,78.71,35.22
1541,99.11,72.37,41.48,8.39,86.46,57.91,11.83
1542,80.64,83.91,46.96,3.42,39.11,98.66,23.69
1543,61.53,94.7,90.74,4.23,52.22,37.84,12.13
1544,87.01,67.58,93.44,9.83,60.02,37.51,16.14
1545,88.12,50.85,63.21,8.18,79.89,90.32,22.86
1546,65.91,70.4,47.88,9.21,76.24,47.83,9.7
1547,81.9,83.96,92.62,1.41,56.19,31.97,10.4
1548,67.36,80.22,40.48,5.81,32.69,78.72,30.51
1549,96.86,93.0,54.63,2.47,34.38,99.8,8.48
1550,72.79,98.03,86.26,1.67,52.59,37.37,4.83
1551,84.81,88.0,60.83,9.19,55.08,82.63,39.16
1552,88.8,61.04,92.76,2.23,32.88,93.22,15.07
1553,73.83,87.76,75.4,9.55,80.76,49.94,32.66
1554,83.02,69.33,56.53,1.09,43.6,68.69,4.14
1555,89.74,96.91,68.11,2.09,90.5,99.75,34.66
1556,80.0,85.83,51.02,7.42,82.38,61.41,18.82
1557,81.81,71.02,58.58,6.26,84.24,67.38,30.46
1558,79.63,91.94,57.56,4.01,80.98,86.84,27.89
1559,92.09,67.81,82.12,5.65,58.53,74.4,1.29
1560,90.56,94.02,60.26,9.14,44.29,95.25,12.03
1561,89.06,87.57,94.97,3.55,87.79,36.69,17.44
1562,66.1,53.53,41.27,1.9,47.94,88.38,29.43
1563,76.33,76.58,61.3,6.34,35.32,94.2,32.16
1564,90.59,95.17,74.22,2.56,45.3,38.56,7.07
1565,70.08,83.37,56.59,7.46,50.41,95.38,28.09
1566,64.76,50.62,95.75,5.41,52.22,90.43,20.08
1567,92.39,71.37,49.13,4.88,72.6,33.24,10.05
1568,69.82,77.04,72.37,4.29,87.77,78.71,37.41
1569,98.19,80.57,67.28,5.13,86.16,64.83,25.17
1570,94.9,53.77,69.57,3.94,91.88,43.86,9.18
1571,90.01,51.9,66.89,2.96,66.46,63.91,10.58
1572,85.55,96.68,71.26,3.61,56.16,54.36,38.5
1573,73.16,75.7,76.17,8.77,55.91,31.71,16.4
1574,80.06,70.85,91.33,6.0,45.1,97.26,5.73
1575,76.03,83.68,92.43,1.37,91.94,97.17,36.15
1576,79.51,59.82,94.19,8.45,67.58,78.22,35.36
1577,75.89,90.09,58.37,5.38,31.83,96.15,5.06
1578,81.98,63.71,61.05,5.04,42.72,36.8,39.66
1579,97.75,60.2,93.63,4.78,56.21,94.0,39.76
1580,84.88,90.31,82.1,4.43,56.43,70.01,35.09
1581,65.12,77.8,79.46,8.41,64.84,43.43,13.64
1582,61.73,92.31,45.52,7.03,66.55,71.3,23.9
1583,73.88,62.18,63.9,3.29,79.89,56.45,38.95
1584,96.13,59.27,97.75,8.98,53.39,41.24,10.67
1585,60.01,71.57,85.9,8.2,28.34,80.21,26.22
1586,92.29,86.5,71.06,3.0,27.67,87.9,2.41
1587,97.65,83.49,58.24,1.56,57.85,56.61,15.65
1588,60.25,52.21,97.41,1.4,61.05,71.32,16.8
1589,81.85,50.81,87.62,4.1,48.95,96.98,2.91
1590,61.88,71.99,95.17,9.37,90.41,66.46,24.3
1591,93.19,88.95,90.98,3.27,81.03,31.63,36.64
1592,97.38,61.03,86.57,2.03,59.6,97.3,6.36
1593,60.6,80.37,63.81,4.81,85.67,73.7,15.02
1594,94.13,84.77,40.04,6.57,68.24,79.72,26.37
1595,92.23,52.66,73.71,8.53,42.52,53.28,27.65
1596,74.31,62.99,61.36,1.83,51.05,79.92,12.29
1597,87.82,90.46,79.32,3.02,85.79,34.62,31.81
1598,68.97,62.2,93.41,1.32,65.96,93.92,16.11
1599,90.31,62.28,49.4,6.84,84.67,76.41,23.16
1600,66.87,56.65,41.91,1.05,92.4,88.52,24.42
1601,62.26,61.47,72.91,2.99,33.59,62.06,16.57
1602,86.99,55.5,94.72,7.11,54.03,95.26,16.38
1603,81.58,81.62,48.83,7.02,59.53,81.14,5.78
1604,83.85,97.27,40.46,7.73,31.96,62.64,31.39
1605,95.35,65.26,96.75,1.16,76.88,61.56,16.35
1606,86.44,60.07,81.08,3.62,34.85,37.53,23.67
1607,75.89,80.69,59.62,3.99,49.54,84.71,30.52
1608,80.49,56.23,68.76,9.96,35.71,97.42,18.45
1609,76.44,89.67,58.03,9.94,82.27,94.11,7.55
1610,60.77,70.08,85.17,4.85,51.67,48.95,2.22
1611,85.61,90.02,72.55,9.1,35.28,83.44,35.13
1612,74.91,77.21,63.74,2.05,31.6,85.89,30.84
1613,85.72,81.82,81.24,1.27,32.46,55.01,39.45
1614,74.17,63.74,66.01,4.92,75.78,38.11,26.36
1615,88.02,71.14,65.14,2.42,34.93,54.24,25.51
1616,97.95,68.31,62.27,8.48,64.46,49.22,23.5
1617,89.81,82.83,98.94,3.76,82.38,86.63,34.77
1618,92.79,92.05,67.5,5.63,65.53,73.0,13.43
1619,95.27,63.3,85.52,9.27,76.99,62.59,27.01
1620,96.92,65.83,77.68,6.37,25.68,56.06,21.29
1621,78.81,94.89,40.69,5.94,43.97,62.16,3.2
1622,78.62,54.75,65.96,7.2,30.32,46.95,28.97
1623,86.17,72.62,97.98,3.58,21.76,31.07,23.32
1624,70.74,79.97,75.95,9.51,75.53,94.67,35.48
1625,64.6,70.38,83.46,4.97,82.1,90.41,17.34
1626,73.59,81.4,86.78,2.84,51.77,52.07,25.2
1627,92.67,69.06,97.8,9.16,90.4,66.51,6.33
1628,91.44,98.56,87.05,9.74,26.09,59.4,17.97
1629,98.16,58.14,90.69,8.58,32.46,78.09,32.8
1630,84.84,60.5,54.94,4.56,79.76,71.49,0.58
1631,71.0,71.72,76.97,1.49,59.69,89.86,11.51
1632,80.24,61.77,64.47,3.68,20.33,94.81,26.79
1633,98.63,60.55,62.64,8.93,43.68,43.27,30.24
1634,80.23,55.36,85.64,5.8,33.61,39.11,20.36
1635,88.13,87.88,47.02,5.23,38.57,52.79,10.44
1636,73.24,83.67,90.4,3.96,89.02,92.7,17.36
1637,68.86,72.7,82.86,2.13,91.91,65.3,20.68
1638,96.69,74.14,45.39,9.21,73.68,89.41,19.96
1639,93.27,76.88,53.01,7.97,21.34,96.58,18.41
1640,89.82,61.72,83.05,7.41,78.05,56.67,18.59
1641,71.3,68.78,51.37,5.71,51.32,36.68,27.17
1642,97.59,63.91,93.18,3.04,43.12,58.28,24.4
1643,86.26,80.4,62.41,9.04,35.24,65.25,30.63
1644,75.5,55.27,57.1,5.44,87.92,80.05,32.26
1645,76.21,78.19,92.19,8.48,79.92,79.08,14.71
1646,87.9,63.01,58.44,6.23,70.17,51.49,16.83
1647,88.03,77.29,51.62,4.5,70.09,68.86,10.55
1648,70.67,72.31,68.65,8.21,64.21,79.82,20.17
1649,88.25,54.42,41.88,4.84,36.44,44.66,19.42
1650,64.65,61.11,67.43,6.31,54.75,89.55,20.03
1651,64.1,81.86,65.22,7.09,43.97,35.91,23.88
1652,61.67,91.14,63.17,4.69,46.32,78.48,12.87
1653,79.67,87.29,90.26,6.77,66.23,75.6,32.29
1654,76.82,81.14,82.0,4.61,68.86,95.6,1.43
1655,80.43,72.38,41.09,6.74,53.73,42.1,34.43
1656,75.66,77.25,73.09,2.58,66.22,80.03,4.4
1657,84.59,96.98,73.77,2.86,87.93,53.77,32.4
1658,75.37,62.56,52.2,7.31,53.86,49.61,33.81
1659,75.92,62.98,45.6,3.28,70.13,67.4,38.87
1660,91.55,91.56,61.82,5.43,68.42,34.95,14.46
1661,68.49,71.94,87.07,4.92,75.19,63.24,4.07
1662,80.47,99.58,73.36,6.92,29.52,68.67,38.66
1663,98.63,97.07,79.14,8.08,30.62,86.24,4.48
1664,61.05,77.66,47.9,6.45,83.82,75.18,38.86
1665,77.2,72.39,86.75,7.64,68.18,94.03,11.6
1666,92.92,78.72,73.06,1.46,35.59,72.88,29.97
1667,83.44,93.51,73.71,8.62,63.38,42.84,25.9
1668,88.73,70.45,69.5,3.26,71.91,56.19,9.61
1669,84.29,83.04,95.78,5.03,62.59,93.44,38.96
1670,64.95,96.78,94.22,4.89,89.4,83.65,3.29
1671,83.46,89.41,40.2,7.16,25.65,76.48,38.05
1672,89.09,54.15,83.81,7.96,33.63,89.51,38.5
1673,85.38,70.58,92.77,8.93,46.04,85.12,15.64
1674,82.06,68.52,45.0,4.49,74.97,44.95,7.42
1675,74.43,94.7,93.88,6.14,29.88,72.58,39.79
1676,69.69,89.68,49.99,9.31,26.55,95.74,30.82
1677,83.57,99.7,85.25,4.13,36.81,69.3,5.61
1678,90.77,80.26,86.56,7.99,48.61,85.14,2.77
1679,96.19,72.68,98.36,9.96,55.35,47.8,25.22
1680,63.86,72.43,81.02,6.47,36.08,83.53,26.84
1681,85.94,76.09,96.33,3.59,78.87,94.89,12.35
1682,60.45,51.69,45.46,1.24,74.26,49.69,35.82
1683,79.07,54.02,92.56,2.12,71.81,98.0,20.56
1684,64.45,65.95,97.93,7.02,39.27,92.77,8.77
1685,94.77,79.16,43.66,7.38,87.99,34.53,33.89
1686,90.82,54.55,46.39,3.59,78.66,51.83,23.4
1687,89.57,78.57,94.67,1.87,36.05,94.05,0.45
1688,96.78,59.82,69.9,5.96,33.04,31.97,2.58
1689,77.74,64.6,57.09,4.67,61.28,99.93,39.55
1690,61.73,87.18,57.53,2.39,27.09,76.97,17.8
1691,91.92,64.88,97.54,4.91,28.05,30.65,18.61
1692,94.91,65.1,50.6,9.18,66.98,99.51,39.61
1693,75.48,54.38,56.82,2.25,91.29,45.87,5.48
1694,83.29,71.22,57.76,1.3,36.71,75.22,14.67
1695,97.66,54.91,89.36,9.59,76.31,93.07,2.68
1696,70.33,53.59,47.53,6.61,41.61,85.19,24.36
1697,80.24,98.74,60.1,4.22,41.95,91.97,25.1
1698,71.64,58.22,62.76,2.06,76.77,71.99,36.34
1699,62.69,65.18,80.46,6.38,40.55,31.97,4.69
1700,67.27,90.71,60.95,5.45,71.19,46.08,31.49
1701,91.15,60.99,88.75,2.02,54.89,81.56,34.16
1702,65.59,80.23,52.29,3.65,67.18,51.42,8.45
1703,81.41,90.88,90.11,1.53,41.19,96.62,33.06
1704,85.27,78.36,49.68,3.28,65.03,66.19,17.05
1705,91.01,73.17,69.54,8.38,90.09,73.21,20.1
1706,84.29,51.68,89.57,1.87,91.13,38.01,9.04
1707,76.85,87.13,87.3,4.71,54.39,59.26,12.55
1708,69.39,95.29,79.57,7.6,51.69,49.48,19.91
1709,80.86,68.07,84.38,9.65,74.38,34.45,37.55
1710,97.59,88.15,48.33,7.29,41.1,39.44,12.58
1711,76.91,99.67,78.07,2.37,62.09,75.15,26.47
1712,82.31,85.0,65.43,3.03,47.74,80.3,28.7
1713,83.1,81.34,63.87,1.99,36.32,69.1,37.28
1714,65.82,94.8,42.82,6.62,78.68,59.94,5.91
1715,78.0,60.79,82.7,6.81,45.75,49.44,3.02
1716,70.68,62.04,98.52,2.08,67.26,94.84,12.67
1717,63.56,67.69,41.13,5.14,32.47,64.36,25.76
1718,95.31,75.25,41.96,3.94,84.57,93.46,35.21
1719,64.58,54.79,46.39,2.71,90.63,77.33,30.13
1720,60.81,63.01,46.59,7.9,21.99,53.46,9.31
1721,95.43,58.44,61.48,5.08,70.93,31.36,12.49
1722,68.0,91.77,79.69,8.57,81.32,43.18,34.15
1723,74.48,73.14,84.7,4.37,77.85,30.1,12.26
1724,63.62,55.59,76.36,7.05,72.89,80.64,7.05
1725,70.62,91.77,73.74,5.29,55.07,30.88,32.93
1726,78.26,83.75,48.81,8.5,78.29,87.59,36.53
1727,90.05,54.79,84.24,1.89,34.18,72.76,15.73
1728,74.78,94.36,71.19,9.0,76.14,77.99,18.62
1729,63.36,78.35,51.71,9.49,69.15,78.49,1.93
1730,94.91,95.56,80.22,2.37,91.49,78.1,23.62
1731,67.24,87.17,62.42,3.95,71.87,83.35,10.02
1732,76.7,62.0,78.79,1.83,77.49,33.62,3.18
1733,69.58,87.95,89.57,7.2,35.24,87.05,5.64
1734,89.16,70.71,62.33,8.03,92.42,93.06,13.93
1735,72.38,76.53,64.93,3.65,62.74,58.99,16.05
1736,73.58,65.18,50.35,2.9,35.0,75.93,6.99
1737,63.58,68.23,44.07,9.97,20.4,91.69,1.78
1738,97.87,74.16,91.83,4.02,39.61,84.57,13.87
1739,74.95,92.71,92.53,7.38,84.36,78.28,11.2
1740,87.97,62.26,67.08,9.23,52.84,34.02,36.48
1741,61.85,62.8,78.59,6.78,69.06,45.12,33.2
1742,90.02,96.32,91.38,6.64,46.66,34.39,9.58
1743,98.0,82.39,84.39,1.45,58.92,56.41,38.91
1744,92.11,72.49,50.41,7.68,90.87,56.24,29.63
1745,86.44,84.99,98.62,1.7,22.15,51.05,27.62
1746,61.45,81.68,69.22,9.33,83.48,78.03,3.75
1747,89.01,66.4,88.33,3.24,54.48,77.5,0.55
1748,66.73,58.58,80.61,8.42,74.52,92.92,10.63
1749,69.65,82.84,86.09,2.2,82.49,75.72,25.76
1750,79.36,63.52,40.82,1.55,22.26,55.6,6.02
1751,77.51,87.31,42.7,3.22,33.9,89.99,31.13
1752,85.5,84.7,99.61,7.94,26.53,78.3,31.94
1753,94.86,93.19,51.5,9.84,58.28,51.48,37.07
1754,78.31,85.34,84.53,1.36,70.5,80.52,19.35
1755,78.07,67.86,58.84,5.55,48.29,41.04,9.8
1756,78.71,84.16,88.99,3.54,72.01,95.54,4.49
1757,98.75,72.38,94.09,7.4,47.25,55.12,26.17
1758,83.57,72.31,43.0,5.39,40.08,54.37,12.05
1759,91.91,57.37,83.64,7.78,66.76,38.2,3.66
1760,71.3,89.73,62.0,7.09,78.97,49.77,25.05
1761,67.18,57.41,89.29,6.35,55.82,40.86,20.92
1762,65.38,99.68,92.02,4.55,21.46,33.43,24.16
1763,84.1,97.87,78.42,7.86,46.66,45.63,9.96
1764,94.04,98.16,41.72,1.21,23.33,71.52,15.98
1765,61.2,97.35,54.96,7.51,78.23,78.12,28.06
1766,98.49,86.1,59.47,5.83,36.95,35.06,39.55
1767,68.39,75.79,65.67,6.0,87.16,76.06,25.88
1768,92.48,92.76,85.12,9.91,21.64,37.78,7.3
1769,85.17,90.65,85.96,3.27,44.64,90.78,30.95
1770,96.29,82.74,91.3,4.52,86.98,86.75,6.06
1771,78.7,77.01,83.52,1.86,71.28,32.26,0.77
1772,82.64,88.07,43.76,1.28,78.97,71.48,24.77
1773,98.81,99.85,59.05,2.61,42.94,94.14,10.56
1774,75.85,61.43,50.28,2.83,28.97,71.72,22.78
1775,94.56,99.06,96.44,9.79,38.42,41.96,11.48
1776,92.84,59.23,76.14,7.07,30.59,85.1,6.66
1777,93.99,78.66,52.95,7.16,79.56,40.67,36.34
1778,99.08,94.0,58.01,6.97,43.08,38.82,39.31
1779,89.58,90.56,66.2,8.18,92.22,62.1,37.16
1780,63.0,88.9,49.06,6.01,75.93,43.13,3.61
1781,97.43,65.71,92.55,5.24,62.95,56.62,5.26
1782,69.47,85.88,71.81,6.31,56.74,57.04,24.87
1783,67.22,75.81,62.66,3.76,81.85,35.49,33.59
1784,92.29,72.13,91.41,4.23,60.0,34.41,19.49
1785,96.65,78.71,98.49,8.04,92.14,82.98,14.94
1786,73.06,74.04,70.29,7.44,53.41,42.33,32.08
1787,72.31,73.54,67.41,5.29,46.78,90.12,34.19
1788,75.98,65.79,55.35,6.86,85.39,70.67,9.1
1789,70.16,94.06,70.34,3.59,25.43,91.62,34.62
1790,93.98,55.76,58.4,2.14,24.02,56.24,14.22
1791,93.88,82.37,75.33,3.87,26.28,90.56,16.44
1792,85.9,64.06,51.87,9.79,64.07,79.0,29.44
1793,66.81,76.52,79.53,6.21,94.85,86.21,31.48
1794,92.46,84.3,49.95,8.63,90.88,42.65,33.43
1795,92.7,55.25,94.75,9.34,20.88,90.89,3.94
1796,65.29,62.16,62.93,2.1,29.68,42.44,36.13
1797,86.82,98.88,63.79,8.75,32.44,43.96,11.22
1798,91.49,58.74,93.95,9.88,47.09,52.25,23.63
1799,80.19,95.04,70.94,4.77,55.66,45.03,38.1
1800,75.33,70.35,93.45,2.0,26.19,49.97,37.99
1801,90.39,59.14,69.78,6.39,29.58,72.81,36.03
1802,91.48,68.98,44.93,6.18,72.33,43.99,17.12
1803,83.27,63.05,87.61,8.03,58.03,37.49,39.23
1804,95.52,91.68,58.49,5.41,46.53,96.39,22.19
1805,87.16,74.84,70.16,2.44,67.12,53.03,13.44
1806,74.81,72.82,73.12,2.96,23.82,72.23,14.48
1807,62.78,68.31,66.65,1.83,24.8,36.82,30.56
1808,98.08,90.05,75.08,2.56,94.46,50.34,33.09
1809,82.52,70.31,76.76,6.11,23.35,41.86,18.6
1810,80.73,57.66,96.81,1.11,83.89,80.24,22.4
1811,69.31,74.16,82.02,5.42,72.84,52.49,36.59
1812,91.68,73.31,59.2,1.08,30.6,72.89,3.71
1813,87.92,97.97,62.28,1.3,55.62,87.4,1.01
1814,62.82,78.17,83.04,8.94,46.03,32.82,10.85
1815,98.32,80.73,70.51,3.52,40.89,73.49,19.04
1816,67.72,96.13,75.1,3.34,48.47,53.71,15.15
1817,77.93,62.72,51.92,7.77,20.21,33.56,22.56
1818,87.97,95.1,93.79,9.62,78.33,91.59,35.46
1819,81.23,54.65,49.17,5.63,48.1,42.8,27.12
1820,75.02,69.32,49.44,2.98,67.02,37.42,16.84
1821,67.51,87.33,79.27,4.98,44.17,34.15,39.66
1822,85.14,95.65,62.11,5.38,20.01,55.23,31.88
1823,82.54,77.35,43.64,7.68,62.0,50.08,31.39
1824,91.21,90.26,95.42,9.15,51.16,59.05,18.53
1825,72.54,85.38,42.48,2.9,28.22,92.86,9.68
1826,72.99,64.82,94.44,2.46,20.76,35.06,5.89
1827,92.54,84.36,92.67,9.97,94.77,56.89,13.48
1828,68.37,51.22,63.0,4.97,38.15,83.91,6.15
1829,85.57,60.96,58.91,1.38,44.05,99.12,4.55
1830,84.04,65.71,73.02,5.18,36.32,83.11,29.63
1831,93.44,72.35,56.68,3.08,55.09,51.27,5.03
1832,77.44,60.48,94.12,8.68,67.5,42.58,32.92
1833,79.12,90.74,68.13,6.81,61.79,35.95,4.72
1834,73.2,77.93,78.91,3.06,75.39,99.33,0.51
1835,97.44,71.03,90.19,4.28,85.83,34.23,16.23
1836,82.15,84.22,49.16,2.64,24.99,38.46,35.48
1837,88.74,60.35,61.04,6.5,65.97,75.28,37.29
1838,81.24,97.32,88.82,5.92,78.0,86.05,3.15
1839,64.35,66.9,71.9,6.44,53.06,86.59,18.03
1840,72.54,75.15,94.0,3.55,20.14,99.09,30.93
1841,98.06,66.84,92.74,1.46,23.0,34.19,7.33
1842,76.27,55.55,73.89,5.56,90.51,99.64,9.77
1843,87.49,60.99,64.58,7.64,45.02,93.21,34.33
1844,86.15,89.89,49.44,7.03,24.94,46.96,19.69
1845,78.49,77.8,94.11,4.32,72.94,39.03,7.76
1846,65.83,82.48,88.45,4.55,53.68,63.94,30.38
1847,94.02,88.62,80.72,3.79,48.31,49.31,28.78
1848,72.59,87.73,73.07,7.87,65.81,53.33,24.17
1849,90.29,91.4,74.38,7.13,39.76,46.72,13.77
1850,94.59,85.43,89.13,4.7,31.15,91.08,12.81
1851,78.01,53.89,95.35,6.63,74.94,78.02,28.43
1852,87.19,70.1,62.37,2.39,66.83,70.16,27.25
1853,61.08,85.22,55.98,2.0,63.22,87.23,6.53
1854,92.7,77.44,63.9,8.25,89.39,39.71,26.0
1855,70.37,55.62,77.59,9.26,74.41,70.91,23.9
1856,92.85,86.66,88.87,2.58,43.45,33.33,39.13
1857,97.53,59.51,62.58,8.44,89.63,53.18,11.68
1858,77.59,83.4,56.07,7.96,85.31,98.85,16.76
1859,97.04,65.3,76.06,4.65,46.79,32.9,31.71
1860,96.67,50.76,93.8,2.66,86.99,49.98,31.39
1861,96.36,95.76,81.4,4.89,66.34,45.1,26.14
1862,96.35,68.7,93.33,8.52,35.7,77.03,2.74
1863,93.5,86.98,86.84,2.39,66.07,57.17,33.77
1864,64.87,92.06,52.92,6.94,86.31,30.62,24.13
1865,99.98,81.53,56.38,4.97,23.12,80.04,39.34
1866,93.93,84.99,59.73,9.02,20.59,51.61,0.95
1867,74.63,80.75,68.46,7.08,26.55,90.42,34.58
1868,90.81,56.41,46.29,6.6,93.09,32.88,22.47
1869,98.02,66.39,59.18,6.1,22.0,56.63,1.2
1870,74.05,93.07,52.82,7.93,84.27,30.03,31.23
1871,87.33,93.07,46.55,4.72,70.08,70.88,19.89
1872,90.54,56.19,66.17,2.91,62.58,52.59,27.88
1873,75.22,65.08,96.28,7.23,92.03,79.31,30.11
1874,78.71,60.63,68.57,1.83,78.79,32.77,9.15
1875,64.73,93.13,40.81,3.18,23.05,74.87,25.54
1876,72.44,54.24,42.36,6.7,91.2,88.3,27.9
1877,62.51,57.81,71.73,6.73,49.79,32.16,30.77
1878,99.42,92.95,77.65,7.84,67.5,48.14,16.53
1879,75.32,90.63,61.1,8.81,73.48,41.25,36.53
1880,94.05,89.64,47.66,6.71,91.73,52.73,15.12
1881,71.74,82.22,80.1,2.79,68.32,99.33,23.83
1882,79.3,66.28,98.02,8.34,29.88,52.79,18.83
1883,62.0,66.81,61.01,1.98,46.44,92.01,28.25
1884,93.58,99.41,83.62,3.11,52.93,69.26,3.68
1885,81.94,61.86,60.19,2.24,87.17,36.91,36.71
1886,96.42,73.32,58.39,4.25,29.76,87.4,22.66
1887,98.46,83.17,43.29,1.1,62.48,95.81,0.73
1888,84.63,75.41,81.24,1.15,29.73,50.81,14.15
1889,90.21,56.04,52.16,1.99,26.09,96.88,20.45
1890,76.72,77.2,62.12,8.66,66.32,56.68,36.07
1891,97.54,91.93,57.83,6.13,41.98,54.57,4.18
1892,60.13,65.86,68.12,1.57,20.2,95.55,2.35
1893,79.97,62.48,77.0,6.59,94.42,34.49,9.43
1894,80.23,51.84,98.11,5.06,72.87,75.2,24.53
1895,86.79,68.02,74.46,9.19,31.96,68.84,20.53
1896,79.08,65.69,96.17,5.19,93.87,48.28,35.11
1897,91.07,82.65,89.71,7.52,31.94,98.31,14.05
1898,71.05,59.22,41.96,6.22,88.01,74.61,38.7
1899,89.9,81.01,91.67,3.24,67.58,95.18,28.92
1900,77.38,51.36,40.17,1.07,81.89,52.62,28.66
1901,73.02,87.88,97.04,1.64,63.37,86.8,12.44
1902,96.77,66.58,90.45,5.19,42.49,92.92,21.04
1903,68.86,55.33,93.13,1.39,46.97,71.28,39.22
1904,99.26,72.68,54.39,7.26,40.04,89.17,23.31
1905,65.65,64.4,84.85,7.25,54.14,54.58,10.72
1906,79.76,75.8,53.75,8.25,60.4,89.58,17.46
1907,68.17,64.32,86.21,8.95,66.15,39.73,34.55
1908,87.42,85.82,60.4,1.03,64.52,77.05,24.9
1909,70.39,73.5,40.71,7.08,83.41,86.96,35.49
1910,83.3,55.7,55.23,3.18,75.83,31.3,18.83
1911,79.1,54.85,78.88,6.95,53.24,41.84,27.19
1912,65.69,60.27,62.61,6.31,83.86,37.14,36.63
1913,77.44,97.39,60.31,5.31,54.36,95.52,9.09
1914,83.89,90.43,90.06,8.5,72.74,52.74,38.59
1915,83.86,89.08,48.09,6.67,25.62,81.03,35.93
1916,79.05,63.4,79.62,3.31,73.95,48.26,27.09
1917,86.85,91.18,55.72,4.06,90.67,30.78,10.03
1918,70.74,96.58,59.74,7.61,44.36,82.5,5.49
1919,87.67,84.92,64.78,6.25,25.64,45.02,11.26
1920,80.4,93.15,98.33,6.34,93.56,74.52,13.83
1921,60.07,71.46,98.23,3.57,37.21,32.36,12.25
1922,67.54,94.75,92.72,5.7,82.28,81.16,4.49
1923,64.53,82.34,79.88,8.52,92.19,68.51,29.57
1924,71.82,83.02,98.64,4.44,23.78,62.1,35.06
1925,76.62,97.15,85.53,9.09,91.56,71.26,8.2
1926,68.4,72.14,90.2,3.71,69.7,79.39,1.7
1927,94.37,63.7,76.25,3.3,40.29,32.77,35.2
1928,74.14,86.33,80.43,6.29,82.35,73.29,19.9
1929,66.01,73.4,84.28,7.24,48.5,37.43,5.45
1930,72.03,82.76,42.43,1.74,75.91,66.98,10.32
1931,80.88,97.42,52.23,2.14,43.81,87.42,24.02
1932,95.65,58.66,90.18,9.83,24.27,98.38,8.69
1933,81.98,70.4,77.24,8.36,27.78,49.14,17.74
1934,97.83,83.68,56.46,2.72,77.34,89.79,14.77
1935,98.62,81.26,58.46,9.39,87.19,50.52,14.99
1936,61.14,96.74,47.58,5.23,51.06,83.41,36.92
1937,62.97,72.75,88.19,9.98,41.38,56.79,35.16
1938,72.83,75.34,41.02,3.69,64.47,52.43,3.41
1939,65.65,81.08,90.42,7.31,94.06,73.58,11.64
1940,82.0,83.49,54.5,9.4,50.58,99.65,2.54
1941,68.46,71.13,69.84,4.21,68.56,45.39,9.01
1942,62.39,70.84,84.28,5.1,43.67,72.23,2.43
1943,99.4,54.31,96.2,4.83,64.74,42.02,26.33
1944,99.41,53.28,52.73,5.13,79.5,98.05,17.24
1945,98.15,63.0,88.17,1.01,48.25,41.97,26.38
1946,87.34,77.16,47.99,5.3,36.21,53.03,20.06
1947,93.73,84.84,61.13,3.77,66.6,42.98,0.93
1948,95.51,73.62,93.72,1.39,44.23,31.05,2.93
1949,74.99,74.27,80.74,6.22,70.68,37.53,35.03
1950,97.12,73.57,95.28,1.4,51.01,31.29,5.93
1951,81.79,62.75,44.54,2.59,36.28,77.92,16.97
1952,97.76,57.09,49.06,6.59,72.73,62.39,6.82
1953,86.58,88.17,70.79,1.51,58.47,83.76,35.75
1954,62.39,50.07,49.74,9.85,47.41,88.56,31.36
1955,79.76,71.72,55.64,7.79,53.13,56.58,10.87
1956,80.53,56.63,56.71,1.74,91.45,55.75,13.8
1957,98.51,58.89,60.64,5.41,82.13,61.61,3.93
1958,67.57,79.08,97.05,3.46,76.67,31.47,10.91
1959,82.8,87.19,92.94,6.69,87.52,69.13,4.82
1960,80.5,75.18,58.56,5.21,32.49,75.43,27.13
1961,86.02,55.6,97.12,3.47,61.18,40.67,5.09
1962,97.8,67.1,53.98,7.7,77.44,78.67,15.15
1963,78.83,55.29,55.95,6.46,31.54,48.24,27.48
1964,91.96,82.12,70.71,5.19,58.67,57.3,34.71
1965,80.85,89.29,66.58,6.51,59.17,83.53,24.7
1966,61.28,91.72,41.15,2.38,79.79,66.55,20.96
1967,95.35,98.98,69.21,5.12,78.86,31.99,9.66
1968,70.19,61.1,41.11,4.72,74.14,92.37,5.62
1969,88.11,88.09,93.17,3.49,90.16,59.26,4.99
1970,60.6,71.03,57.22,3.11,27.22,88.61,30.51
1971,95.26,99.99,76.71,5.33,85.97,96.8,19.41
1972,98.8,94.33,75.8,1.32,72.18,34.7,34.06
1973,94.57,99.0,48.89,8.71,38.23,84.89,36.45
1974,96.9,77.36,70.04,4.44,74.46,43.7,24.24
1975,98.1,74.53,63.83,4.23,68.39,53.05,13.3
1976,79.05,84.92,90.56,9.93,24.85,62.66,2.93
1977,84.55,57.76,87.48,9.74,39.28,65.16,34.83
1978,88.45,58.06,47.47,7.09,46.34,58.0,11.23
1979,76.78,74.8,48.51,7.35,33.53,33.28,37.79
1980,73.59,69.85,93.2,8.38,56.21,78.95,12.58
1981,96.74,60.86,78.66,5.15,40.55,30.5,37.23
1982,88.78,55.54,59.78,1.99,28.16,68.5,26.78
1983,86.19,62.14,74.46,6.79,94.66,41.75,32.78
1984,70.88,68.81,99.4,4.77,66.46,45.31,27.52
1985,62.38,94.1,51.32,2.42,35.13,55.64,32.63
1986,84.82,66.6,44.98,6.12,81.69,91.88,38.36
1987,88.45,96.63,43.28,4.8,70.33,46.57,4.97
1988,83.11,64.76,92.24,5.87,62.9,52.7,21.87
1989,72.25,77.8,46.39,5.69,87.02,95.25,22.98
1990,67.15,74.99,91.94,7.46,40.96,47.54,0.29
1991,93.5,55.34,61.02,2.79,29.87,55.49,0.54
1992,63.16,83.38,85.99,8.64,79.09,43.52,5.38
1993,67.02,53.73,83.17,3.32,68.37,34.57,26.89
1994,75.31,74.81,63.7,6.6,30.99,61.41,29.73
1995,74.29,88.82,44.54,4.9,62.26,59.27,0.13
1996,80.84,59.17,41.32,3.16,44.9,60.16,14.53
1997,81.19,95.03,81.98,8.53,40.05,47.33,16.3
1998,76.92,78.14,51.39,3.81,52.51,63.75,11.87
1999,94.24,65.61,52.59,3.33,35.66,93.45,23.72
2000,67.44,57.81,63.34,8.69,45.12,93.66,37.7
2001,89.27,77.13,75.25,1.24,52.38,38.84,2.76
2002,98.12,83.7,47.13,3.97,26.09,34.45,30.12
2003,67.08,86.51,97.7,2.41,20.04,83.87,9.6
2004,61.7,80.18,86.42,3.22,78.25,94.61,19.57
2005,97.96,69.22,48.93,2.74,65.67,75.35,7.69
2006,75.89,90.73,93.91,3.76,82.61,62.34,34.71
2007,78.41,81.03,54.97,1.3,29.77,99.69,0.49
2008,70.41,51.67,85.1,8.71,36.08,33.65,5.07
2009,63.0,89.37,61.64,7.5,94.15,67.63,23.95
2010,64.47,82.05,64.66,4.22,75.25,70.4,3.35
2011,78.76,62.37,85.73,3.12,87.47,50.24,38.93
2012,86.98,96.59,87.85,3.8,70.24,63.42,23.52
2013,76.37,75.28,53.24,1.74,86.76,36.07,11.88
2014,66.81,62.77,82.98,3.7,80.84,80.7,34.97
2015,91.09,89.18,89.9,3.11,83.63,59.7,19.65
2016,89.57,50.92,53.31,9.13,93.38,96.03,2.18
2017,97.89,68.94,72.06,3.32,76.7,72.49,6.18
2018,77.53,90.72,81.08,9.23,86.61,56.48,33.86
2019,67.98,81.54,55.3,9.41,45.4,47.17,24.06
2020,97.96,61.09,66.79,2.18,32.52,56.86,3.73
2021,84.23,60.23,74.2,7.82,91.99,45.64,4.52
2022,71.48,93.59,94.79,4.2,84.34,61.17,36.86
2023,85.2,67.53,99.55,1.37,84.37,38.14,14.56
2024,83.06,71.8,55.29,2.18,77.32,33.73,3.07
2025,81.29,89.35,52.88,8.86,51.22,76.94,7.27
2026,97.17,87.96,71.05,8.25,29.21,58.97,8.19
2027,96.42,96.25,48.67,9.19,78.43,63.34,32.47
2028,80.37,59.13,75.23,5.05,38.71,33.54,30.77
2029,63.29,85.68,50.03,9.36,28.76,44.2,38.8
2030,83.5,63.15,55.92,3.83,37.91,65.82,37.92
2031,80.61,96.79,52.41,1.3,43.98,58.0,14.91
2032,77.6,93.66,87.68,4.42,88.9,88.25,23.52
2033,70.16,95.85,66.01,4.24,85.49,67.47,34.93
2034,99.31,63.24,91.54,3.77,52.6,97.32,16.59
2035,69.42,96.05,91.74,1.3,76.26,67.85,11.71
2036,92.63,69.17,68.64,3.86,91.9,87.31,35.41
2037,72.12,61.03,81.9,4.15,87.44,38.87,13.42
2038,98.1,71.03,88.05,7.3,74.57,49.48,18.2
2039,82.41,53.71,87.16,4.77,45.06,44.93,26.69
2040,60.85,57.47,98.93,7.3,43.39,32.74,23.53
2041,66.87,67.75,46.62,9.22,78.29,43.46,27.01
2042,63.37,81.44,72.46,2.48,91.99,75.26,37.82
2043,70.59,75.79,57.35,8.72,87.3,55.91,12.84
2044,72.02,59.27,62.13,9.14,36.69,31.5,38.31
2045,96.83,62.84,96.44,2.37,68.38,63.09,21.16
2046,84.3,71.92,85.78,5.61,27.05,55.97,37.15
2047,82.84,94.4,90.78,5.52,21.73,65.23,18.96
2048,68.77,54.7,70.29,2.91,61.17,59.87,23.98
2049,89.91,60.57,94.81,8.43,75.93,35.07,33.46
2050,93.35,95.4,49.68,8.24,70.29,39.38,8.34
2051,62.63,64.38,92.39,2.36,88.47,86.95,10.93
2052,63.72,63.09,77.82,2.5,73.68,67.0,24.52
2053,73.1,76.76,95.4,8.36,84.04,51.38,34.68
2054,69.82,94.35,88.61,4.98,26.05,93.74,0.97
2055,94.62,64.35,62.53,4.5,20.1,99.64,9.79
2056,73.81,61.8,74.05,1.5,79.47,60.42,29.93
2057,90.51,58.71,47.24,2.52,35.54,94.91,11.52
2058,66.49,75.43,88.32,1.98,55.01,90.96,26.9
2059,73.62,86.24,85.74,1.95,23.09,35.26,32.74
2060,82.96,50.31,99.33,6.11,65.52,53.06,9.63
2061,82.52,66.03,50.55,9.97,34.42,66.83,11.18
2062,99.05,61.27,68.54,9.13,71.11,91.86,26.22
2063,79.33,55.96,98.13,8.5,46.67,57.49,12.44
2064,72.49,71.75,53.01,5.68,53.05,38.83,14.8
2065,72.7,99.37,79.02,6.18,92.36,67.44,12.42
2066,66.28,94.89,51.37,7.83,80.55,99.45,33.09
2067,70.48,54.32,77.86,4.62,38.77,80.85,1.02
2068,75.18,99.84,56.1,8.08,93.0,69.12,9.54
2069,76.46,58.47,47.77,7.55,61.07,36.02,39.34
2070,97.22,69.08,51.32,5.01,35.6,62.68,20.33
2071,67.88,70.19,50.79,1.47,56.95,47.61,8.83
2072,98.31,50.82,97.66,4.82,73.16,90.79,30.74
2073,94.96,90.0,96.63,8.9,81.34,88.16,20.81
2074,79.59,53.54,81.79,7.89,37.1,91.16,6.62
2075,62.34,80.73,42.25,7.91,29.47,89.45,4.4
2076,80.31,82.25,84.94,1.22,30.17,93.35,22.62
2077,77.69,75.37,85.26,2.56,89.41,34.97,33.08
2078,83.43,85.18,83.77,3.0,51.85,38.35,33.83
2079,67.76,51.7,99.33,9.64,32.63,45.74,15.55
2080,84.52,54.28,47.93,6.44,73.7,63.34,22.29
2081,66.21,57.57,56.43,3.79,67.5,74.01,21.77
2082,77.98,98.41,75.97,6.87,30.96,95.91,8.54
2083,62.9,74.67,90.34,8.79,55.8,37.06,14.77
2084,71.89,88.77,44.94,2.48,20.84,46.81,5.79
2085,70.56,92.14,62.31,3.36,83.12,60.14,36.2
2086,94.87,79.99,88.17,7.59,73.86,52.14,23.56
2087,65.38,62.11,48.97,1.93,52.42,87.91,4.06
2088,66.97,93.97,83.87,2.83,39.03,64.99,1.41
2089,71.95,55.44,83.84,5.7,63.23,55.17,0.66
2090,77.02,51.15,60.39,2.0,75.18,57.29,29.84
2091,86.07,65.76,50.18,3.65,75.47,35.48,5.42
2092,64.15,69.63,77.67,2.4,35.35,83.06,39.81
2093,73.78,88.22,96.37,4.89,28.62,37.65,0.33
2094,78.14,65.03,66.95,7.91,75.4,52.35,0.37
2095,85.13,60.89,91.76,2.3,86.79,65.02,1.78
2096,91.96,61.46,67.74,6.29,72.85,40.56,5.72
2097,65.6,96.19,85.34,3.53,39.14,98.49,17.04
2098,61.15,86.96,89.42,1.13,39.72,93.84,20.27
2099,67.23,53.05,98.31,6.23,82.06,32.77,14.98
2100,70.34,79.17,49.67,4.43,63.32,73.22,39.2
2101,99.68,76.35,79.18,2.45,82.7,33.03,21.06
2102,61.76,97.11,40.5,8.7,65.74,92.78,26.22
2103,89.38,99.17,56.59,7.06,86.1,88.07,3.95
2104,69.03,95.83,64.0,5.31,79.89,34.94,0.16
2105,61.66,99.61,85.06,8.99,88.85,99.63,7.29
2106,75.27,50.86,55.8,4.91,55.65,86.6,0.72
2107,64.21,63.06,91.66,1.87,26.44,90.72,15.2
2108,75.15,90.1,73.91,1.79,80.32,68.95,14.77
2109,70.25,80.28,60.43,7.36,33.56,96.74,34.4
2110,80.09,98.52,81.31,6.66,23.91,57.0,35.98
2111,86.78,93.69,63.58,3.53,47.22,90.47,30.24
2112,72.68,58.89,84.8,3.16,71.21,79.37,38.13
2113,71.96,77.08,89.18,6.59,64.43,42.43,26.52
2114,91.73,68.47,64.31,8.47,47.78,61.96,6.54
2115,88.91,64.7,73.05,3.24,80.9,59.33,7.16
2116,85.47,89.14,43.14,5.9,70.08,52.08,18.31
2117,96.93,71.86,64.24,6.85,49.9,84.91,23.97
2118,95.39,54.12,85.57,7.01,90.12,83.49,8.21
2119,82.1,61.53,51.88,9.52,68.36,47.06,31.52
2120,83.15,54.83,71.71,4.07,64.05,53.67,33.4
2121,70.82,92.53,43.29,8.83,94.72,70.33,3.9
2122,96.31,96.0,64.94,8.48,23.72,38.42,12.3
2123,87.25,64.97,59.6,1.94,37.76,35.61,9.25
2124,88.91,72.58,51.36,2.87,91.97,37.0,33.74
2125,73.38,68.95,51.67,9.32,72.32,65.86,14.29
2126,68.64,71.64,95.82,2.48,57.19,51.78,22.18
2127,90.36,63.22,54.87,1.63,70.62,68.8,12.13
2128,76.42,52.12,55.04,2.22,74.23,93.17,5.38
2129,92.24,56.03,94.41,2.07,77.49,76.26,20.47
2130,74.84,77.26,86.54,3.19,56.66,50.66,12.59
2131,83.54,78.62,56.15,4.55,69.51,31.79,32.87
2132,93.37,64.87,77.83,3.25,29.17,47.25,7.95
2133,70.68,77.63,60.51,2.02,53.37,83.18,18.55
2134,97.17,73.92,57.85,8.9,60.44,31.01,30.91
2135,74.12,86.16,40.85,5.31,47.07,31.64,20.76
2136,99.85,61.11,94.83,9.47,71.76,96.27,20.39
2137,62.16,77.46,85.16,9.41,86.86,39.49,39.93
2138,74.46,95.65,46.07,7.94,58.99,69.35,12.13
2139,87.48,60.64,54.35,9.09,62.77,58.74,1.88
2140,90.54,70.97,64.45,3.66,66.04,46.38,13.74
2141,78.81,88.66,51.78,1.06,27.11,57.52,31.91
2142,67.01,92.79,54.09,8.07,52.51,54.09,6.46
2143,66.13,66.85,49.39,3.16,25.85,98.28,16.02
2144,99.51,74.84,71.6,6.33,72.72,78.49,21.93
2145,92.64,91.85,59.91,2.67,59.1,30.13,1.12
2146,82.22,56.88,80.39,5.82,41.73,80.31,7.26
2147,71.49,55.79,62.74,6.68,60.79,42.78,9.62
2148,98.98,75.02,96.1,6.23,31.13,55.42,21.37
2149,87.8,68.01,78.65,4.39,45.2,72.47,27.4
2150,88.36,95.45,42.03,8.68,57.59,90.99,1.94
2151,89.56,55.24,93.83,1.07,80.28,54.52,30.41
2152,95.97,62.31,66.77,8.53,29.54,69.23,13.43
2153,62.22,83.52,73.3,4.73,35.2,74.17,20.36
2154,60.06,96.69,98.95,7.2,34.63,80.52,7.03
2155,65.79,98.74,99.59,2.28,77.19,46.82,14.91
2156,80.05,72.84,68.84,7.89,59.6,30.15,11.9
2157,60.47,71.83,68.65,8.49,72.47,35.88,33.11
2158,97.28,83.08,97.41,1.25,37.36,44.97,3.06
2159,66.83,64.5,70.83,1.09,91.85,87.7,25.0
2160,73.17,85.82,75.56,7.23,87.98,39.14,30.25
2161,70.85,72.73,83.68,4.33,30.06,48.45,22.87
2162,81.47,73.98,48.94,2.1,91.74,62.51,20.49
2163,89.22,81.4,48.78,6.09,51.98,37.11,34.6
2164,67.28,65.42,64.42,2.13,32.43,75.77,37.74
2165,86.78,60.1,57.64,9.01,68.82,39.56,21.84
2166,90.9,88.76,73.19,7.52,62.74,60.98,7.15
2167,79.28,68.67,60.66,3.84,78.03,39.11,33.11
2168,63.61,75.24,43.33,5.83,79.86,66.19,12.59
2169,88.09,94.21,71.8,4.68,27.59,58.9,2.31
2170,87.79,74.84,70.86,8.95,49.48,73.13,37.99
2171,62.23,65.44,73.57,9.47,20.79,80.13,38.73
2172,62.75,95.52,80.77,9.1,71.89,77.84,12.4
2173,78.77,99.95,56.02,4.35,69.9,54.96,7.28
2174,90.54,68.7,44.97,5.47,81.61,91.0,27.17
2175,88.99,99.75,95.07,4.87,28.48,43.47,31.25
2176,81.87,80.39,80.47,9.36,60.68,97.11,33.62
2177,90.97,65.7,75.04,8.02,41.79,31.32,1.17
2178,93.2,53.09,55.68,7.26,60.2,64.18,30.02
2179,95.1,64.46,72.49,3.61,63.73,92.39,20.2
2180,95.3,80.14,60.13,9.79,75.08,68.53,7.48
2181,94.74,69.18,99.71,2.38,25.56,38.36,28.3
2182,99.62,77.95,52.08,8.78,69.06,35.58,13.61
2183,88.24,75.51,52.12,4.88,30.28,43.75,8.29
2184,92.74,86.89,67.88,5.3,43.77,91.93,37.63
2185,71.73,95.67,76.32,6.32,24.34,50.19,38.51
2186,79.98,54.69,63.83,4.72,47.86,78.73,3.22
2187,63.07,56.09,55.47,3.27,48.6,77.1,9.92
2188,92.16,58.09,73.32,7.84,81.2,95.05,35.69
2189,90.2,96.88,50.63,7.32,82.53,79.96,10.33
2190,87.24,50.13,74.34,7.59,83.23,65.26,28.32
2191,86.59,63.84,58.39,1.52,20.2,71.77,33.34
2192,88.0,91.2,49.82,1.56,56.29,69.12,16.05
2193,84.71,54.26,47.12,6.1,93.26,91.93,22.23
2194,91.84,96.89,49.48,7.79,31.05,95.79,0.08
2195,73.87,67.35,48.0,1.75,55.13,30.16,15.98
2196,75.55,62.1,41.31,8.23,59.29,48.88,1.14
2197,75.55,86.57,58.59,4.14,51.47,90.25,6.61
2198,81.25,69.23,81.65,5.87,69.18,83.58,18.36
2199,72.89,94.91,61.58,1.9,37.82,70.0,15.22
2200,65.75,53.08,51.05,3.01,58.7,91.95,5.14
2201,65.21,89.72,49.98,2.22,49.04,58.48,32.27
2202,95.52,76.02,53.6,9.2,30.24,89.31,31.84
2203,91.71,75.79,57.87,6.4,47.94,73.66,14.22
2204,79.72,92.44,88.2,6.4,88.91,92.45,22.01
2205,66.21,71.97,97.49,8.52,37.37,38.13,10.58
2206,64.8,84.47,56.37,3.0,92.88,59.14,38.96
2207,84.37,97.21,67.09,1.88,61.53,56.89,28.94
2208,99.73,69.83,86.6,7.55,47.9,34.66,37.24
2209,70.59,73.67,87.45,8.19,79.82,38.45,37.37
2210,99.81,65.73,48.41,4.45,66.58,86.06,13.91
2211,71.79,85.06,45.52,5.11,54.43,74.87,0.38
2212,92.79,73.55,48.53,2.19,88.19,78.79,38.37
2213,75.63,87.77,77.98,2.34,88.77,81.7,12.59
2214,87.45,65.75,63.91,4.43,29.27,34.33,25.32
2215,63.51,51.77,49.11,6.44,50.1,44.72,39.48
2216,65.68,68.19,50.32,9.07,34.39,74.83,19.66
2217,84.66,54.41,44.72,7.34,83.65,49.5,11.55
2218,84.31,81.58,98.68,9.26,30.52,74.67,37.54
2219,64.4,88.1,56.37,7.75,78.53,93.77,27.83
2220,83.17,96.08,96.13,4.59,26.9,51.93,28.17
2221,85.57,95.6,72.05,7.64,33.61,59.73,14.62
2222,94.35,97.14,85.8,8.39,59.12,87.12,9.08
2223,95.32,64.39,57.74,7.57,77.83,37.09,38.41
2224,61.83,51.69,75.85,9.41,44.69,93.81,10.54
2225,64.8,85.26,41.21,1.23,63.06,67.21,2.79
2226,74.14,83.83,83.2,7.32,61.25,91.78,19.58
2227,71.43,56.4,44.91,5.73,47.47,30.93,0.37
2228,62.63,70.73,90.24,2.65,92.61,51.46,10.31
2229,61.27,92.69,59.55,4.39,37.78,71.05,5.36
2230,93.08,95.66,71.87,1.05,84.49,96.55,22.26
2231,68.37,63.62,68.06,8.69,45.25,52.39,25.97
2232,87.81,91.87,49.5,2.31,43.86,53.94,31.44
2233,81.7,89.72,46.29,2.88,80.68,64.48,37.59
2234,62.32,86.72,85.94,6.73,27.17,68.05,6.89
2235,77.1,76.68,64.34,8.33,61.91,83.5,38.88
2236,87.97,53.73,99.5,1.57,94.93,59.9,17.66
2237,97.02,50.39,66.17,1.2,53.51,55.68,34.96
2238,76.18,65.24,44.33,8.73,84.68,83.72,10.45
2239,86.06,61.97,45.99,5.83,82.48,82.67,25.82
2240,69.44,90.08,89.95,3.69,90.15,42.92,37.49
2241,87.8,82.28,53.3,9.5,76.83,93.26,32.91
2242,88.9,77.95,65.13,9.19,83.93,80.31,12.57
2243,75.06,81.78,52.11,6.31,49.72,78.28,38.58
2244,63.92,65.25,98.28,3.78,45.49,79.74,2.23
2245,83.15,57.32,64.65,7.53,94.74,85.74,26.81
2246,63.76,68.76,60.8,8.64,47.07,43.19,29.62
2247,89.21,87.45,71.74,1.8,60.22,51.49,12.34
2248,87.63,67.8,64.22,6.14,35.19,69.32,16.71
2249,75.57,88.14,43.53,4.44,23.79,48.44,7.26
2250,97.88,61.13,75.36,9.97,57.47,91.49,7.87
2251,82.21,50.09,41.4,4.81,25.83,84.49,34.24
2252,62.84,56.81,58.72,1.74,65.65,40.4,37.21
2253,64.15,93.14,44.72,6.34,87.91,54.95,13.91
2254,67.39,59.32,68.95,5.34,29.58,49.2,0.88
2255,97.55,90.41,56.55,4.37,82.92,61.0,33.11
2256,66.99,98.41,93.0,2.67,58.07,39.43,32.76
2257,74.8,68.91,63.04,3.03,72.66,88.06,37.65
2258,85.86,96.79,52.4,2.2,52.81,94.97,34.96
2259,71.48,60.06,76.13,2.11,27.35,60.35,9.58
2260,76.41,94.41,46.77,5.66,31.21,98.94,28.89
2261,93.83,79.81,54.95,2.32,25.27,89.43,33.15
2262,68.97,78.24,49.7,8.42,28.66,35.25,22.22
2263,60.94,85.39,87.94,3.39,79.12,48.25,6.5
2264,68.43,57.56,60.39,6.18,52.82,40.8,31.51
2265,63.91,99.91,67.89,3.22,81.88,30.58,35.81
2266,74.72,75.21,48.41,7.91,82.28,44.45,11.87
2267,84.04,96.8,93.28,2.39,32.95,41.82,8.39
2268,78.99,91.28,55.71,3.74,29.2,75.26,38.02
2269,83.67,65.09,68.98,2.02,43.52,94.97,25.98
2270,76.86,87.93,67.81,9.48,27.86,92.3,30.41
2271,79.11,96.56,64.75,1.26,84.04,40.06,31.35
2272,98.15,80.96,86.67,5.68,35.03,66.47,33.26
2273,80.13,88.66,75.88,6.6,23.0,65.83,39.27
2274,65.75,84.7,48.17,7.39,54.57,81.15,25.5
2275,89.98,59.08,48.77,5.51,55.49,60.15,24.1
2276,79.31,86.07,42.05,5.17,67.85,79.32,25.12
2277,65.51,74.51,87.57,7.64,48.12,40.25,7.17
2278,95.95,60.88,91.78,6.13,36.25,91.3,24.93
2279,85.5,74.53,78.49,1.69,33.59,87.72,3.05
2280,91.94,68.59,55.85,8.51,26.66,59.8,15.47
2281,87.91,81.04,53.02,7.31,78.32,69.31,25.44
2282,68.6,72.1,80.53,2.63,92.98,62.67,16.69
2283,86.39,70.83,62.75,7.59,55.16,99.87,35.19
2284,93.43,88.72,49.68,3.71,60.7,98.87,12.09
2285,93.22,99.56,69.71,2.65,24.24,42.28,26.54
2286,87.42,53.73,89.8,4.97,62.38,92.71,28.96
2287,81.76,61.38,98.47,9.53,28.09,32.93,6.83
2288,66.76,66.83,52.82,8.43,53.51,35.93,3.76
2289,89.5,55.27,92.27,5.89,22.61,63.26,12.08
2290,62.32,89.99,79.21,5.06,70.84,30.92,10.23
2291,83.86,99.85,70.35,5.95,34.26,77.75,1.39
2292,76.67,99.75,92.72,3.71,20.66,46.05,8.32
2293,88.42,63.53,61.48,5.86,42.7,64.31,10.77
2294,84.72,93.42,45.96,8.59,42.82,88.53,27.54
2295,65.4,90.23,64.2,4.45,80.98,37.71,33.61
2296,78.32,52.81,78.46,3.81,57.53,46.47,30.71
2297,66.54,79.94,40.86,3.51,37.58,60.05,36.53
2298,94.21,83.41,52.14,5.36,52.07,89.98,31.48
2299,64.14,83.18,72.0,3.5,20.06,67.17,39.58
2300,66.73,97.58,72.16,8.29,30.4,78.72,26.88
2301,67.36,73.22,95.23,2.77,65.44,50.42,20.86
2302,63.2,99.71,99.56,9.24,32.48,45.28,27.64
2303,93.42,69.88,95.76,5.44,40.04,66.19,27.87
2304,70.71,71.61,57.34,2.8,71.14,52.17,27.51
2305,86.29,71.49,88.36,1.75,70.07,55.47,32.92
2306,70.88,78.72,83.41,6.91,28.46,78.12,15.4
2307,70.98,97.24,43.9,2.27,62.57,64.84,17.4
2308,87.74,51.8,64.62,6.39,52.39,94.16,10.84
2309,90.08,61.42,76.14,7.56,77.22,49.15,10.87
2310,93.18,89.63,58.89,6.05,70.03,91.65,6.2
2311,66.05,82.14,72.63,8.53,53.92,39.1,20.76
2312,86.48,69.68,68.87,9.86,36.71,58.48,31.55
2313,93.03,60.08,50.2,5.8,53.94,44.39,6.45
2314,96.48,51.69,99.28,5.67,28.91,84.08,37.44
2315,87.95,73.3,73.75,4.91,31.9,99.09,31.6
2316,69.33,63.61,94.76,1.33,38.41,76.64,7.52
2317,69.46,87.55,76.26,3.45,34.03,49.2,29.56
2318,79.68,99.69,90.76,3.0,65.44,70.29,24.35
2319,79.28,86.17,71.11,3.47,37.96,82.12,5.25
2320,93.56,85.18,40.13,8.53,86.94,37.63,16.71
2321,88.57,77.5,67.19,2.06,48.28,45.1,17.21
2322,70.02,53.82,95.97,1.24,25.77,62.6,35.53
2323,68.24,59.99,41.08,9.92,42.72,32.03,14.93
2324,86.64,92.0,66.85,3.51,92.83,39.02,10.78
2325,76.12,90.26,75.07,4.56,44.05,39.24,19.55
2326,77.27,91.74,66.77,9.09,88.59,32.42,38.26
2327,94.24,91.52,69.17,8.53,65.78,96.39,23.51
2328,82.74,93.38,77.27,7.34,42.67,47.43,3.96
2329,75.87,66.21,73.16,7.8,71.4,30.16,30.67
2330,96.63,76.97,80.63,8.36,33.76,81.2,8.53
2331,73.6,93.79,77.13,5.56,35.38,38.13,5.89
2332,64.5,97.87,98.62,1.07,39.5,64.49,39.23
2333,87.96,82.37,60.23,4.33,75.62,92.13,27.29
2334,80.82,75.47,42.1,1.43,85.77,31.2,36.78
2335,61.47,83.39,64.49,3.56,94.21,64.61,20.81
2336,74.32,95.48,73.62,4.25,82.75,56.19,28.17
2337,98.56,55.44,78.55,7.94,50.08,92.59,39.97
2338,92.96,54.82,70.13,5.51,77.23,38.38,8.39
2339,86.21,79.06,47.51,6.75,21.07,97.89,4.47
2340,82.62,82.84,53.54,9.38,24.82,63.61,1.8
2341,80.44,80.82,47.22,1.21,56.32,61.68,25.05
2342,89.77,58.6,70.28,2.7,32.05,70.85,39.98
2343,98.84,73.49,61.86,7.85,51.19,72.96,2.2
2344,97.98,86.59,82.48,2.03,39.35,74.96,8.47
2345,92.92,74.2,79.62,7.01,57.28,78.64,39.78
2346,85.21,59.47,75.03,1.99,70.22,48.93,1.41
2347,91.54,97.26,86.5,8.78,53.74,97.45,16.86
2348,96.44,50.28,71.14,8.85,91.32,76.61,27.49
2349,61.48,57.04,50.14,6.83,63.8,63.61,35.58
2350,73.55,53.46,82.07,5.15,68.81,61.9,6.88
2351,64.38,57.62,75.26,3.27,31.11,60.22,22.3
2352,78.04,79.93,67.68,7.02,36.54,93.56,9.36
2353,78.76,69.68,60.85,6.1,50.8,36.36,4.46
2354,91.99,82.04,58.13,8.67,26.31,33.6,19.99
2355,86.49,78.9,74.77,3.55,55.77,49.45,34.27
2356,67.56,90.2,76.72,3.15,48.83,57.47,22.31
2357,67.49,62.66,79.65,7.75,77.03,96.35,28.85
2358,79.33,75.49,99.89,3.92,70.95,37.23,24.71
2359,89.69,82.18,47.3,8.19,31.73,78.6,26.72
2360,82.34,86.89,65.44,2.19,84.4,50.68,1.86
2361,79.05,99.84,51.08,7.73,79.04,97.67,30.38
2362,96.28,81.13,71.12,1.23,76.04,54.22,29.04
2363,69.46,87.65,58.57,4.5,61.68,77.11,17.69
2364,71.57,63.73,90.22,9.28,67.72,57.59,20.85
2365,89.31,69.67,41.34,7.1,31.98,87.72,34.73
2366,67.4,92.91,53.29,7.88,92.31,70.95,9.7
2367,92.1,75.37,77.91,8.28,50.57,74.87,3.45
2368,81.68,73.7,73.43,7.2,69.13,71.4,18.1
2369,88.98,56.58,86.9,3.1,42.4,48.44,22.41
2370,82.49,83.37,99.0,7.59,94.48,46.55,23.63
2371,68.93,73.36,80.49,8.59,92.72,75.13,25.83
2372,93.87,83.4,97.01,2.95,70.36,78.28,6.82
2373,98.74,72.74,91.7,3.3,36.47,92.99,15.39
2374,61.49,84.09,57.6,3.2,57.21,47.25,16.26
2375,62.01,69.73,75.15,8.3,85.56,58.72,35.3
2376,69.49,53.33,68.9,9.13,29.74,45.34,19.0
2377,82.14,82.06,97.75,3.04,92.36,44.71,0.55
2378,80.45,93.57,82.84,3.34,90.61,35.51,1.37
2379,67.64,81.22,87.62,6.09,47.27,51.27,35.09
2380,84.61,79.84,50.79,3.41,24.42,62.52,23.41
2381,97.94,97.36,44.07,9.73,93.19,50.54,7.27
2382,95.26,83.53,62.33,4.74,85.15,68.8,6.83
2383,75.59,89.15,68.37,8.92,49.82,58.84,7.77
2384,94.79,56.76,57.8,4.48,92.22,33.26,7.18
2385,81.17,52.59,44.67,3.25,42.46,62.07,15.82
2386,86.95,77.92,40.69,5.93,94.68,57.92,24.94
2387,94.12,71.03,79.95,7.85,89.43,98.97,33.01
2388,87.78,86.32,51.38,7.96,40.43,43.13,6.1
2389,99.37,96.01,44.08,5.56,52.24,45.68,23.95
2390,77.36,66.01,67.45,3.43,88.13,46.75,9.1
2391,96.91,79.38,99.56,6.66,48.63,44.32,18.51
2392,67.22,87.81,91.75,7.22,33.61,76.01,1.37
2393,76.57,95.38,59.47,2.43,67.34,65.59,38.95
2394,69.29,64.88,48.66,7.75,30.26,98.93,32.05
2395,82.46,60.32,57.42,2.84,27.75,73.63,29.03
2396,69.11,67.02,97.19,6.34,22.0,58.15,27.63
2397,78.05,87.73,59.94,5.67,86.38,30.9,37.03
2398,81.73,86.51,81.4,1.39,48.79,37.71,11.26
2399,83.05,77.46,84.44,1.27,42.99,59.42,13.64
2400,95.2,85.1,67.72,5.81,22.21,47.55,25.68
2401,79.45,66.61,53.75,5.56,61.6,47.0,6.72
2402,74.84,89.79,89.44,9.59,66.97,40.15,33.22
2403,96.74,87.37,55.2,1.37,21.02,43.68,32.44
2404,74.93,87.39,81.45,3.35,79.9,95.66,1.16
2405,96.52,96.14,45.45,4.12,33.74,83.28,28.16
2406,88.45,89.27,86.17,3.51,24.27,73.05,23.27
2407,65.77,82.51,66.4,7.21,89.14,60.53,2.57
2408,88.38,52.26,66.81,3.08,55.62,80.11,17.69
2409,80.74,95.88,94.95,2.79,31.92,86.65,26.29
2410,73.98,86.72,81.55,8.07,92.02,33.61,21.02
2411,67.15,91.72,90.09,6.29,68.09,33.02,20.65
2412,82.82,54.02,86.82,1.65,60.91,50.31,29.06
2413,62.67,87.38,68.66,9.22,35.82,64.04,36.89
2414,65.84,96.55,63.45,3.21,35.53,87.13,30.72
2415,84.2,85.52,79.01,5.53,93.27,68.2,39.62
2416,76.41,75.28,70.61,3.95,72.07,46.13,20.84
2417,76.48,64.57,47.35,6.15,33.61,94.87,8.79
2418,61.52,77.5,85.32,9.05,29.78,36.37,17.45
2419,80.48,76.77,92.57,1.2,52.38,53.82,35.34
2420,63.5,88.99,79.59,2.88,80.28,34.66,26.0
2421,78.96,87.25,74.87,6.2,38.72,99.71,12.95
2422,65.56,62.71,87.15,3.55,93.86,89.6,9.19
2423,77.54,89.77,41.67,1.08,45.63,70.24,21.67
2424,70.27,80.96,52.33,2.49,67.35,98.93,28.47
2425,93.74,94.69,67.62,2.97,90.03,83.33,17.2
2426,80.6,91.09,80.97,4.69,24.31,69.13,15.39
2427,80.01,99.64,86.78,6.57,87.45,48.7,26.06
2428,98.96,64.62,76.36,1.06,82.74,90.0,39.67
2429,73.41,93.96,99.13,1.88,89.51,86.9,32.93
2430,97.43,61.84,60.01,6.96,40.2,52.27,39.23
2431,70.85,64.85,97.01,6.36,75.75,43.96,38.57
2432,87.0,70.12,71.89,4.54,80.65,59.72,17.08
2433,98.7,77.2,89.44,5.79,25.66,65.26,30.49
2434,68.04,85.09,79.23,5.57,84.67,87.44,16.65
2435,94.42,82.81,95.2,9.58,45.89,89.26,14.02
2436,92.65,79.76,87.98,7.64,25.12,79.69,11.67
2437,79.77,80.15,42.52,3.68,48.91,93.4,14.63
2438,78.82,65.79,44.26,3.19,47.54,88.52,1.94
2439,70.82,77.6,98.83,2.87,29.53,60.17,26.48
2440,87.4,95.43,82.36,6.11,86.72,39.24,26.15
2441,93.54,71.9,52.62,9.08,72.76,40.98,29.29
2442,92.11,53.52,70.3,8.74,68.28,85.13,27.18
2443,92.8,64.63,84.49,1.89,60.02,30.47,21.03
2444,62.65,81.81,58.56,7.23,70.73,81.38,35.96
2445,70.21,68.37,85.18,7.85,64.33,55.53,0.26
2446,85.83,77.7,42.29,3.96,21.0,36.0,39.92
2447,76.2,78.92,75.68,4.47,42.02,40.54,28.77
2448,60.33,93.87,51.16,1.93,26.75,57.3,1.82
2449,71.69,64.39,55.46,1.87,62.96,39.17,2.7
2450,81.28,99.01,78.14,3.48,62.05,44.68,34.27
2451,64.09,52.88,77.79,5.53,61.94,85.77,4.84
2452,65.73,72.65,51.31,9.67,68.01,61.09,35.8
2453,66.26,57.52,67.14,6.25,62.5,82.11,1.82
2454,93.35,91.04,78.29,3.65,58.21,83.73,3.45
2455,92.82,89.35,61.74,1.53,37.27,81.34,6.53
2456,89.04,60.46,87.03,7.41,32.94,64.59,37.84
2457,75.33,84.83,79.98,5.17,61.73,42.83,33.31
2458,63.89,77.93,86.34,3.18,88.96,93.61,8.83
2459,81.43,62.67,99.38,6.42,38.5,52.61,20.79
2460,67.69,90.16,57.43,5.5,39.7,42.14,0.2
2461,91.66,62.03,89.2,6.51,42.62,46.04,13.05
2462,67.94,65.08,51.89,4.23,23.65,77.15,32.61
2463,64.29,98.98,62.13,7.51,85.53,77.51,17.77
2464,95.85,52.69,97.31,7.61,33.92,46.49,7.71
2465,91.13,50.24,90.24,3.89,24.84,97.51,36.9
2466,85.84,71.97,45.28,2.74,26.28,58.85,1.29
2467,83.79,61.57,61.2,6.06,61.85,72.72,14.16
2468,80.06,92.82,87.73,1.61,28.6,77.99,27.11
2469,69.02,54.72,82.25,8.18,79.29,50.81,27.61
2470,64.67,80.23,62.67,3.83,73.9,92.64,17.59
2471,70.24,74.24,73.0,6.19,76.84,75.47,8.16
2472,65.14,76.19,93.59,4.87,23.43,31.09,37.32
2473,79.04,77.06,64.99,7.52,80.12,56.34,37.21
2474,84.11,56.82,83.31,6.23,62.93,63.51,20.26
2475,94.15,70.87,80.75,4.67,90.03,73.1,30.64
2476,90.93,69.65,56.51,9.56,50.16,33.12,27.61
2477,61.96,79.49,51.63,3.17,87.94,76.07,31.23
2478,75.35,79.79,91.9,5.39,24.26,44.92,5.4
2479,69.14,61.52,54.18,2.07,49.18,95.74,23.98
2480,76.52,62.43,73.26,1.49,26.28,70.68,38.03
2481,76.8,53.88,53.21,5.86,86.65,93.6,24.23
2482,97.21,70.32,71.31,6.05,39.05,78.66,19.87
2483,76.49,90.84,71.28,5.83,87.76,70.91,37.34
2484,80.35,94.81,43.21,2.95,29.91,53.63,6.02
2485,70.67,54.18,40.79,7.7,71.5,85.04,9.54
2486,65.02,81.26,59.94,5.01,48.83,96.91,37.35
2487,79.09,66.9,63.74,5.31,75.96,68.23,5.56
2488,74.02,59.53,44.76,5.51,58.32,52.14,38.85
2489,68.22,66.46,70.73,3.84,46.32,68.72,29.86
2490,80.6,55.59,81.03,4.5,81.74,74.92,37.05
2491,85.68,98.78,56.61,8.15,31.81,44.17,26.07
2492,70.52,65.61,89.11,1.33,88.21,61.61,6.03
2493,65.22,95.18,68.81,7.6,41.77,79.46,24.31
2494,81.07,86.81,98.51,6.71,68.82,47.11,38.64
2495,70.78,91.08,56.61,6.7,80.81,47.46,10.42
2496,95.31,78.85,70.62,3.1,51.72,42.76,6.2
2497,75.92,82.93,93.7,7.64,93.67,64.16,24.38
2498,79.26,68.05,78.65,7.6,88.65,96.06,28.07
2499,73.15,66.55,58.32,4.38,93.37,88.93,32.64
2500,61.01,94.1,50.14,2.21,88.05,82.65,34.29
